qt6/mainthread/callback_lifecycle_test.go
  s_64fea63fed100b::t_ddcf8297c0c148 1-78
.github/workflows/miqt.yml
  s_64fea63fed100b::t_ddcf8297c0c148 51-53
qt/signalconnection.go
  s_64fea63fed100b::t_af2a51f985af38 1-17
cmd/handbindings/binding.go
  s_64fea63fed100b::t_1d3a6e0c8a2e66 42-46
qt/mainthread/mainthread.cpp
  s_64fea63fed100b::t_af2a51f985af38 4,7,11,15-17
qt6/mainthread/mainthread.go
  s_64fea63fed100b::t_af2a51f985af38 5,74,83,85-87
qt/mainthread/callback_lifecycle_test.go
  s_64fea63fed100b::t_aa799712a9df32 1-80
cmd/genbindings/emitcabi.go
  s_64fea63fed100b::t_04aed04f458638 61-70,999-1002
  s_64fea63fed100b::t_f74915a18b81f7 42-44
  s_64fea63fed100b::t_5725eace34e01f 41,45-60,938,963,1003,1049-1052,1139,1151,1169,1418-1421,1423,1479,1485,1557-1560,1562
libmiqt/libmiqt.h
  s_64fea63fed100b::t_5725eace34e01f 5,32-83
README.md
  s_64fea63fed100b::t_36601b878a5e6b 117,119
cmd/genbindings/emitcallback_test.go
  s_64fea63fed100b::t_3b101566407619 1-25,31-61,63-73,75-76,80-81,83-85,88-120,145-147
  s_64fea63fed100b::t_2b39c936831a0e 26-30,77-79,121-144
  s_64fea63fed100b::t_f74915a18b81f7 62,74,82,86-87
qt6/mainthread/mainthread.cpp
  s_64fea63fed100b::t_af2a51f985af38 4,7,11,15-17
qt/mainthread/mainthread.go
  s_64fea63fed100b::t_af2a51f985af38 75,84,86-88
qt/callback_lifecycle_test.go
  s_64fea63fed100b::t_b924ad53612498 68-71
  s_64fea63fed100b::t_3289f298d9b2be 72-76
  s_64fea63fed100b::t_6829714e912407 116,118-136
  s_64fea63fed100b::t_159c426925c3d8 1-13,20-28,30-62,64-67,77-88,90-115,137,139-164,166-188,190-200
  s_64fea63fed100b::t_de1ae914a15694 29
  s_64fea63fed100b::t_4abad9d88dc934 14-19,63,89,117,138,165,189
cmd/genbindings/emitgo.go
  s_64fea63fed100b::t_5725eace34e01f 285-303,814-823,999,1017-1020,1143-1147,1191,1209-1212
  s_64fea63fed100b::t_cb33954b22ec59 995-996,1140-1141,1188
  s_64fea63fed100b::t_f2c6779a9b6832 824
cmd/handbindings/binding.cpp
  s_64fea63fed100b::t_1d3a6e0c8a2e66 5-7,11,37-38
  s_64fea63fed100b::t_8353010cd16c11 36
CHANGELOG.md
  s_64fea63fed100b::t_8d754b003f21bf 3-8
qt6/signalconnection.go
  s_64fea63fed100b::t_af2a51f985af38 1-17
qt6/callback_lifecycle_test.go
  s_64fea63fed100b::t_da4ee7a8cfe216 123-124
  s_64fea63fed100b::t_b924ad53612498 68-71
  s_64fea63fed100b::t_064b3db75bdd69 116-122,125-136
  s_64fea63fed100b::t_ddcf8297c0c148 1-13,20-28,30-62,64-67,77-88,90-115,137,139-164,166-186,188-198
  s_64fea63fed100b::t_4abad9d88dc934 14-19,63,89,138,165,187
  s_64fea63fed100b::t_de1ae914a15694 29
  s_64fea63fed100b::t_3289f298d9b2be 72-76
qt-extras/qwt/gen_qwt_abstract_legend.cpp
  s_64fea63fed100b::t_36150ab069380e 1-2,49,114,118,127,132,136,140,145,149,155,162,166,183,188,192,196,203,207,212,219,223,229,236,240,246,253,257,261,268,272,278,285,289,293,300,304,309,316,320,324,331,335,339,346,350,356,363,367,373,380,384,390,397,401,407,414,418,424,431,435,441,448,452,458,465,469,475,482,486,492,499,503,509,516,520,526,533,537,543,550,554,560,567,571,577,584,588,594,601,605,611,618,622,628,635,639,645,652,656,662,669,673,679,686,690,696,703,707,713,720,724,730,737,741,753,760,764,770,777,781,787,794,798,803,810,814,818,825,829,835,842,846,852,859,863,868,875,879,885,892,896,902,909,913,919,926,930,936,943,947,955,962,966,974,1103,1109,1114,1120,1125,1131,1140,1146,1151,1157,1166,1172,1181,1187,1196,1202,1211,1217,1226,1232,1241,1247,1256,1262,1271,1277,1286,1292,1301,1307,1316,1322,1331,1337,1346,1352,1361,1367,1376,1382,1391,1397,1406,1412,1421,1427,1436,1442,1451,1457,1466,1472,1481,1487,1496,1502,1511,1517,1526,1532,1541,1547,1556,1562,1571,1577,1586,1592,1601,1607,1616,1622,1631,1637,1646,1652,1662,1668,1677,1683,1692,1698,1707,1713,1722,1728,1737,1743,1752,1758,1767,1773,1782,1788,1797,1803,1812,1818,1827,1833,1842,1848
qt-extras/qwt/gen_qwt_abstract_legend.go
  s_64fea63fed100b::t_a1d5927f26ace3 18-22,311-315,339-343,368-372,394-398,436-440,465-469,497-501,527-531,557-561,586-590,618-622,647-651,679-683,708-712,737-741,767-771,797-801,827-831,857-861,887-891,917-921,947-951,977-981,1007-1011,1037-1041,1067-1071,1097-1101,1127-1131,1157-1161,1187-1191,1217-1221,1247-1251,1277-1281,1307-1311,1337-1341,1367-1371,1397-1401,1434-1438,1472-1476,1504-1508,1534-1538,1566-1570,1595-1599,1627-1631,1659-1663,1691-1695,1725-1729,1755-1759,1785-1789,1815-1819,1845-1849
qt-extras/qwt/gen_qwt_abstract_scale.cpp
  s_64fea63fed100b::t_a04da0c7990375 1-2,45,107,111,116,123,127,131,138,142,148,155,159,163,170,174,178,185,189,194,201,205,209,216,220,224,231,235,240,247,251,257,264,268,274,281,285,291,298,302,308,315,319,325,332,336,342,349,353,359,366,370,376,383,387,393,400,404,410,417,421,427,434,438,444,451,455,461,468,472,478,485,489,495,502,506,512,519,523,529,536,540,546,553,557,563,570,574,580,587,591,597,604,608,614,621,625,631,638,642,648,655,659,671,678,682,688,695,699,705,712,716,722,729,733,738,745,749,753,760,764,770,777,781,787,794,798,803,810,814,820,827,831,837,844,848,854,861,865,871,878,882,890,897,901,909,1108,1114,1123,1129,1138,1144,1153,1159,1168,1174,1183,1189,1198,1204,1213,1219,1228,1234,1243,1249,1258,1264,1273,1279,1288,1294,1303,1309,1318,1324,1333,1339,1348,1354,1363,1369,1378,1384,1393,1399,1408,1414,1423,1429,1438,1444,1453,1459,1468,1474,1483,1489,1498,1504,1513,1519,1528,1534,1543,1549,1558,1564,1573,1579,1588,1594,1603,1609,1619,1625,1634,1640,1649,1655,1664,1670,1679,1685,1694,1700,1709,1715,1724,1730,1739,1745,1754,1760,1769,1775,1784,1790,1799,1805,1814,1820
qt-extras/qwt/gen_qwt_abstract_scale.go
  s_64fea63fed100b::t_91ef8225e5de7d 18-22,411-415,438-442,467-471,499-503,530-534,559-563,591-595,620-624,649-653,681-685,711-715,741-745,771-775,801-805,831-835,861-865,891-895,921-925,951-955,981-985,1011-1015,1041-1045,1071-1075,1101-1105,1131-1135,1161-1165,1191-1195,1221-1225,1251-1255,1281-1285,1311-1315,1341-1345,1371-1375,1408-1412,1446-1450,1476-1480,1508-1512,1538-1542,1570-1574,1599-1603,1631-1635,1663-1667,1695-1699,1729-1733,1759-1763,1789-1793,1819-1823,1849-1853
qt-extras/qwt/gen_qwt_abstract_scale_draw.cpp
  s_64fea63fed100b::t_62187d5909db4a 1-2,13,32,36,45,52,56,61,68,72,79,84,88,95,100,104,109,114,118,124,212,218,227,233,242,248,253,259,264,270,275,281
qt-extras/qwt/gen_qwt_abstract_scale_draw.go
  s_64fea63fed100b::t_e9da17685aa507 26-30,175-179,209-213,235-239,261-265,289-293,313-317
qt-extras/qwt/gen_qwt_abstract_slider.cpp
  s_64fea63fed100b::t_08c5c741f83455 1-2,45,114,118,124,131,135,141,148,152,158,165,169,175,182,186,192,199,203,210,215,219,226,231,235,240,247,251,256,263,267,271,278,282,288,295,299,303,310,314,318,325,329,334,341,345,349,356,360,364,371,375,380,387,391,397,404,408,414,421,425,431,438,442,448,455,459,465,472,476,482,489,493,499,506,510,516,523,527,533,540,544,550,557,561,567,574,578,584,591,595,601,608,612,618,625,629,635,642,646,652,659,663,669,676,680,686,693,697,703,710,714,726,733,737,743,750,754,760,767,771,777,784,788,793,800,804,808,815,819,825,832,836,842,849,853,858,865,869,875,882,886,892,899,903,909,916,920,926,933,937,945,952,956,964,1116-1119,1122,1129-1132,1134,1141-1144,1146,1153-1156,1159,1207,1213,1222,1228,1237,1243,1252,1258,1267,1273,1282,1288,1293,1299,1304,1310,1319,1325,1334,1340,1349,1355,1364,1370,1379,1385,1394,1400,1409,1415,1424,1430,1439,1445,1454,1460,1469,1475,1484,1490,1499,1505,1514,1520,1529,1535,1544,1550,1559,1565,1574,1580,1589,1595,1604,1610,1619,1625,1634,1640,1649,1655,1664,1670,1679,1685,1694,1700,1709,1715,1724,1730,1739,1745,1755,1761,1770,1776,1785,1791,1800,1806,1815,1821,1830,1836,1845,1851,1860,1866,1875,1881,1890,1896,1905,1911,1920,1926,1935,1941,1950,1956
qt-extras/qwt/gen_qwt_abstract_slider.go
  s_64fea63fed100b::t_e389a68a605083 18-22,182-185,204-207,223-226,242-245,497-501,527-531,557-561,587-591,617-621,641-645,667-671,699-703,726-730,753-757,782-786,814-818,845-849,874-878,906-910,935-939,964-968,996-1000,1026-1030,1056-1060,1086-1090,1116-1120,1146-1150,1176-1180,1206-1210,1236-1240,1266-1270,1296-1300,1326-1330,1356-1360,1386-1390,1416-1420,1446-1450,1476-1480,1506-1510,1536-1540,1573-1577,1611-1615,1641-1645,1673-1677,1703-1707,1735-1739,1764-1768,1796-1800,1828-1832,1860-1864,1894-1898,1924-1928,1954-1958,1984-1988,2014-2018
qt-extras/qwt/gen_qwt_abstract_slider.h
  s_64fea63fed100b::t_6f99298175b709 117,119,121,123
qt-extras/qwt/gen_qwt_analog_clock.cpp
  s_64fea63fed100b::t_3fdf3f3140bc0d 1-2,48,122,126,139,146,150,165,172,176,182,189,193,197,204,208,212,219,223,227,234,238,244,251,255,261,268,272,278,285,289,295,302,306,312,319,323,329,336,340,350,357,361,371,378,382,389,396,400,407,414,418,423,430,434,439,446,450,456,463,467,473,480,484,490,497,501,507,514,518,522,529,533,539,546,550,555,562,566,570,577,581,585,592,596,601,608,612,618,625,629,635,642,646,652,659,663,669,676,680,686,693,697,703,710,714,720,727,731,737,744,748,754,761,765,771,778,782,788,795,799,805,812,816,822,829,833,839,846,850,856,863,867,873,880,884,890,897,901,907,914,918,930,937,941,947,954,958,964,971,975,980,987,991,995,1002,1006,1012,1019,1023,1029,1036,1040,1045,1052,1056,1062,1069,1073,1079,1086,1090,1096,1103,1107,1113,1120,1124,1132,1139,1143,1151,1282,1288,1297,1303,1312,1318,1327,1333,1342,1348,1357,1363,1372,1378,1387,1393,1402,1408,1417,1423,1432,1438,1447,1453,1462,1468,1477,1483,1492,1498,1507,1513,1522,1528,1537,1543,1552,1558,1567,1573,1582,1588,1597,1603,1612,1618,1627,1633,1642,1648,1657,1663,1672,1678,1687,1693,1702,1708,1717,1723,1732,1738,1747,1753,1762,1768,1777,1783,1792,1798,1807,1813,1822,1828,1837,1843,1852,1858,1867,1873,1882,1888,1897,1903,1912,1918,1927,1933,1942,1948,1957,1963,1972,1978,1988,1994,2003,2009,2018,2024,2033,2039,2048,2054,2063,2069,2078,2084,2093,2099,2108,2114,2123,2129,2138,2144,2153,2159,2168,2174
qt-extras/qwt/gen_qwt_analog_clock.go
  s_64fea63fed100b::t_d26fcec7993ef5 27-31,376-380,414-418,454-458,486-490,517-521,548-552,577-581,607-611,637-641,667-671,697-701,727-731,757-761,791-795,825-829,857-861,889-893,916-920,943-947,973-977,1003-1007,1033-1037,1063-1067,1092-1096,1122-1126,1154-1158,1183-1187,1212-1216,1244-1248,1274-1278,1304-1308,1334-1338,1364-1368,1394-1398,1424-1428,1454-1458,1484-1488,1514-1518,1544-1548,1574-1578,1604-1608,1634-1638,1664-1668,1694-1698,1724-1728,1754-1758,1791-1795,1829-1833,1861-1865,1891-1895,1923-1927,1952-1956,1984-1988,2016-2020,2048-2052,2082-2086,2112-2116,2142-2146,2172-2176,2202-2206
qt-extras/qwt/gen_qwt_arrow_button.cpp
  s_64fea63fed100b::t_3d7c9484efbe00 1-2,45,113,117,121,128,132,136,143,147,153,160,164,170,177,181,192,199,203,207,214,218,227,234,238,244,251,255,260,267,271,277,284,288,294,301,305,312,319,323,328,335,339,344,351,355,361,368,372,378,385,389,395,402,406,412,419,423,429,436,440,446,453,457,461,468,472,478,485,489,494,501,505,509,516,520,524,531,535,541,548,552,558,565,569,575,582,586,592,599,603,609,616,620,626,633,637,643,650,654,660,667,671,677,684,688,694,701,705,711,718,722,728,735,739,745,752,756,762,769,773,779,786,790,796,803,807,819,826,830,836,843,847,853,860,864,869,876,880,884,891,895,901,908,912,918,925,929,934,941,945,951,958,962,968,975,979,985,992,996,1004,1011,1015,1023,1072,1078,1087,1093,1102,1108,1117,1123,1132,1138,1147,1153,1162,1168,1177,1183,1192,1198,1207,1213,1222,1228,1237,1243,1252,1258,1267,1273,1282,1288,1297,1303,1312,1318,1327,1333,1342,1348,1357,1363,1372,1378,1387,1393,1402,1408,1417,1423,1432,1438,1447,1453,1462,1468,1477,1483,1492,1498,1507,1513,1522,1528,1537,1543,1552,1558,1567,1573,1582,1588,1597,1603,1612,1618,1627,1633,1642,1648,1657,1663,1672,1678,1687,1693,1703,1709,1718,1724,1733,1739,1748,1754,1763,1769,1778,1784,1793,1799,1808,1814,1823,1829,1838,1844,1853,1859,1868,1874
qt-extras/qwt/gen_qwt_arrow_button.go
  s_64fea63fed100b::t_a997f87c4b7352 18-22,233-237,264-268,293-297,323-327,353-357,389-393,420-424,454-458,484-488,516-520,546-550,576-580,608-612,635-639,662-666,692-696,722-726,752-756,782-786,812-816,842-846,871-875,901-905,933-937,962-966,991-995,1021-1025,1051-1055,1081-1085,1111-1115,1141-1145,1171-1175,1201-1205,1231-1235,1261-1265,1291-1295,1321-1325,1351-1355,1381-1385,1411-1415,1441-1445,1478-1482,1516-1520,1548-1552,1578-1582,1610-1614,1639-1643,1671-1675,1703-1707,1735-1739,1769-1773,1799-1803,1829-1833,1859-1863
qt-extras/qwt/gen_qwt_color_map.cpp
  s_64fea63fed100b::t_f00f7ed5d42dbe 1-2,12,16,20,36,40,48,53,57,65,70,74,81,140,146,151,157,162,168,200,204,212,219,223,231,238,242,249,332,338,348,354,363,369,399,403,411,418,422,429,470,476,486,492
qt-extras/qwt/gen_qwt_color_map.go
  s_64fea63fed100b::t_7f0086c51e40fe 32-36,113-117,141-145,181-185,226-230,343-347,377-381,417-421,462-466,535-539,575-579
qt-extras/qwt/gen_qwt_column_symbol.cpp
  s_64fea63fed100b::t_32116ad56b7acc 1-2,13,70,74,83,146,152
qt-extras/qwt/gen_qwt_column_symbol.go
  s_64fea63fed100b::t_1aa1b4aec931f7 133-137,240-244
qt-extras/qwt/gen_qwt_compass.cpp
  s_64fea63fed100b::t_ab326c09a6762e 1-2,50,57,131,135,140,147,151,158,165,169,177,184,188,194,201,205,212,219,223,232,303,309,318,324,333,339,348,354,363,369,378,384,429,433,446,453,457,467,474,478,484,491,495,501,508,512,516,523,527,531,538,542,546,553,557,563,570,574,580,587,591,597,604,608,614,621,625,631,638,642,648,655,659,669,676,680,693,700,704,711,718,722,729,736,740,745,752,756,761,768,772,778,785,789,795,802,806,812,819,823,827,834,838,844,851,855,860,867,871,875,882,886,890,897,901,906,913,917,923,930,934,940,947,951,957,964,968,974,981,985,991,998,1002,1008,1015,1019,1025,1032,1036,1042,1049,1053,1059,1066,1070,1076,1083,1087,1093,1100,1104,1110,1117,1121,1127,1134,1138,1144,1151,1155,1161,1168,1172,1178,1185,1189,1195,1202,1206,1212,1219,1223,1235,1242,1246,1252,1259,1263,1269,1276,1280,1285,1292,1296,1300,1307,1311,1317,1324,1328,1334,1341,1345,1350,1357,1361,1367,1374,1378,1384,1391,1395,1401,1408,1412,1418,1425,1429,1437,1444,1448,1456,1579,1585,1594,1600,1609,1615,1624,1630,1639,1645,1654,1660,1669,1675,1684,1690,1699,1705,1714,1720,1729,1735,1744,1750,1759,1765,1774,1780,1789,1795,1804,1810,1819,1825,1834,1840,1849,1855,1864,1870,1879,1885,1894,1900,1909,1915,1924,1930,1939,1945,1954,1960,1969,1975,1984,1990,1999,2005,2014,2020,2029,2035,2044,2050,2059,2065,2074,2080,2089,2095,2104,2110,2119,2125,2134,2140,2149,2155,2164,2170,2179,2185,2194,2200,2209,2215,2224,2230,2239,2245,2254,2260,2269,2275,2285,2291,2300,2306,2315,2321,2330,2336,2345,2351,2360,2366,2375,2381,2390,2396,2405,2411,2420,2426,2435,2441,2450,2456,2465,2471
qt-extras/qwt/gen_qwt_compass.go
  s_64fea63fed100b::t_6e09e7cb14db78 18-22,170-174,202-206,234-238,268-272,298-302,330-334,370-374,711-715,749-753,783-787,813-817,845-849,876-880,907-911,936-940,966-970,996-1000,1026-1030,1056-1060,1086-1090,1116-1120,1150-1154,1188-1192,1220-1224,1252-1256,1279-1283,1306-1310,1336-1340,1366-1370,1396-1400,1425-1429,1455-1459,1487-1491,1516-1520,1545-1549,1577-1581,1607-1611,1637-1641,1667-1671,1697-1701,1727-1731,1757-1761,1787-1791,1817-1821,1847-1851,1877-1881,1907-1911,1937-1941,1967-1971,1997-2001,2027-2031,2057-2061,2087-2091,2124-2128,2162-2166,2194-2198,2224-2228,2256-2260,2285-2289,2317-2321,2349-2353,2381-2385,2415-2419,2445-2449,2475-2479,2505-2509,2535-2539
qt-extras/qwt/gen_qwt_compass_rose.cpp
  s_64fea63fed100b::t_17b06169d22293 1-2,13,16,31,35,43,50,54,66,95,101,110,116,135,139,152,159,163,171,244,250,259,265
qt-extras/qwt/gen_qwt_compass_rose.go
  s_64fea63fed100b::t_78b19212625f86 18-22,83-87,107-111,153-157,268-272,306-310
qt-extras/qwt/gen_qwt_counter.cpp
  s_64fea63fed100b::t_5bed10e14b45d5 1-2,45,108,112,116,123,127,132,139,143,149,156,160,166,173,177,181,188,192,198,205,209,213,220,224,229,236,240,244,251,255,259,266,270,276,283,287,293,300,304,310,317,321,327,334,338,344,351,355,361,368,372,378,385,389,395,402,406,412,419,423,429,436,440,446,453,457,463,470,474,480,487,491,497,504,508,514,521,525,531,538,542,548,555,559,565,572,576,582,589,593,599,606,610,616,623,627,633,640,644,656,663,667,673,680,684,690,697,701,707,714,718,723,730,734,738,745,749,755,762,766,772,779,783,788,795,799,805,812,816,822,829,833,839,846,850,856,863,867,875,882,886,894,1062-1065,1068,1075-1078,1081,1129,1135,1144,1150,1159,1165,1174,1180,1189,1195,1204,1210,1219,1225,1234,1240,1249,1255,1264,1270,1279,1285,1294,1300,1309,1315,1324,1330,1339,1345,1354,1360,1369,1375,1384,1390,1399,1405,1414,1420,1429,1435,1444,1450,1459,1465,1474,1480,1489,1495,1504,1510,1519,1525,1534,1540,1549,1555,1564,1570,1579,1585,1594,1600,1609,1615,1625,1631,1640,1646,1655,1661,1670,1676,1685,1691,1700,1706,1715,1721,1730,1736,1745,1751,1760,1766,1775,1781,1790,1796,1805,1811,1820,1826
qt-extras/qwt/gen_qwt_counter.go
  s_64fea63fed100b::t_0e672e3141326a 27-31,217-220,239-242,432-436,461-465,493-497,523-527,553-557,582-586,614-618,643-647,675-679,704-708,733-737,763-767,793-797,823-827,853-857,883-887,913-917,943-947,973-977,1003-1007,1033-1037,1063-1067,1093-1097,1123-1127,1153-1157,1183-1187,1213-1217,1243-1247,1273-1277,1303-1307,1333-1337,1363-1367,1400-1404,1438-1442,1468-1472,1500-1504,1530-1534,1562-1566,1591-1595,1623-1627,1655-1659,1687-1691,1721-1725,1751-1755,1781-1785,1811-1815,1841-1845
qt-extras/qwt/gen_qwt_counter.h
  s_64fea63fed100b::t_68e3a97c5fb28e 119,121
qt-extras/qwt/gen_qwt_date_scale_draw.cpp
  s_64fea63fed100b::t_cdff996515a842 1-2,20,42,46,51,58,62,69,76,80,89,98,102,109,116,120,128,135,139,145,152,156,163,170,174,183,258,264,273,279,289,295,311,317,326,332,341,347,356,362,371,377
qt-extras/qwt/gen_qwt_date_scale_draw.go
  s_64fea63fed100b::t_124d5e98af78f2 18-22,172-176,204-208,238-242,275-279,307-311,341-345,371-375,403-407
qt-extras/qwt/gen_qwt_date_scale_engine.cpp
  s_64fea63fed100b::t_64be44f6dc5de2 1-2,12,31,35,44,51,55,64,71,75,86,93,97,108,197,203,212,218,227,233,243,249
qt-extras/qwt/gen_qwt_date_scale_engine.go
  s_64fea63fed100b::t_10c2875551522b 18-22,293-297,331-335,371-375,409-413
qt-extras/qwt/gen_qwt_dial.cpp
  s_64fea63fed100b::t_4a386d847eba2e 1-2,47,120,124,130,137,141,145,152,156,160,167,171,175,182,186,192,199,203,209,216,220,226,233,237,243,250,254,260,267,271,277,284,288,298,305,309,319,326,330,343,350,354,361,368,372,379,386,390,395,402,406,411,418,422,428,435,439,445,452,456,462,469,473,479,486,490,494,501,505,511,518,522,527,534,538,542,549,553,557,564,568,573,580,584,590,597,601,607,614,618,624,631,635,641,648,652,658,665,669,675,682,686,692,699,703,709,716,720,726,733,737,743,750,754,760,767,771,777,784,788,794,801,805,811,818,822,828,835,839,845,852,856,862,869,873,879,886,890,902,909,913,919,926,930,936,943,947,952,959,963,967,974,978,984,991,995,1001,1008,1012,1017,1024,1028,1034,1041,1045,1051,1058,1062,1068,1075,1079,1085,1092,1096,1104,1111,1115,1123,1332,1338,1347,1353,1362,1368,1377,1383,1392,1398,1407,1413,1422,1428,1437,1443,1452,1458,1467,1473,1482,1488,1497,1503,1512,1518,1527,1533,1542,1548,1557,1563,1572,1578,1587,1593,1602,1608,1617,1623,1632,1638,1647,1653,1662,1668,1677,1683,1692,1698,1707,1713,1722,1728,1737,1743,1752,1758,1767,1773,1782,1788,1797,1803,1812,1818,1827,1833,1842,1848,1857,1863,1872,1878,1887,1893,1902,1908,1917,1923,1932,1938,1947,1953,1962,1968,1977,1983,1992,1998,2007,2013,2023,2029,2038,2044,2053,2059,2068,2074,2083,2089,2098,2104,2113,2119,2128,2134,2143,2149,2158,2164,2173,2179,2188,2194,2203,2209
qt-extras/qwt/gen_qwt_dial.go
  s_64fea63fed100b::t_ac021fcec45f60 33-37,468-472,500-504,531-535,562-566,591-595,621-625,651-655,681-685,711-715,741-745,771-775,805-809,839-843,877-881,909-913,941-945,968-972,995-999,1025-1029,1055-1059,1085-1089,1115-1119,1144-1148,1174-1178,1206-1210,1235-1239,1264-1268,1296-1300,1326-1330,1356-1360,1386-1390,1416-1420,1446-1450,1476-1480,1506-1510,1536-1540,1566-1570,1596-1600,1626-1630,1656-1660,1686-1690,1716-1720,1746-1750,1776-1780,1806-1810,1843-1847,1881-1885,1913-1917,1943-1947,1975-1979,2004-2008,2036-2040,2068-2072,2100-2104,2134-2138,2164-2168,2194-2198,2224-2228,2254-2258
qt-extras/qwt/gen_qwt_dial_needle.cpp
  s_64fea63fed100b::t_dc9b069db7b515 1-2,15,20,25,30,48,52,60,67,71,84,91,95,103,108,112,123,158,164,173,179,188,194,199,205,229,233,242,249,253,261,268,272,285,292,296,307,352,358,367,373,382,388,397,403,427,431,440,447,451,459,466,470,483,490,494,505,542,548,557,563,572,578,587,593,616,620,629,636,640,648,655,659,672,679,683,694,727,733,742,748,757,763,772,778
qt-extras/qwt/gen_qwt_dial_needle.go
  s_64fea63fed100b::t_1f5ebb843ddb83 39-43,110-114,140-144,172-176,206-210,250-254,339-343,373-377,403-407,441-445,485-489,566-570,600-604,630-634,668-672,712-716,787-791,821-825,851-855,889-893
qt-extras/qwt/gen_qwt_dyngrid_layout.cpp
  s_64fea63fed100b::t_35eb4bf115f03d 1-2,27,73,77,82,89,93,99,106,110,115,122,126,131,138,142,146,153,157,161,168,172,176,183,187,195,202,206,210,217,221,226,233,237,241,248,252,256,263,267,272,279,283,287,294,298,302,309,313,317,324,328,333,340,344,348,355,359,363,370,374,380,387,391,396,403,407,413,420,424,430,437,441,447,454,458,466,473,477,485,492,496,501,508,512,516,523,527,531,745,751,760,766,775,781,790,796,805,811,820,826,836,842,851,857,866,872,881,887,896,902,911,917,926,932,942,948,957,963,972,978,987,993,1002,1008,1018,1024,1033,1039,1048,1054,1063,1069,1078,1084,1093,1099,1108,1114,1123,1129,1138,1144,1153,1159,1168,1174
qt-extras/qwt/gen_qwt_dyngrid_layout.go
  s_64fea63fed100b::t_597c8220d005a7 18-22,429-433,456-460,486-490,518-522,550-554,579-583,608-612,637-641,667-671,696-700,730-734,759-763,788-792,822-826,853-857,884-888,913-917,945-949,974-978,1003-1007,1033-1037,1065-1069,1099-1103,1129-1133,1159-1163,1189-1193,1219-1223,1251-1255,1280-1284
qt-extras/qwt/gen_qwt_event_pattern.cpp
  s_64fea63fed100b::t_8441d4eb005720 1-2,15,31,35,43,50,54,62,187,193,202,208
qt-extras/qwt/gen_qwt_event_pattern.go
  s_64fea63fed100b::t_017256ac46da4c 46-50,205-209,239-243
qt-extras/qwt/gen_qwt_graphic.cpp
  s_64fea63fed100b::t_513fc686f23065 1-2,25,57,61,65,72,76,84,91,95,109,116,120,136,143,147,155,162,166,170,177,181,187,194,198,205,212,216,223,230,234,242,249,253,260,267,271,280,287,291,302,309,313,327,334,338,342,349,353,359,366,370,375,382,386,390,511,517,526,532,541,547,556,562,571,577,586,592,601,607,616,622,631,637,646,652,661,667,676,682,691,697,706,712,721,727,736,742,751,757,766,772
qt-extras/qwt/gen_qwt_graphic.go
  s_64fea63fed100b::t_8901ce191dd315 24-28,205-209,234-238,264-268,298-302,334-338,364-368,393-397,425-429,457-461,489-493,519-523,551-555,585-589,617-621,651-655,680-684,710-714,742-746
qt-extras/qwt/gen_qwt_interval_symbol.cpp
  s_64fea63fed100b::t_9d981608e912c1 1-2,15,31,35,49,135,141
qt-extras/qwt/gen_qwt_interval_symbol.go
  s_64fea63fed100b::t_7f1d3fad0fdcad 27-31,148-152
qt-extras/qwt/gen_qwt_knob.cpp
  s_64fea63fed100b::t_bc2b998be28b37 1-2,47,115,119,123,130,134,138,145,149,155,162,166,172,179,183,192,199,203,209,216,220,230,237,241,248,255,259,266,273,277,283,290,294,300,307,311,317,324,328,334,341,345,351,358,362,367,374,378,383,390,394,398,405,409,415,422,426,431,438,442,446,453,457,461,468,472,477,484,488,494,501,505,511,518,522,528,535,539,545,552,556,562,569,573,579,586,590,596,603,607,613,620,624,630,637,641,647,654,658,664,671,675,681,688,692,698,705,709,715,722,726,732,739,743,749,756,760,766,773,777,783,790,794,806,813,817,823,830,834,840,847,851,856,863,867,871,878,882,888,895,899,905,912,916,921,928,932,938,945,949,955,962,966,972,979,983,989,996,1000,1008,1015,1019,1027,1228,1234,1243,1249,1258,1264,1273,1279,1288,1294,1303,1309,1318,1324,1333,1339,1348,1354,1363,1369,1378,1384,1393,1399,1408,1414,1423,1429,1438,1444,1453,1459,1468,1474,1483,1489,1498,1504,1513,1519,1528,1534,1543,1549,1558,1564,1573,1579,1588,1594,1603,1609,1618,1624,1633,1639,1648,1654,1663,1669,1678,1684,1693,1699,1708,1714,1723,1729,1738,1744,1753,1759,1768,1774,1783,1789,1798,1804,1813,1819,1828,1834,1844,1850,1859,1865,1874,1880,1889,1895,1904,1910,1919,1925,1934,1940,1949,1955,1964,1970,1979,1985,1994,2000,2009,2015,2024,2030
qt-extras/qwt/gen_qwt_knob.go
  s_64fea63fed100b::t_327c2fd0ade932 38-42,451-455,482-486,511-515,541-545,571-575,603-607,633-637,667-671,699-703,731-735,761-765,791-795,821-825,851-855,881-885,908-912,935-939,964-968,994-998,1026-1030,1055-1059,1084-1088,1116-1120,1146-1150,1176-1180,1206-1210,1236-1240,1266-1270,1296-1300,1326-1330,1356-1360,1386-1390,1416-1420,1446-1450,1476-1480,1506-1510,1536-1540,1566-1570,1596-1600,1626-1630,1663-1667,1701-1705,1733-1737,1763-1767,1795-1799,1824-1828,1856-1860,1888-1892,1920-1924,1954-1958,1984-1988,2014-2018,2044-2048,2074-2078
qt-extras/qwt/gen_qwt_legend.cpp
  s_64fea63fed100b::t_5f670f2c95200a 1-2,50,120,124,130,137,141,145,152,156,161,168,172,182,189,193,204,211,215,219,226,230,236,243,247,265,272,276,283,290,294,303,310,314,319,326,330,336,343,347,353,360,364,368,375,379,385,392,396,400,407,411,415,422,426,430,437,441,447,454,458,464,471,475,481,488,492,498,505,509,515,522,526,532,539,543,549,556,560,566,573,577,583,590,594,600,607,611,617,624,628,634,641,645,651,658,662,668,675,679,685,692,696,702,709,713,719,726,730,736,743,747,753,760,764,770,777,781,787,794,798,804,811,815,821,828,832,844,851,855,861,868,872,878,885,889,894,901,905,909,916,920,926,933,937,943,950,954,959,966,970,976,983,987,993,1000,1004,1010,1017,1021,1029,1036,1040,1048,1199-1202,1208,1215-1218,1225,1283,1289,1298,1304,1313,1319,1328,1334,1343,1349,1358,1364,1373,1379,1388,1394,1409,1415,1424,1430,1439,1445,1454,1460,1469,1475,1484,1490,1499,1505,1514,1520,1529,1535,1544,1550,1559,1565,1574,1580,1589,1595,1604,1610,1619,1625,1634,1640,1649,1655,1664,1670,1679,1685,1694,1700,1709,1715,1724,1730,1739,1745,1754,1760,1769,1775,1784,1790,1799,1805,1814,1820,1829,1835,1844,1850,1859,1865,1874,1880,1889,1895,1904,1910,1920,1926,1935,1941,1950,1956,1965,1971,1980,1986,1995,2001,2010,2016,2025,2031,2040,2046,2055,2061,2070,2076,2085,2091
qt-extras/qwt/gen_qwt_legend.go
  s_64fea63fed100b::t_88052f9386eb65 18-22,184-187,208-211,461-465,497-501,526-530,558-562,592-596,628-632,657-661,695-699,735-739,767-771,799-803,831-835,861-865,891-895,920-924,952-956,981-985,1010-1014,1039-1043,1069-1073,1099-1103,1129-1133,1159-1163,1189-1193,1219-1223,1249-1253,1279-1283,1309-1313,1339-1343,1369-1373,1399-1403,1429-1433,1459-1463,1489-1493,1519-1523,1549-1553,1579-1583,1609-1613,1639-1643,1669-1673,1699-1703,1736-1740,1774-1778,1806-1810,1836-1840,1868-1872,1897-1901,1929-1933,1961-1965,1993-1997,2023-2027,2053-2057,2083-2087,2113-2117
qt-extras/qwt/gen_qwt_legend.h
  s_64fea63fed100b::t_6dc303829da9c4 123,125
qt-extras/qwt/gen_qwt_legend_label.cpp
  s_64fea63fed100b::t_9fcf4140669319 1-2,49,117,121,129,136,140,144,151,155,161,168,172,178,185,189,195,202,206,212,219,223,229,236,240,244,251,255,260,267,271,280,287,291,297,304,308,313,320,324,330,337,341,345,352,356,362,369,373,377,384,388,392,399,403,409,416,420,426,433,437,443,450,454,460,467,471,477,484,488,494,501,505,511,518,522,528,535,539,545,552,556,562,569,573,579,586,590,596,603,607,613,620,624,630,637,641,647,654,658,664,671,675,681,688,692,698,705,709,715,722,726,738,745,749,755,762,766,772,779,783,788,795,799,803,810,814,820,827,831,837,844,848,853,860,864,870,877,881,887,894,898,904,911,915,921,928,932,940,947,951,959,1078-1081,1083,1090-1093,1095,1102-1105,1107,1114-1117,1120,1168,1174,1183,1189,1198,1204,1213,1219,1228,1234,1243,1249,1258,1264,1273,1279,1288,1294,1303,1309,1318,1324,1333,1339,1348,1354,1363,1369,1378,1384,1393,1399,1408,1414,1423,1429,1438,1444,1453,1459,1468,1474,1483,1489,1498,1504,1513,1519,1528,1534,1543,1549,1558,1564,1573,1579,1588,1594,1603,1609,1618,1624,1633,1639,1648,1654,1663,1669,1678,1684,1693,1699,1708,1714,1724,1730,1739,1745,1754,1760,1769,1775,1784,1790,1799,1805,1814,1820,1829,1835,1844,1850,1859,1865,1874,1880,1889,1895,1904,1910
qt-extras/qwt/gen_qwt_legend_label.go
  s_64fea63fed100b::t_5ea3446723ac81 18-22,154-157,173-176,192-195,211-214,452-456,484-488,513-517,543-547,573-577,603-607,633-637,665-669,694-698,726-730,758-762,788-792,820-824,850-854,879-883,909-913,938-942,967-971,997-1001,1027-1031,1057-1061,1087-1091,1117-1121,1147-1151,1177-1181,1207-1211,1237-1241,1267-1271,1297-1301,1327-1331,1357-1361,1387-1391,1417-1421,1447-1451,1477-1481,1507-1511,1544-1548,1582-1586,1614-1618,1644-1648,1676-1680,1705-1709,1737-1741,1769-1773,1801-1805,1835-1839,1865-1869,1895-1899,1925-1929,1955-1959
qt-extras/qwt/gen_qwt_legend_label.h
  s_64fea63fed100b::t_d7a5e054334a78 119,121,123,125
qt-extras/qwt/gen_qwt_magnifier.cpp
  s_64fea63fed100b::t_3d9e017537c2b5 1-2,23,50,54,60,67,71,76,81,85,91,98,102,108,115,119,125,132,136,142,149,153,159,166,170,176,183,187,192,199,203,209,216,220,226,233,237,243,250,254,262,269,273,281,466,472,481,487,492,498,507,513,522,528,537,543,552,558,567,573,582,588,597,603,612,618,627,633,642,648,657,663
qt-extras/qwt/gen_qwt_magnifier.go
  s_64fea63fed100b::t_581982a9fd4252 18-22,289-293,317-321,347-351,377-381,407-411,437-441,467-471,497-501,527-531,559-563,589-593,619-623,649-653,679-683
qt-extras/qwt/gen_qwt_matrix_raster_data.cpp
  s_64fea63fed100b::t_39507b60084074 1-2,13,31,35,45,52,56,63,70,74,80,87,91,102,109,113,118,191,197,206,212,221,227,236,242,251,257
qt-extras/qwt/gen_qwt_matrix_raster_data.go
  s_64fea63fed100b::t_1bf389cf37923b 25-29,132-136,166-170,198-202,232-236,264-268
qt-extras/qwt/gen_qwt_null_paintdevice.cpp
  s_64fea63fed100b::t_ed2879cbeb43a9 1-2,25,61,65,69,76,80,86,93,97,104,111,115,122,129,133,140,147,151,158,165,169,177,184,188,196,203,207,215,222,226,233,240,244,251,258,262,271,278,282,291,298,302,316,323,327,338,345,349,363,370,374,390,397,401,409,416,420,424,429,433,437,444,448,454,461,465,470,477,481,485,583,589,598,604,613,619,628,634,643,649,658,664,673,679,688,694,703,709,718,724,733,739,748,754,763,769,778,784,793,799,808,814,823,829,838,844,853,859,864,870,879,885,894,900,909,915
qt-extras/qwt/gen_qwt_null_paintdevice.go
  s_64fea63fed100b::t_2eaa74e98122d1 26-30,159-163,188-192,220-224,252-256,284-288,316-320,348-352,378-382,408-412,438-442,470-474,502-506,536-540,570-574,604-608,636-640,670-674,706-710,730-734,759-763,788-792,818-822,850-854
qt-extras/qwt/gen_qwt_panner.cpp
  s_64fea63fed100b::t_0713dd4a5d0cdf 1-2,48,117,121,127,134,138,144,151,155,161,168,172,178,185,189,195,202,206,212,219,223,229,236,240,244,251,255,259,266,270,274,281,285,291,298,302,306,313,317,321,328,332,337,344,348,352,359,363,367,374,378,383,390,394,400,407,411,417,424,428,434,441,445,451,458,462,468,475,479,485,492,496,502,509,513,519,526,530,536,543,547,553,560,564,570,577,581,587,594,598,604,611,615,621,628,632,638,645,649,655,662,666,672,679,683,689,696,700,706,713,717,723,730,734,740,747,751,757,764,768,774,781,785,797,804,808,814,821,825,831,838,842,848,855,859,864,871,875,879,886,890,896,903,907,913,920,924,929,936,940,946,953,957,963,970,974,980,987,991,999,1006,1010,1018,1127-1130,1134,1141-1144,1148,1204,1210,1219,1225,1234,1240,1249,1255,1264,1270,1279,1285,1294,1300,1309,1315,1324,1330,1339,1345,1354,1360,1369,1375,1384,1390,1399,1405,1414,1420,1429,1435,1444,1450,1459,1465,1474,1480,1489,1495,1504,1510,1519,1525,1534,1540,1549,1555,1564,1570,1579,1585,1594,1600,1609,1615,1624,1630,1639,1645,1654,1660,1669,1675,1684,1690,1699,1705,1714,1720,1729,1735,1744,1750,1759,1765,1774,1780,1789,1795,1804,1810,1820,1826,1835,1841,1850,1856,1865,1871,1880,1886,1895,1901,1910,1916,1925,1931,1940,1946,1955,1961,1970,1976,1985,1991,2000,2006
qt-extras/qwt/gen_qwt_panner.go
  s_64fea63fed100b::t_c612f3377ccf56 18-22,146-149,170-173,371-375,405-409,435-439,465-469,495-499,525-529,555-559,587-591,618-622,647-651,676-680,708-712,739-743,768-772,800-804,829-833,858-862,890-894,920-924,950-954,980-984,1010-1014,1040-1044,1070-1074,1100-1104,1130-1134,1160-1164,1190-1194,1220-1224,1250-1254,1280-1284,1310-1314,1340-1344,1370-1374,1400-1404,1430-1434,1460-1464,1490-1494,1520-1524,1550-1554,1587-1591,1625-1629,1655-1659,1687-1691,1717-1721,1749-1753,1778-1782,1810-1814,1842-1846,1874-1878,1904-1908,1934-1938,1964-1968,1994-1998
qt-extras/qwt/gen_qwt_panner.h
  s_64fea63fed100b::t_f821a62a1ac392 110,112
qt-extras/qwt/gen_qwt_picker.cpp
  s_64fea63fed100b::t_f1d9296be358bd 1-2,33,84,88,94,101,105,109,116,120,126,133,137,143,150,154,158,165,169,176,183,187,194,201,205,211,218,222,227,234,238,246,253,257,265,272,276,281,288,292,297,304,308,313,320,324,330,337,341,347,354,358,364,371,375,381,388,392,398,405,409,415,422,426,432,439,443,449,456,460,466,473,477,488,495,499,504,511,515,520,527,531,537,544,548,554,561,565,571,578,582,590,597,601,609,616,620,628,635,639,647,824-827,830,837-840,845,852-855,860,867-870,875,923,929,938,944,953,959,968,974,983,989,998,1004,1013,1019,1028,1034,1043,1049,1058,1064,1073,1079,1088,1094,1103,1109,1118,1124,1133,1139,1148,1154,1163,1169,1178,1184,1193,1199,1208,1214,1223,1229,1238,1244,1253,1259,1268,1274,1283,1289,1298,1304,1313,1319,1328,1334,1343,1349,1358,1364,1373,1379,1388,1394,1403,1409
qt-extras/qwt/gen_qwt_picker.go
  s_64fea63fed100b::t_f03bcae5485cc4 46-50,261-264,283-286,305-308,327-330,482-486,518-522,547-551,577-581,609-613,640-644,674-678,706-710,736-740,763-767,793-797,823-827,850-854,882-886,909-913,939-943,969-973,999-1003,1029-1033,1059-1063,1089-1093,1119-1123,1149-1153,1179-1183,1211-1215,1238-1242,1270-1274,1300-1304,1330-1334,1360-1364,1390-1394,1420-1424,1454-1458
qt-extras/qwt/gen_qwt_picker.h
  s_64fea63fed100b::t_43c5fa3309e1e2 115,117,119,121
qt-extras/qwt/gen_qwt_picker_machine.cpp
  s_64fea63fed100b::t_4ff71c69db7a24 1-2,12,14,16,18,20,22,24,26,41,45,53,106,112,129,133,141,183,189,220,224,232,274,280,311,315,323,365,371,402,406,414,456,462,493,497,505,547,553,584,588,596,638,644,675,679,687,729,735
qt-extras/qwt/gen_qwt_picker_machine.go
  s_64fea63fed100b::t_c0fcf7efdd6148 37-41,112-116,159-163,234-238,281-285,356-360,403-407,478-482,525-529,600-604,647-651,722-726,769-773,844-848,891-895,966-970
qt-extras/qwt/gen_qwt_plot.cpp
  s_64fea63fed100b::t_6b2acfaf16481d 1-2,50,120,124,128,135,139,143,150,154,159,166,170,176,183,187,192,199,203,209,216,220,225,232,236,243,250,254,259,266,270,276,283,287,293,300,304,310,317,321,325,332,336,342,349,353,358,365,369,373,380,384,388,395,399,405,412,416,422,429,433,439,446,450,456,463,467,473,480,484,490,497,501,507,514,518,524,531,535,541,548,552,558,565,569,575,582,586,592,599,603,609,616,620,626,633,637,643,650,654,660,667,671,677,684,688,694,701,705,711,718,722,728,735,739,745,752,756,762,769,773,785,792,796,802,809,813,819,826,830,835,842,846,850,857,861,867,874,878,884,891,895,900,907,911,917,924,928,934,941,945,951,958,962,970,977,981,989,1347-1350,1354,1367-1370,1385,1465,1471,1480,1486,1495,1501,1510,1516,1525,1531,1540,1546,1555,1561,1570,1576,1585,1591,1600,1606,1615,1621,1630,1636,1645,1651,1660,1666,1675,1681,1690,1696,1705,1711,1720,1726,1735,1741,1750,1756,1765,1771,1780,1786,1795,1801,1810,1816,1825,1831,1840,1846,1855,1861,1870,1876,1885,1891,1900,1906,1915,1921,1930,1936,1945,1951,1960,1966,1975,1981,1990,1996,2005,2011,2020,2026,2035,2041,2050,2056,2066,2072,2081,2087,2096,2102,2111,2117,2126,2132,2141,2147,2156,2162,2171,2177,2186,2192,2201,2207,2216,2222,2231,2237
qt-extras/qwt/gen_qwt_plot.go
  s_64fea63fed100b::t_bfe2ee878485fb 37-41,441-444,471-474,754-758,785-789,814-818,841-845,871-875,903-907,939-943,971-975,1003-1007,1030-1034,1060-1064,1090-1094,1120-1124,1149-1153,1179-1183,1211-1215,1240-1244,1269-1273,1299-1303,1329-1333,1359-1363,1389-1393,1419-1423,1449-1453,1479-1483,1509-1513,1539-1543,1569-1573,1599-1603,1629-1633,1659-1663,1689-1693,1719-1723,1749-1753,1779-1783,1809-1813,1839-1843,1869-1873,1899-1903,1936-1940,1974-1978,2006-2010,2036-2040,2068-2072,2097-2101,2129-2133,2161-2165,2193-2197,2223-2227,2253-2257,2283-2287,2313-2317
qt-extras/qwt/gen_qwt_plot.h
  s_64fea63fed100b::t_e35ee7d184a108 194,196
qt-extras/qwt/gen_qwt_plot_canvas.cpp
  s_64fea63fed100b::t_b6db746515f937 1-2,50,113,117,122,129,133,139,146,150,156,163,167,173,180,184,190,197,201,205,212,216,222,229,233,237,244,248,254,261,265,269,276,280,285,292,296,300,307,311,315,322,326,332,339,343,349,356,360,366,373,377,383,390,394,400,407,411,417,424,428,434,441,445,451,458,462,468,475,479,485,492,496,502,509,513,519,526,530,536,543,547,553,560,564,570,577,581,587,594,598,604,611,615,621,628,632,638,645,649,655,662,666,672,679,683,689,696,700,712,719,723,729,736,740,746,753,757,762,769,773,777,784,788,794,801,805,811,818,822,827,834,838,844,851,855,861,868,872,878,885,889,895,902,906,914,921,925,933,1098,1104,1113,1119,1128,1134,1143,1149,1158,1164,1173,1179,1188,1194,1203,1209,1218,1224,1233,1239,1248,1254,1263,1269,1278,1284,1293,1299,1308,1314,1323,1329,1338,1344,1353,1359,1368,1374,1383,1389,1398,1404,1413,1419,1428,1434,1443,1449,1458,1464,1473,1479,1488,1494,1503,1509,1518,1524,1533,1539,1548,1554,1563,1569,1578,1584,1593,1599,1608,1614,1623,1629,1639,1645,1654,1660,1669,1675,1684,1690,1699,1705,1714,1720,1729,1735,1744,1750,1759,1765,1774,1780,1789,1795,1804,1810,1819,1825
qt-extras/qwt/gen_qwt_plot_canvas.go
  s_64fea63fed100b::t_3373584268e683 35-39,382-386,414-418,444-448,474-478,504-508,536-540,565-569,595-599,624-628,656-660,685-689,717-721,746-750,775-779,805-809,835-839,865-869,895-899,925-929,955-959,985-989,1015-1019,1045-1049,1075-1079,1105-1109,1135-1139,1165-1169,1195-1199,1225-1229,1255-1259,1285-1289,1315-1319,1345-1349,1375-1379,1405-1409,1442-1446,1480-1484,1512-1516,1542-1546,1574-1578,1603-1607,1635-1639,1667-1671,1699-1703,1733-1737,1763-1767,1793-1797,1823-1827,1853-1857
qt-extras/qwt/gen_qwt_plot_directpainter.cpp
  s_64fea63fed100b::t_f79d7ba7706967 1-2,16,37,41,47,54,58,63,70,74,80,87,91,97,104,108,114,121,125,133,140,144,152,214,220,229,235,244,250,259,265,274,280,289,295,304,310
qt-extras/qwt/gen_qwt_plot_directpainter.go
  s_64fea63fed100b::t_bf24c81b27ed02 26-30,181-185,215-219,247-251,277-281,307-311,337-341,367-371
qt-extras/qwt/gen_qwt_plot_glcanvas.cpp
  s_64fea63fed100b::t_e73b488c3e58fa 1-2,48,122,126,131,138,142,148,155,159,165,172,176,182,189,193,199,206,210,214,221,225,230,237,241,246,253,257,262,269,273,280,287,291,296,303,307,312,319,323,330,337,341,346,353,357,363,370,374,379,386,390,395,402,406,410,417,421,427,434,438,442,449,453,457,464,468,473,480,484,488,495,499,505,512,516,522,529,533,539,546,550,556,563,567,573,580,584,590,597,601,607,614,618,624,631,635,641,648,652,658,665,669,675,682,686,692,699,703,709,716,720,726,733,737,743,750,754,760,767,771,777,784,788,794,801,805,811,818,822,828,835,839,845,852,856,862,869,873,885,892,896,902,909,913,919,926,930,936,943,947,952,959,963,967,974,978,984,991,995,1001,1008,1012,1017,1024,1028,1034,1041,1045,1051,1058,1062,1068,1075,1079,1085,1092,1096,1104,1111,1115,1123,1292,1298,1307,1313,1322,1328,1337,1343,1352,1358,1367,1373,1382,1388,1397,1403,1412,1418,1427,1433,1442,1448,1457,1463,1472,1478,1487,1493,1502,1508,1517,1523,1532,1538,1547,1553,1562,1568,1577,1583,1592,1598,1607,1613,1622,1628,1637,1643,1652,1658,1667,1673,1682,1688,1697,1703,1712,1718,1727,1733,1742,1748,1757,1763,1772,1778,1787,1793,1802,1808,1817,1823,1832,1838,1847,1853,1862,1868,1877,1883,1892,1898,1907,1913,1922,1928,1937,1943,1952,1958,1967,1973,1983,1989,1998,2004,2013,2019,2028,2034,2043,2049,2058,2064,2073,2079,2088,2094,2103,2109,2118,2124,2133,2139,2148,2154,2163,2169,2178,2184
qt-extras/qwt/gen_qwt_plot_glcanvas.go
  s_64fea63fed100b::t_47638c6243f29b 35-39,378-382,410-414,440-444,470-474,500-504,530-534,559-563,586-590,613-617,640-644,672-676,699-703,726-730,758-762,785-789,815-819,842-846,869-873,898-902,930-934,961-965,990-994,1022-1026,1051-1055,1081-1085,1111-1115,1141-1145,1171-1175,1201-1205,1231-1235,1261-1265,1291-1295,1321-1325,1351-1355,1381-1385,1411-1415,1441-1445,1471-1475,1501-1505,1531-1535,1561-1565,1591-1595,1621-1625,1651-1655,1681-1685,1718-1722,1756-1760,1786-1790,1818-1822,1848-1852,1880-1884,1909-1913,1941-1945,1973-1977,2005-2009,2039-2043,2069-2073,2099-2103,2129-2133,2159-2163
qt-extras/qwt/gen_qwt_plot_layout.cpp
  s_64fea63fed100b::t_ae83eb9e7f8f18 1-2,12,28,32,37,44,48,59,66,70,75,187,193,202,208,217,223
qt-extras/qwt/gen_qwt_plot_layout.go
  s_64fea63fed100b::t_86a6ae03582644 29-33,296-300,328-332,362-366
qt-extras/qwt/gen_qwt_plot_magnifier.cpp
  s_64fea63fed100b::t_360ffc96941210 1-2,23,50,54,60,67,71,77,84,88,94,101,105,111,118,122,128,135,139,145,152,156,162,169,173,179,186,190,195,202,206,212,219,223,229,236,240,246,253,257,265,272,276,284,404,410,419,425,434,440,449,455,464,470,479,485,494,500,509,515,524,530,539,545,554,560,569,575,584,590,599,605
qt-extras/qwt/gen_qwt_plot_magnifier.go
  s_64fea63fed100b::t_127a0a96e1cb96 18-22,225-229,255-259,289-293,319-323,349-353,379-383,409-413,439-443,469-473,501-505,531-535,561-565,591-595,621-625
qt-extras/qwt/gen_qwt_plot_panner.cpp
  s_64fea63fed100b::t_4d27df67f270fd 1-2,47,115,119,126,133,137,141,148,152,156,163,167,173,180,184,190,197,201,207,214,218,224,231,235,241,248,252,258,265,269,275,282,286,290,297,301,307,314,318,322,329,333,337,344,348,353,360,364,368,375,379,383,390,394,399,406,410,416,423,427,433,440,444,450,457,461,467,474,478,484,491,495,501,508,512,518,525,529,535,542,546,552,559,563,569,576,580,586,593,597,603,610,614,620,627,631,637,644,648,654,661,665,671,678,682,688,695,699,705,712,716,722,729,733,739,746,750,756,763,767,773,780,784,790,797,801,813,820,824,830,837,841,847,854,858,864,871,875,880,887,891,895,902,906,912,919,923,929,936,940,945,952,956,962,969,973,979,986,990,996,1003,1007,1015,1022,1026,1034,1159,1165,1174,1180,1189,1195,1204,1210,1219,1225,1234,1240,1249,1255,1264,1270,1279,1285,1294,1300,1309,1315,1324,1330,1339,1345,1354,1360,1369,1375,1384,1390,1399,1405,1414,1420,1429,1435,1444,1450,1459,1465,1474,1480,1489,1495,1504,1510,1519,1525,1534,1540,1549,1555,1564,1570,1579,1585,1594,1600,1609,1615,1624,1630,1639,1645,1654,1660,1669,1675,1684,1690,1699,1705,1714,1720,1729,1735,1744,1750,1759,1765,1774,1780,1790,1796,1805,1811,1820,1826,1835,1841,1850,1856,1865,1871,1880,1886,1895,1901,1910,1916,1925,1931,1940,1946,1955,1961,1970,1976
qt-extras/qwt/gen_qwt_plot_panner.go
  s_64fea63fed100b::t_bfdb81591baf5b 18-22,289-293,323-327,354-358,383-387,417-421,447-451,477-481,507-511,537-541,567-571,597-601,626-630,658-662,689-693,718-722,750-754,779-783,808-812,840-844,870-874,900-904,930-934,960-964,990-994,1020-1024,1050-1054,1080-1084,1110-1114,1140-1144,1170-1174,1200-1204,1230-1234,1260-1264,1290-1294,1320-1324,1350-1354,1380-1384,1410-1414,1440-1444,1470-1474,1500-1504,1537-1541,1575-1579,1605-1609,1637-1641,1667-1671,1699-1703,1728-1732,1760-1764,1792-1796,1824-1828,1854-1858,1884-1888,1914-1918,1944-1948
qt-extras/qwt/gen_qwt_plot_picker.cpp
  s_64fea63fed100b::t_6e3db2645482bf 1-2,35,90,94,101,108,112,119,126,130,137,144,148,156,163,167,175,182,186,191,198,202,208,215,219,223,230,234,240,247,251,257,264,268,272,279,283,290,297,301,307,314,318,323,330,334,339,346,350,355,362,366,372,379,383,389,396,400,406,413,417,423,430,434,440,447,451,457,464,468,474,481,485,491,498,502,508,515,519,530,537,541,546,553,557,562,569,573,579,586,590,596,603,607,613,620,624,632,639,643,651,658,662,670,677,681,689,787-790,795,802-805,810,823-826,838,845-848,853,860-863,868,916,922,931,937,946,952,961,967,976,982,991,997,1006,1012,1021,1027,1036,1042,1051,1057,1066,1072,1081,1087,1096,1102,1111,1117,1126,1132,1141,1147,1156,1162,1171,1177,1186,1192,1201,1207,1216,1222,1231,1237,1246,1252,1261,1267,1276,1282,1291,1297,1306,1312,1321,1327,1336,1342,1351,1357,1366,1372,1381,1387,1396,1402,1411,1417,1426,1432
qt-extras/qwt/gen_qwt_plot_picker.go
  s_64fea63fed100b::t_ab8ec9458a5e33 18-22,136-139,158-161,186-189,216-219,238-241,473-477,507-511,541-545,573-577,603-607,633-637,665-669,701-705,730-734,760-764,792-796,823-827,855-859,885-889,912-916,939-943,966-970,996-1000,1026-1030,1056-1060,1086-1090,1116-1120,1146-1150,1176-1180,1206-1210,1236-1240,1268-1272,1295-1299,1327-1331,1357-1361,1387-1391,1417-1421,1447-1451,1477-1481,1511-1515
qt-extras/qwt/gen_qwt_plot_picker.h
  s_64fea63fed100b::t_75ccbe9846dade 99,101,103,105,107
qt-extras/qwt/gen_qwt_plot_renderer.cpp
  s_64fea63fed100b::t_0906ce1355bd5b 1-2,25,51,55,65,72,76,86,93,97,107,114,118,132,139,143,153,160,164,169,176,180,186,193,197,203,210,214,220,227,231,237,244,248,256,263,267,275,486,492,501,507,516,522,531,537,546,552,561,567,576,582,591,597,606,612,621,627,636,642,651,657
qt-extras/qwt/gen_qwt_plot_renderer.go
  s_64fea63fed100b::t_2d2d9cd93871e5 39-43,364-368,398-402,432-436,466-470,508-512,542-546,574-578,608-612,638-642,668-672,698-702,728-732
qt-extras/qwt/gen_qwt_plot_rescaler.cpp
  s_64fea63fed100b::t_0212aa0a35727d 1-2,18,45,49,55,62,66,72,79,83,94,101,105,116,123,127,138,145,149,155,162,166,171,178,182,188,195,199,205,212,216,222,229,233,241,248,252,260,375,381,390,396,405,411,420,426,435,441,450,456,465,471,480,486,495,501,510,516,525,531,540,546
qt-extras/qwt/gen_qwt_plot_rescaler.go
  s_64fea63fed100b::t_470a9716cc622e 34-38,285-289,319-323,349-353,383-387,421-425,457-461,487-491,519-523,549-553,579-583,609-613,639-643
qt-extras/qwt/gen_qwt_plot_zoomer.cpp
  s_64fea63fed100b::t_4aaedc2ea9e2a7 1-2,35,94,98,104,111,115,123,130,134,141,148,152,160,167,171,179,186,190,196,203,207,212,219,223,227,234,238,244,251,255,261,268,272,277,284,288,293,300,304,311,318,322,329,336,340,348,355,359,367,374,378,384,391,395,399,406,410,416,423,427,433,440,444,448,455,459,466,473,477,483,490,494,499,506,510,515,522,526,532,539,543,549,556,560,566,573,577,583,590,594,600,607,611,617,624,628,634,641,645,656,663,667,672,679,683,688,695,699,705,712,716,722,729,733,739,746,750,758,765,769,777,784,788,796,803,807,815,936-939,944,992,998,1007,1013,1022,1028,1037,1043,1052,1058,1067,1073,1082,1088,1097,1103,1112,1118,1127,1133,1142,1148,1157,1163,1172,1178,1187,1193,1202,1208,1217,1223,1232,1238,1247,1253,1262,1268,1277,1283,1292,1298,1307,1313,1322,1328,1337,1343,1352,1358,1367,1373,1382,1388,1397,1403,1412,1418,1427,1433,1442,1448,1457,1463,1472,1478,1487,1493,1502,1508,1517,1523,1532,1538,1547,1553,1562,1568,1577,1583,1592,1598,1607,1613
qt-extras/qwt/gen_qwt_plot_zoomer.go
  s_64fea63fed100b::t_ee64b597c79191 18-22,166-169,369-373,399-403,429-433,461-465,491-495,521-525,551-555,580-584,609-613,639-643,669-673,696-700,730-734,764-768,796-800,826-830,856-860,892-896,921-925,951-955,983-987,1014-1018,1046-1050,1076-1080,1103-1107,1130-1134,1160-1164,1190-1194,1220-1224,1250-1254,1280-1284,1310-1314,1340-1344,1372-1376,1399-1403,1431-1435,1461-1465,1491-1495,1521-1525,1551-1555,1581-1585,1615-1619
qt-extras/qwt/gen_qwt_plot_zoomer.h
  s_64fea63fed100b::t_7cbcae3ec44df4 107
qt-extras/qwt/gen_qwt_point_data.cpp
  s_64fea63fed100b::t_d5b55c920bc019 1-2,13,17,21,42,46,50,57,61,65,72,76,81,152,158,167,173,182,188,209,213,217,224,228,232,239,243,248,285,291,300,306,315,321,343,347,351,358,362,366,373,377,382,389,393,398,403,407,413,420,424,432,493,499,508,514,523,529,538,544,549,555,564,570
qt-extras/qwt/gen_qwt_point_data.go
  s_64fea63fed100b::t_2b03daec8c46a2 18-22,129-133,158-162,189-193,229-233,310-314,339-343,370-374,410-414,519-523,550-554,581-585,607-611,639-643,671-675
qt-extras/qwt/gen_qwt_raster_data.cpp
  s_64fea63fed100b::t_41a31768fe4a89 1-2,12,30,34,44,51,55,62,69,73,84,91,95,100,107,111,117,154,160,169,175,184,190,199,205,214,220
qt-extras/qwt/gen_qwt_raster_data.go
  s_64fea63fed100b::t_0a6597aadd2698 25-29,100-104,134-138,166-170,198-202,219-223
qt-extras/qwt/gen_qwt_round_scale_draw.cpp
  s_64fea63fed100b::t_c55c7c86aa0ceb 1-2,14,33,37,44,51,55,63,70,74,80,87,91,98,105,109,118,125,129,134,182,188,197,203,212,218,227,233,242,248,257,263
qt-extras/qwt/gen_qwt_round_scale_draw.go
  s_64fea63fed100b::t_8a246aba60cb77 18-22,127-131,159-163,193-197,223-227,255-259,289-293
qt-extras/qwt/gen_qwt_scale_draw.cpp
  s_64fea63fed100b::t_6eb304c8c89e35 1-2,18,37,41,48,55,59,67,74,78,84,91,95,102,109,113,122,129,133,138,250,256,265,271,280,286,295,301,310,316,325,331
qt-extras/qwt/gen_qwt_scale_draw.go
  s_64fea63fed100b::t_4d4108b900ee38 27-31,220-224,252-256,286-290,316-320,348-352,382-386
qt-extras/qwt/gen_qwt_scale_engine.cpp
  s_64fea63fed100b::t_4b75c6a836587a 1-2,11,14,17,54,58,66,71,75,84,178,184,189,195,272,276,285,292,296,305,351,357,366,372,530,534,543,550,554,563,609,615,624,630
qt-extras/qwt/gen_qwt_scale_engine.go
  s_64fea63fed100b::t_9d3c6a6f56244e 12,90-94,285-289,315-319,363-367,596-600,634-638,682-686,915-919,953-957
qt-extras/qwt/gen_qwt_scale_widget.cpp
  s_64fea63fed100b::t_1e831642c64158 1-2,47,111,115,119,126,130,134,141,145,151,158,162,168,175,179,183,190,194,200,207,211,216,223,227,231,238,242,246,253,257,262,269,273,279,286,290,296,303,307,313,320,324,330,337,341,347,354,358,364,371,375,381,388,392,398,405,409,415,422,426,432,439,443,449,456,460,466,473,477,483,490,494,500,507,511,517,524,528,534,541,545,551,558,562,568,575,579,585,592,596,602,609,613,619,626,630,636,643,647,659,666,670,676,683,687,693,700,704,710,717,721,726,733,737,741,748,752,758,765,769,775,782,786,791,798,802,808,815,819,825,832,836,842,849,853,859,866,870,878,885,889,897,973-976,978,1180,1186,1195,1201,1210,1216,1225,1231,1240,1246,1255,1261,1270,1276,1285,1291,1300,1306,1315,1321,1330,1336,1345,1351,1360,1366,1375,1381,1390,1396,1405,1411,1420,1426,1435,1441,1450,1456,1465,1471,1480,1486,1495,1501,1510,1516,1525,1531,1540,1546,1555,1561,1570,1576,1585,1591,1600,1606,1615,1621,1630,1636,1645,1651,1660,1666,1676,1682,1691,1697,1706,1712,1721,1727,1736,1742,1751,1757,1766,1772,1781,1787,1796,1802,1811,1817,1826,1832,1841,1847,1856,1862,1871,1877
qt-extras/qwt/gen_qwt_scale_widget.go
  s_64fea63fed100b::t_e5acc5e509c6e8 24-28,120-123,524-528,555-559,584-588,614-618,644-648,673-677,703-707,735-739,764-768,793-797,825-829,855-859,885-889,915-919,945-949,975-979,1005-1009,1035-1039,1065-1069,1095-1099,1125-1129,1155-1159,1185-1189,1215-1219,1245-1249,1275-1279,1305-1309,1335-1339,1365-1369,1395-1399,1425-1429,1455-1459,1492-1496,1530-1534,1560-1564,1592-1596,1622-1626,1654-1658,1683-1687,1715-1719,1747-1751,1779-1783,1813-1817,1843-1847,1873-1877,1903-1907,1933-1937
qt-extras/qwt/gen_qwt_scale_widget.h
  s_64fea63fed100b::t_b4240046438b6b 111
qt-extras/qwt/gen_qwt_series_data.cpp
  s_64fea63fed100b::t_926e3522e2158f 1-2,13,15,17,19,21,36,40,44,71,77,98,102,106,133,139,160,164,168,195,201,222,226,230,257,263,284,288,292,319,325
qt-extras/qwt/gen_qwt_series_data.go
  s_64fea63fed100b::t_8b9eee645bd2fe 18-22,87-91,124-128,193-197,230-234,299-303,336-340,405-409,442-446,511-515
qt-extras/qwt/gen_qwt_slider.cpp
  s_64fea63fed100b::t_bd168c7a9f5c1a 1-2,46,115,119,123,130,134,138,145,149,156,163,167,174,181,185,194,201,205,215,222,226,232,239,243,249,256,260,266,273,277,283,290,294,300,307,311,317,324,328,333,340,344,350,357,361,367,374,378,384,391,395,400,407,411,415,422,426,432,439,443,448,455,459,463,470,474,478,485,489,494,501,505,511,518,522,528,535,539,545,552,556,562,569,573,579,586,590,596,603,607,613,620,624,630,637,641,647,654,658,664,671,675,681,688,692,698,705,709,715,722,726,732,739,743,749,756,760,766,773,777,783,790,794,806,813,817,823,830,834,840,847,851,856,863,867,871,878,882,888,895,899,905,912,916,921,928,932,938,945,949,955,962,966,972,979,983,991,998,1002,1010,1212,1218,1227,1233,1242,1248,1257,1263,1272,1278,1287,1293,1302,1308,1317,1323,1332,1338,1347,1353,1362,1368,1377,1383,1392,1398,1407,1413,1422,1428,1437,1443,1452,1458,1467,1473,1482,1488,1497,1503,1512,1518,1527,1533,1542,1548,1557,1563,1572,1578,1587,1593,1602,1608,1617,1623,1632,1638,1647,1653,1662,1668,1677,1683,1692,1698,1707,1713,1722,1728,1737,1743,1752,1758,1767,1773,1782,1788,1797,1803,1812,1818,1828,1834,1843,1849,1858,1864,1873,1879,1888,1894,1903,1909,1918,1924,1933,1939,1948,1954,1963,1969,1978,1984,1993,1999
qt-extras/qwt/gen_qwt_slider.go
  s_64fea63fed100b::t_a8b7f5b6a047c6 26-30,475-479,506-510,535-539,567-571,599-603,631-635,665-669,695-699,725-729,755-759,785-789,815-819,845-849,872-876,902-906,932-936,962-966,989-993,1018-1022,1048-1052,1080-1084,1109-1113,1138-1142,1170-1174,1200-1204,1230-1234,1260-1264,1290-1294,1320-1324,1350-1354,1380-1384,1410-1414,1440-1444,1470-1474,1500-1504,1530-1534,1560-1564,1590-1594,1620-1624,1650-1654,1687-1691,1725-1729,1757-1761,1787-1791,1819-1823,1848-1852,1880-1884,1912-1916,1944-1948,1978-1982,2008-2012,2038-2042,2068-2072
qt-extras/qwt/gen_qwt_symbol.cpp
  s_64fea63fed100b::t_7f43cc5389a79f 1-2,21,40,44,52,59,63,67,74,78,86,258,264,273,279,288,294
qt-extras/qwt/gen_qwt_symbol.go
  s_64fea63fed100b::t_4af893762f2980 52-56,262-266,294-298,323-327
qt-extras/qwt/gen_qwt_text_engine.cpp
  s_64fea63fed100b::t_93422a686e2a6c 1-2,17,23,29,47,51,68,73,77,93,98,102,114,119,123,142,147,151,168,208,214,219,225,230,236,241,247,252,258,275,279,296,303,307,323,330,334,352,359,363,375,382,386,406,456,462,472,478,488,494,504,510,520,526,548,552,569,576,580,596,603,607,625,632,636,648,655,659,679,729,735,745,751,761,767,777,783,793,799
qt-extras/qwt/gen_qwt_text_engine.go
  s_64fea63fed100b::t_11b482e1675572 18-22,107-111,141-145,174-178,203-207,239-243,286-290,395-399,441-445,484-488,527-531,566-570,616-620,725-729,771-775,814-818,857-861,896-900
qt-extras/qwt/gen_qwt_text_label.cpp
  s_64fea63fed100b::t_12f7d526444af8 1-2,49,115,119,127,134,138,142,149,153,157,164,168,173,180,184,193,200,204,210,217,221,227,234,238,243,250,254,260,267,271,275,282,286,292,299,303,307,314,318,322,329,333,339,346,350,356,363,367,373,380,384,390,397,401,407,414,418,424,431,435,441,448,452,458,465,469,475,482,486,492,499,503,509,516,520,526,533,537,543,550,554,560,567,571,577,584,588,594,601,605,611,618,622,628,635,639,645,652,656,662,669,673,679,686,690,696,703,707,713,720,724,736,743,747,753,760,764,770,777,781,786,793,797,801,808,812,818,825,829,835,842,846,851,858,862,868,875,879,885,892,896,902,909,913,919,926,930,938,945,949,957,1148,1154,1163,1169,1178,1184,1193,1199,1208,1214,1223,1229,1238,1244,1253,1259,1268,1274,1283,1289,1298,1304,1313,1319,1328,1334,1343,1349,1358,1364,1373,1379,1388,1394,1403,1409,1418,1424,1433,1439,1448,1454,1463,1469,1478,1484,1493,1499,1508,1514,1523,1529,1538,1544,1553,1559,1568,1574,1583,1589,1598,1604,1613,1619,1628,1634,1643,1649,1658,1664,1673,1679,1688,1694,1704,1710,1719,1725,1734,1740,1749,1755,1764,1770,1779,1785,1794,1800,1809,1815,1824,1830,1839,1845,1854,1860,1869,1875,1884,1890
qt-extras/qwt/gen_qwt_text_label.go
  s_64fea63fed100b::t_3b44efd3b68079 18-22,392-396,424-428,455-459,484-488,516-520,548-552,578-582,608-612,640-644,670-674,699-703,729-733,758-762,787-791,817-821,847-851,877-881,907-911,937-941,967-971,997-1001,1027-1031,1057-1061,1087-1091,1117-1121,1147-1151,1177-1181,1207-1211,1237-1241,1267-1271,1297-1301,1327-1331,1357-1361,1387-1391,1417-1421,1447-1451,1484-1488,1522-1526,1554-1558,1584-1588,1616-1620,1645-1649,1677-1681,1709-1713,1741-1745,1775-1779,1805-1809,1835-1839,1865-1869,1895-1899
qt-extras/qwt/gen_qwt_thermo.cpp
  s_64fea63fed100b::t_9e28274b985213 1-2,47,111,115,119,126,130,134,141,145,151,158,162,171,178,182,187,194,198,204,211,215,221,228,232,238,245,249,253,260,264,270,277,281,286,293,297,301,308,312,316,323,327,332,339,343,349,356,360,366,373,377,383,390,394,400,407,411,417,424,428,434,441,445,451,458,462,468,475,479,485,492,496,502,509,513,519,526,530,536,543,547,553,560,564,570,577,581,587,594,598,604,611,615,621,628,632,638,645,649,655,662,666,672,679,683,689,696,700,706,713,717,729,736,740,746,753,757,763,770,774,779,786,790,794,801,805,811,818,822,828,835,839,844,851,855,861,868,872,878,885,889,895,902,906,912,919,923,931,938,942,950,1198,1204,1213,1219,1228,1234,1243,1249,1258,1264,1273,1279,1288,1294,1303,1309,1318,1324,1333,1339,1348,1354,1363,1369,1378,1384,1393,1399,1408,1414,1423,1429,1438,1444,1453,1459,1468,1474,1483,1489,1498,1504,1513,1519,1528,1534,1543,1549,1558,1564,1573,1579,1588,1594,1603,1609,1618,1624,1633,1639,1648,1654,1663,1669,1678,1684,1693,1699,1708,1714,1723,1729,1738,1744,1754,1760,1769,1775,1784,1790,1799,1805,1814,1820,1829,1835,1844,1850,1859,1865,1874,1880,1889,1895,1904,1910,1919,1925,1934,1940
qt-extras/qwt/gen_qwt_thermo.go
  s_64fea63fed100b::t_a3a5daedd7daa1 34-38,529-533,560-564,589-593,619-623,651-655,678-682,708-712,738-742,768-772,797-801,827-831,859-863,888-892,917-921,949-953,979-983,1009-1013,1039-1043,1069-1073,1099-1103,1129-1133,1159-1163,1189-1193,1219-1223,1249-1253,1279-1283,1309-1313,1339-1343,1369-1373,1399-1403,1429-1433,1459-1463,1489-1493,1519-1523,1549-1553,1579-1583,1616-1620,1654-1658,1686-1690,1716-1720,1748-1752,1777-1781,1809-1813,1841-1845,1873-1877,1907-1911,1937-1941,1967-1971,1997-2001,2027-2031
qt-extras/qwt/gen_qwt_transform.cpp
  s_64fea63fed100b::t_3e400004b29775 1-2,10,15,20,25,43,47,52,59,63,68,73,77,82,87,91,95,130,136,145,151,156,162,167,173,190,194,199,206,210,215,222,226,230,237,241,246,283,289,298,304,313,319,328,334,355,359,364,371,375,380,387,391,396,403,407,411,452,458,467,473,482,488,497,503,524,528,533,540,544,549,556,560,564,571,575,580,613,619,628,634,643,649,658,664
qt-extras/qwt/gen_qwt_transform.go
  s_64fea63fed100b::t_7b8ab995310161 12,18-22,93-97,119-123,145-149,171-175,208-212,283-287,315-319,347-351,376-380,416-420,495-499,527-531,559-563,591-595,628-632,699-703,731-735,763-767,792-796
qt-extras/qwt/gen_qwt_wheel.cpp
  s_64fea63fed100b::t_494a6c7dccd77f 1-2,47,115,119,125,132,136,142,149,153,159,166,170,176,183,187,193,200,204,210,217,221,227,234,238,242,249,253,257,264,268,277,284,288,297,304,308,315,322,326,330,337,341,347,354,358,363,370,374,378,385,389,393,400,404,409,416,420,426,433,437,443,450,454,460,467,471,477,484,488,494,501,505,511,518,522,528,535,539,545,552,556,562,569,573,579,586,590,596,603,607,613,620,624,630,637,641,647,654,658,664,671,675,681,688,692,698,705,709,715,722,726,738,745,749,755,762,766,772,779,783,789,796,800,805,812,816,820,827,831,837,844,848,854,861,865,870,877,881,887,894,898,904,911,915,921,928,932,940,947,951,959,1174-1177,1180,1187-1190,1192,1199-1202,1204,1211-1214,1217,1265,1271,1280,1286,1295,1301,1310,1316,1325,1331,1340,1346,1355,1361,1370,1376,1385,1391,1400,1406,1415,1421,1430,1436,1445,1451,1460,1466,1475,1481,1490,1496,1505,1511,1520,1526,1535,1541,1550,1556,1565,1571,1580,1586,1595,1601,1610,1616,1625,1631,1640,1646,1655,1661,1670,1676,1685,1691,1700,1706,1715,1721,1730,1736,1745,1751,1760,1766,1775,1781,1790,1796,1805,1811,1821,1827,1836,1842,1851,1857,1866,1872,1881,1887,1896,1902,1911,1917,1926,1932,1941,1947,1956,1962,1971,1977,1986,1992,2001,2007
qt-extras/qwt/gen_qwt_wheel.go
  s_64fea63fed100b::t_d24d2ac2fdb63d 18-22,250-253,272-275,291-294,310-313,529-533,559-563,589-593,619-623,649-653,679-683,709-713,741-745,772-776,801-805,833-837,865-869,897-901,926-930,956-960,988-992,1017-1021,1046-1050,1078-1082,1108-1112,1138-1142,1168-1172,1198-1202,1228-1232,1258-1262,1288-1292,1318-1322,1348-1352,1378-1382,1408-1412,1438-1442,1468-1472,1498-1502,1528-1532,1558-1562,1588-1592,1625-1629,1663-1667,1693-1697,1725-1729,1755-1759,1787-1791,1816-1820,1848-1852,1880-1884,1912-1916,1946-1950,1976-1980,2006-2010,2036-2040
qt-extras/qwt/gen_qwt_wheel.h
  s_64fea63fed100b::t_c6d9b33a19dffa 134,136,138,140
qt-extras/qwt/gen_qwt_widget_overlay.cpp
  s_64fea63fed100b::t_3a219c8a9c088f 1-2,42,104,108,114,121,125,131,138,142,148,155,159,163,170,174,179,184,188,192,199,203,209,216,220,224,231,235,239,246,250,255,262,266,270,277,281,285,292,296,301,308,312,318,325,329,335,342,346,352,359,363,369,376,380,386,393,397,403,410,414,420,427,431,437,444,448,454,461,465,471,478,482,488,495,499,505,512,516,522,529,533,539,546,550,556,563,567,573,580,584,590,597,601,607,614,618,624,631,635,641,648,652,658,665,669,675,682,686,698,705,709,715,722,726,732,739,743,749,756,760,765,772,776,780,787,791,797,804,808,814,821,825,830,837,841,847,854,858,864,871,875,881,888,892,900,907,911,919,972,978,987,993,1002,1008,1017,1023,1032,1038,1043,1049,1058,1064,1073,1079,1088,1094,1103,1109,1118,1124,1133,1139,1148,1154,1163,1169,1178,1184,1193,1199,1208,1214,1223,1229,1238,1244,1253,1259,1268,1274,1283,1289,1298,1304,1313,1319,1328,1334,1343,1349,1358,1364,1373,1379,1388,1394,1403,1409,1418,1424,1433,1439,1448,1454,1463,1469,1478,1484,1493,1499,1509,1515,1524,1530,1539,1545,1554,1560,1569,1575,1584,1590,1599,1605,1614,1620,1629,1635,1644,1650,1659,1665,1674,1680,1689,1695
qt-extras/qwt/gen_qwt_widget_overlay.go
  s_64fea63fed100b::t_9d08df51a9aa5a 34-38,233-237,267-271,297-301,329-333,352-356,382-386,411-415,443-447,474-478,503-507,535-539,564-568,593-597,625-629,655-659,685-689,715-719,745-749,775-779,805-809,835-839,865-869,895-899,925-929,955-959,985-989,1015-1019,1045-1049,1075-1079,1105-1109,1135-1139,1165-1169,1195-1199,1225-1229,1255-1259,1292-1296,1330-1334,1360-1364,1392-1396,1422-1426,1454-1458,1483-1487,1515-1519,1547-1551,1579-1583,1609-1613,1639-1643,1669-1673,1699-1703
qt-extras/scintillaedit/gen_ScintillaEdit.cpp
  s_64fea63fed100b::t_d7794940098885 1-2,83,174,187,2161,2165,2174,2181,2185,2193,2200,2204,2209,2216,2220,2226,2233,2237,2243,2250,2254,2260,2267,2271,2277,2284,2288,2294,2301,2305,2311,2318,2322,2328,2335,2339,2345,2352,2356,2362,2369,2373,2379,2386,2390,2396,2403,2407,2413,2420,2424,2430,2437,2441,2447,2454,2458,2464,2471,2475,2481,2488,2492,2498,2505,2509,2516,2523,2527,2531,2538,2542,2546,2553,2557,2563,2570,2574,2580,2587,2591,2596,2603,2607,2611,2618,2622,2628,2635,2639,2643,2650,2654,2660,2667,2671,2676,2683,2687,2691,2698,2702,2706,2713,2717,2723,2730,2734,2740,2747,2751,2757,2764,2768,2774,2781,2785,2791,2798,2802,2808,2815,2819,2825,2832,2836,2842,2849,2853,2859,2866,2870,2882,2889,2893,2899,2906,2910,2916,2923,2927,2932,2939,2943,2947,2954,2958,2963,2970,2974,2980,2987,2991,2997,3004,3008,3014,3021,3025,3033,3040,3044,3052,3146-3149,3152,3159-3162,3165,3172-3175,3179,3186-3189,3193,3200-3203,3205,3212-3215,3219,3226-3229,3232,3239-3242,3246,3253-3256,3259,3266-3269,3272,3279-3282,3284,3291-3294,3297,3304-3307,3313,3320-3323,3327,3335-3338,3360,3367-3370,3378,3385-3388,3395,3402-3405,3410,3417-3420,3426,3433-3436,3438,3445-3448,3450,3458-3461,3471,3478-3481,3485,3492-3495,3499,3506-3509,3512,3519-3522,3528,3535-3538,3544,3551-3554,3556,3564-3567,3579,3586-3589,3591,3598-3601,3604,3611-3614,3617,3624-3627,3633,3640-3643,3646,3653-3656,3659,3666-3669,3672,3679-3682,3684,3732,3738,3748,3754,3764,3770,3779,3785,3794,3800,3809,3815,3824,3830,3839,3845,3854,3860,3869,3875,3884,3890,3899,3905,3914,3920,3929,3935,3944,3950,3959,3965,3974,3980,3989,3995,4004,4010,4019,4025,4034,4040,4049,4055,4064,4070,4079,4085,4094,4100,4109,4115,4124,4130,4139,4145,4154,4160,4169,4175,4184,4190,4199,4205,4214,4220,4229,4235,4244,4250,4259,4265,4274,4280,4289,4295,4304,4310,4319,4325,4334,4340,4349,4355,4364,4370,4380,4386,4395,4401,4410,4416,4425,4431,4440,4446,4455,4461,4470,4476,4485,4491,4500,4506,4515,4521,4686,4690,4695,4702,4706,4712,4719,4723,4729,4736,4740,4746,4753,4757,4763,4770,4774,4782,4789,4793,4801,5030-5033,5035,5042-5045,5048,5056-5059,5074,5081-5084,5087,5094-5097,5100,5152,5158,5167,5173,5182,5188,5197,5203,5212,5218,5227,5233,5242,5248,5313,5317,5326,5333,5337,5345,5352,5356,5361,5368,5372,5378,5385,5389,5395,5402,5406,5412,5419,5423,5429,5436,5440,5446,5453,5457,5463,5470,5474,5480,5487,5491,5497,5504,5508,5514,5521,5525,5531,5538,5542,5548,5555,5559,5565,5572,5576,5582,5589,5593,5599,5606,5610,5616,5623,5627,5633,5640,5644,5650,5657,5661,5668,5675,5679,5683,5690,5694,5698,5705,5709,5715,5722,5726,5732,5739,5743,5748,5755,5759,5763,5770,5774,5780,5787,5791,5795,5802,5806,5812,5819,5823,5828,5835,5839,5843,5850,5854,5858,5865,5869,5875,5882,5886,5892,5899,5903,5909,5916,5920,5926,5933,5937,5943,5950,5954,5960,5967,5971,5977,5984,5988,5994,6001,6005,6011,6018,6022,6034,6041,6045,6051,6058,6062,6068,6075,6079,6084,6091,6095,6099,6106,6110,6115,6122,6126,6132,6139,6143,6149,6156,6160,6166,6173,6177,6185,6192,6196,6204,9999,10005,10015,10021,10031,10037,10046,10052,10061,10067,10076,10082,10091,10097,10106,10112,10121,10127,10136,10142,10151,10157,10166,10172,10181,10187,10196,10202,10211,10217,10226,10232,10241,10247,10256,10262,10271,10277,10286,10292,10301,10307,10316,10322,10331,10337,10346,10352,10361,10367,10376,10382,10391,10397,10406,10412,10421,10427,10436,10442,10451,10457,10466,10472,10481,10487,10496,10502,10511,10517,10526,10532,10541,10547,10556,10562,10571,10577,10586,10592,10601,10607,10616,10622,10631,10637,10647,10653,10662,10668,10677,10683,10692,10698,10707,10713,10722,10728,10737,10743,10752,10758,10767,10773,10782,10788
qt-extras/scintillaedit/gen_ScintillaEdit.go
  s_64fea63fed100b::t_8381a988dda937 5521-5525,5631-5634,5653-5656,5675-5678,5699-5702,5723-5726,5742-5745,5764-5767,5786-5789,5808-5811,5830-5833,5852-5855,5871-5874,5893-5896,5917-5920,5946-5949,5984-5987,6010-6013,6036-6039,6060-6063,6084-6087,6103-6106,6126-6129,6151-6154,6175-6178,6199-6202,6221-6224,6245-6248,6269-6272,6292-6295,6319-6322,6338-6341,6360-6363,6382-6385,6406-6409,6428-6431,6450-6453,6472-6475,6712-6716,6750-6754,6787-6791,6819-6823,6849-6853,6879-6883,6909-6913,6939-6943,6969-6973,6999-7003,7029-7033,7059-7063,7089-7093,7119-7123,7149-7153,7179-7183,7209-7213,7239-7243,7269-7273,7301-7305,7333-7337,7367-7371,7398-7402,7427-7431,7457-7461,7491-7495,7525-7529,7554-7558,7584-7588,7613-7617,7643-7647,7675-7679,7704-7708,7733-7737,7763-7767,7793-7797,7823-7827,7853-7857,7883-7887,7913-7917,7943-7947,7973-7977,8010-8014,8048-8052,8080-8084,8110-8114,8142-8146,8171-8175,8203-8207,8233-8237,8263-8267,8293-8297,8323-8327,8361-8365,8621-8624,8640-8643,8669-8672,8707-8710,8729-8732,8860-8864,8892-8896,8926-8930,8956-8960,8986-8990,9016-9020,9046-9050,9084-9088,12886-12890,12924-12928,12961-12965,12993-12997,13023-13027,13053-13057,13083-13087,13113-13117,13143-13147,13173-13177,13203-13207,13233-13237,13263-13267,13293-13297,13323-13327,13353-13357,13383-13387,13413-13417,13443-13447,13475-13479,13507-13511,13541-13545,13572-13576,13601-13605,13631-13635,13665-13669,13699-13703,13728-13732,13758-13762,13787-13791,13817-13821,13849-13853,13878-13882,13907-13911,13937-13941,13967-13971,13997-14001,14027-14031,14057-14061,14087-14091,14117-14121,14147-14151,14184-14188,14222-14226,14254-14258,14284-14288,14316-14320,14345-14349,14377-14381,14407-14411,14437-14441,14467-14471,14497-14501
qt-extras/scintillaedit/gen_ScintillaEdit.h
  s_64fea63fed100b::t_e94a52eb0eb8be 863,865,867,869,871,873,875,877,879,881,883,885,887,889,891,893,895,897,899,901,903,905,907,909,911,913,915,917,919,921,923,925,927,929,931,933,935,1132,1134,1136,1138,1140
qt-restricted-extras/charts6/gen_qabstractaxis.cpp
  s_64fea63fed100b::t_bf48a0c8408734 1-2,22,345-348,351,358-361,366,373-376,379,386-389,392,399-402,407,414-417,422,429-432,435,442-445,450,457-460,463,470-473,476,483-486,491,498-501,506,513-516,521,528-531,534,541-544,547,555-558,568,575-578,583,590-593,596,603-606,611,618-621,624,631-634,637,644-647,650,657-660,665,672-675,680,687-690,693,700-703,706,713-716,719,726-729,732
qt-restricted-extras/charts6/gen_qabstractaxis.go
  s_64fea63fed100b::t_25e5b055bc0d99 30-34,382-385,404-407,426-429,448-451,470-473,492-495,514-517,536-539,558-561,580-583,602-605,624-627,646-649,668-671,692-695,720-723,745-748,767-770,789-792,811-814,833-836,857-860,881-884,903-906,925-928,947-950,969-972,991-994
qt-restricted-extras/charts6/gen_qabstractaxis.h
  s_64fea63fed100b::t_c1c0e442202eb2 107,109,111,113,115,117,119,121,123,125,127,129,131,133,135,137,139,141,143,145,147,149,151,153,155,157,159,161
qt-restricted-extras/charts6/gen_qabstractbarseries.cpp
  s_64fea63fed100b::t_744f569eefe164 1-2,20,171-174,178,185-188,193,200-203,207,214-217,221,228-231,235,242-245,247,254-257,259,267-270,280,287-290,294,301-304,308,315-318,321,334-337,349,362-365,377
qt-restricted-extras/charts6/gen_qabstractbarseries.go
  s_64fea63fed100b::t_dcd3ec2d61ddcf 27-31,189-192,213-216,239-242,263-266,287-290,311-314,330-333,353-356,378-381,400-403,422-425,450-453,484-487
qt-restricted-extras/charts6/gen_qabstractbarseries.h
  s_64fea63fed100b::t_14655c088b4b05 58,60,62,64,66,68,70,72,74,76,78,80,82
qt-restricted-extras/charts6/gen_qabstractseries.cpp
  s_64fea63fed100b::t_3b5eb5ca565e4f 1-2,20,135-138,140,147-150,152,159-162,164,171-174,176
qt-restricted-extras/charts6/gen_qabstractseries.go
  s_64fea63fed100b::t_cb31b677160101 36-40,172-175,191-194,210-213,229-232
qt-restricted-extras/charts6/gen_qabstractseries.h
  s_64fea63fed100b::t_29d2ed546ba5fd 53,55,57,59
qt-restricted-extras/charts6/gen_qarealegendmarker.cpp
  s_64fea63fed100b::t_9da7f7114e807a 1-2,23,46,50,54,61,65,69,76,80,85,92,96,102,109,113,119,126,130,136,143,147,153,160,164,172,179,183,191,267,273,283,289,298,304,313,319,328,334,343,349,358,364,373,379,388,394
qt-restricted-extras/charts6/gen_qarealegendmarker.go
  s_64fea63fed100b::t_6f9679f1082f1d 18-22,184-188,213-217,242-246,274-278,308-312,338-342,368-372,398-402,428-432
qt-restricted-extras/charts6/gen_qareaseries.cpp
  s_64fea63fed100b::t_cc7d4ee9403a35 1-2,27,64,68,72,79,83,88,95,99,105,112,116,122,129,133,139,146,150,156,163,167,175,182,186,194,359-362,367,374-377,383,390-393,398,405-408,413,420-423,428,435-438,440,447-450,453,460-463,466,474-477,487,494-497,500,507-510,515,522-525,530,537-540,543,581,587,597,603,612,618,627,633,642,648,657,663,672,678,687,693
qt-restricted-extras/charts6/gen_qareaseries.go
  s_64fea63fed100b::t_6d5e3991eb7068 18-22,224-227,246-249,270-273,292-295,314-317,336-339,355-358,379-382,407-410,432-435,454-457,476-479,498-501,615-619,644-648,676-680,710-714,740-744,770-774,800-804,830-834
qt-restricted-extras/charts6/gen_qareaseries.h
  s_64fea63fed100b::t_9aba37fe62becd 83,85,87,89,91,93,95,97,99,101,103,105,107
qt-restricted-extras/charts6/gen_qbarcategoryaxis.cpp
  s_64fea63fed100b::t_59729390506ea8 1-2,22,49,53,57,64,68,73,80,84,90,97,101,107,114,118,124,131,135,141,148,152,160,167,171,179,352-355,357,365-368,378,386-389,399,408-411,429,436-439,441,467,473,483,489,498,504,513,519,528,534,543,549,558,564,573,579
qt-restricted-extras/charts6/gen_qbarcategoryaxis.go
  s_64fea63fed100b::t_a2e340eadb65ad 18-22,231-234,254-257,283-286,316-319,345-348,447-451,476-480,508-512,542-546,572-576,602-606,632-636,662-666
qt-restricted-extras/charts6/gen_qbarcategoryaxis.h
  s_64fea63fed100b::t_15a2a39b751651 60,62,64,66,68
qt-restricted-extras/charts6/gen_qbarlegendmarker.cpp
  s_64fea63fed100b::t_29d34d7806798b 1-2,24,47,51,55,62,66,70,77,81,86,93,97,103,110,114,120,127,131,137,144,148,154,161,165,173,180,184,192,272,278,288,294,303,309,318,324,333,339,348,354,363,369,378,384,393,399
qt-restricted-extras/charts6/gen_qbarlegendmarker.go
  s_64fea63fed100b::t_fcd3490b2ade2d 18-22,188-192,217-221,246-250,278-282,312-316,342-346,372-376,402-406,432-436
qt-restricted-extras/charts6/gen_qbarseries.cpp
  s_64fea63fed100b::t_64a6cfccb363fc 1-2,22,44,48,52,59,63,68,75,79,85,92,96,102,109,113,119,126,130,136,143,147,155,162,166,174,246,252,262,268,277,283,292,298,307,313,322,328,337,343,352,358
qt-restricted-extras/charts6/gen_qbarseries.go
  s_64fea63fed100b::t_a80b05438a7b14 18-22,180-184,209-213,241-245,275-279,305-309,335-339,365-369,395-399
qt-restricted-extras/charts6/gen_qbarset.cpp
  s_64fea63fed100b::t_22edd15c292500 1-2,25,64,68,73,80,84,90,97,101,107,114,118,124,131,135,141,148,152,160,167,171,179,427-430,433,440-443,447,454-457,460,467-470,473,480-483,486,493-496,498,505-508,510,517-520,522,529-532,534,541-544,546,553-556,559,566-569,572,579-582,585,592-595,600,607-610,614,621-624,628,635-638,641,654-657,669,699,705,714,720,729,735,744,750,759,765,774,780,789,795
qt-restricted-extras/charts6/gen_qbarset.go
  s_64fea63fed100b::t_6f4420679573da 18-22,306-309,328-331,352-355,374-377,396-399,418-421,437-440,456-459,475-478,494-497,513-516,537-540,561-564,585-588,607-610,631-634,655-658,683-686,798-802,830-834,864-868,894-898,924-928,954-958,984-988
qt-restricted-extras/charts6/gen_qbarset.h
  s_64fea63fed100b::t_ed5b800d18f591 88,90,92,94,96,98,100,102,104,106,108,110,112,114,116,118,120,122
qt-restricted-extras/charts6/gen_qboxplotlegendmarker.cpp
  s_64fea63fed100b::t_be9bd8bf2be23c 1-2,23,46,50,54,61,65,69,76,80,85,92,96,102,109,113,119,126,130,136,143,147,153,160,164,172,179,183,191,267,273,283,289,298,304,313,319,328,334,343,349,358,364,373,379,388,394
qt-restricted-extras/charts6/gen_qboxplotlegendmarker.go
  s_64fea63fed100b::t_ea66e988c7abf2 18-22,184-188,213-217,242-246,274-278,308-312,338-342,368-372,398-402,428-432
qt-restricted-extras/charts6/gen_qboxplotseries.cpp
  s_64fea63fed100b::t_aff802e5aeecfb 1-2,25,59,63,67,74,78,83,90,94,100,107,111,117,124,128,134,141,145,151,158,162,170,177,181,189,322-325,328,335-338,342,349-352,355,362-365,368,375-378,381,388-391,393,400-403,405,412-415,417,424-427,429,436-439,441,454-457,469,482-485,497,523,529,539,545,554,560,569,575,584,590,599,605,614,620,629,635
qt-restricted-extras/charts6/gen_qboxplotseries.go
  s_64fea63fed100b::t_9f201438adf7af 18-22,177-180,199-202,223-226,245-248,267-270,289-292,308-311,327-330,346-349,365-368,390-393,424-427,535-539,564-568,596-600,630-634,660-664,690-694,720-724,750-754
qt-restricted-extras/charts6/gen_qboxplotseries.h
  s_64fea63fed100b::t_f11b1bed267b17 67,69,71,73,75,77,79,81,83,85,87,89
qt-restricted-extras/charts6/gen_qboxset.cpp
  s_64fea63fed100b::t_44f00e8d1f318a 1-2,23,58,62,67,74,78,84,91,95,101,108,112,118,125,129,135,142,146,154,161,165,173,315-318,320,327-330,333,340-343,345,352-355,357,364-367,369,376-379,381,388-391,393,400-403,405,412-415,418,425-428,430,456,462,471,477,486,492,501,507,516,522,531,537,546,552
qt-restricted-extras/charts6/gen_qboxset.go
  s_64fea63fed100b::t_13d55dfe27072c 28-32,216-219,235-238,257-260,276-279,295-298,314-317,333-336,352-355,371-374,393-396,495-499,527-531,561-565,591-595,621-625,651-655,681-685
qt-restricted-extras/charts6/gen_qboxset.h
  s_64fea63fed100b::t_b8dc47453ce094 64,66,68,70,72,74,76,78,80,82
qt-restricted-extras/charts6/gen_qcandlesticklegendmarker.cpp
  s_64fea63fed100b::t_b6110fbdc533fe 1-2,23,46,50,54,61,65,69,76,80,85,92,96,102,109,113,119,126,130,136,143,147,153,160,164,172,179,183,191,267,273,283,289,298,304,313,319,328,334,343,349,358,364,373,379,388,394
qt-restricted-extras/charts6/gen_qcandlesticklegendmarker.go
  s_64fea63fed100b::t_ad4c539e16c362 18-22,184-188,213-217,242-246,274-278,308-312,338-342,368-372,398-402,428-432
qt-restricted-extras/charts6/gen_qcandlestickmodelmapper.cpp
  s_64fea63fed100b::t_1c9383a757efe8 1-2,22,46,50,54,59,63,68,75,79,85,92,96,102,109,113,119,126,130,136,143,147,155,162,166,174,257-260,262,269-272,274,300,306,311,317,326,332,341,347,356,362,371,377,386,392,401,407
qt-restricted-extras/charts6/gen_qcandlestickmodelmapper.go
  s_64fea63fed100b::t_af1e0942d8dee3 18-22,113-116,132-135,410-414,439-443,471-475,505-509,535-539,565-569,595-599,625-629
qt-restricted-extras/charts6/gen_qcandlestickmodelmapper.h
  s_64fea63fed100b::t_196e58b7d9f56d 51,53
qt-restricted-extras/charts6/gen_qcandlestickseries.cpp
  s_64fea63fed100b::t_fe56b863163ac7 1-2,26,66,70,74,81,85,90,97,101,107,114,118,124,131,135,141,148,152,158,165,169,177,184,188,196,390-393,396,403-406,410,417-420,423,430-433,436,443-446,449,462-465,477,490-493,505,512-515,517,524-527,529,536-539,541,548-551,553,560-563,565,572-575,577,584-587,589,596-599,601,608-611,613,620-623,625,632-635,637,663,669,679,685,694,700,709,715,724,730,739,745,754,760,769,775
qt-restricted-extras/charts6/gen_qcandlestickseries.go
  s_64fea63fed100b::t_15dd298955b8f3 18-22,239-242,261-264,285-288,307-310,329-332,357-360,391-394,419-422,438-441,457-460,476-479,495-498,514-517,533-536,552-555,571-574,590-593,609-612,711-715,740-744,772-776,806-810,836-840,866-870,896-900,926-930
qt-restricted-extras/charts6/gen_qcandlestickseries.h
  s_64fea63fed100b::t_ce8bb3d6d2995e 82,84,86,88,90,92,94,96,98,100,102,104,106,108,110,112,114,116
qt-restricted-extras/charts6/gen_qcandlestickset.cpp
  s_64fea63fed100b::t_d721345dafc4b2 1-2,22,59,63,68,75,79,85,92,96,102,109,113,119,126,130,136,143,147,155,162,166,174,299-302,304,311-314,317,324-327,329,336-339,341,348-351,353,360-363,365,372-375,377,384-387,389,396-399,401,408-411,413,420-423,425,432-435,437,463,469,478,484,493,499,508,514,523,529,538,544,553,559
qt-restricted-extras/charts6/gen_qcandlestickset.go
  s_64fea63fed100b::t_87b347bca2ac91 18-22,177-180,196-199,218-221,237-240,256-259,275-278,294-297,313-316,332-335,351-354,370-373,389-392,491-495,523-527,557-561,587-591,617-621,647-651,677-681
qt-restricted-extras/charts6/gen_qcandlestickset.h
  s_64fea63fed100b::t_f74dfcdb3eb584 64,66,68,70,72,74,76,78,80,82,84,86
qt-restricted-extras/charts6/gen_qcategoryaxis.cpp
  s_64fea63fed100b::t_5287f7651c5021 1-2,23,47,51,55,62,66,71,78,82,88,95,99,105,112,116,122,129,133,139,146,150,158,165,169,177,294-297,299,306-309,313,345,351,361,367,376,382,391,397,406,412,421,427,436,442,451,457
qt-restricted-extras/charts6/gen_qcategoryaxis.go
  s_64fea63fed100b::t_bc17da68bd0846 25-29,173-176,192-195,305-309,334-338,366-370,400-404,430-434,460-464,490-494,520-524
qt-restricted-extras/charts6/gen_qcategoryaxis.h
  s_64fea63fed100b::t_311a6d713cf6ac 57,59
qt-restricted-extras/charts6/gen_qchart.cpp
  s_64fea63fed100b::t_7be97e23b67d05 1-2,56,136,140,148,155,159,172,179,183,187,194,198,206,213,217,225,232,236,240,247,251,255,262,266,272,279,283,292,299,303,308,315,319,328,335,339,354,361,365,370,377,381,386,393,397,404,411,415,420,427,431,437,444,448,454,461,465,471,478,482,487,494,498,504,511,515,521,528,532,538,545,549,554,561,565,571,578,582,588,595,599,605,612,616,622,629,633,639,646,650,656,663,667,673,680,684,690,697,701,707,714,718,724,731,735,741,748,752,758,765,769,777,784,788,796,803,807,813,820,824,831,838,842,849,856,860,869,876,880,885,892,896,900,907,911,917,924,928,934,941,945,951,958,962,968,975,979,985,992,996,1002,1009,1013,1019,1026,1030,1036,1043,1047,1053,1060,1064,1070,1077,1081,1087,1094,1098,1104,1111,1115,1121,1128,1132,1138,1145,1149,1155,1162,1166,1172,1179,1183,1189,1196,1200,1210,1217,1221,1228,1235,1239,1243,1575-1578,1583,1671,1677,1686,1692,1701,1707,1716,1722,1731,1737,1746,1752,1761,1767,1776,1782,1791,1797,1806,1812,1821,1827,1836,1842,1852,1858,1867,1873,1882,1888,1898,1904,1913,1919,1928,1934,1943,1949,1958,1964,1973,1979,1988,1994,2003,2009,2018,2024,2033,2039,2048,2054,2063,2069,2078,2084,2093,2099,2108,2114,2123,2129,2138,2144,2153,2159,2168,2174,2183,2189,2198,2204,2213,2219,2228,2234,2243,2249,2258,2264,2273,2279,2288,2294,2303,2309,2318,2324,2333,2339,2348,2354,2363,2369,2378,2384,2393,2399,2408,2414,2423,2429,2438,2444,2453,2459,2468,2474,2483,2489,2498,2504,2513,2519,2528,2534,2543,2549,2558,2564,2573,2579,2588,2594,2603,2609,2618,2624
qt-restricted-extras/charts6/gen_qchart.go
  s_64fea63fed100b::t_84686879a80477 48-52,416-419,653-657,683-687,719-723,748-752,782-786,818-822,849-853,878-882,910-914,944-948,973-977,1013-1017,1049-1053,1081-1085,1113-1117,1145-1149,1177-1181,1207-1211,1237-1241,1267-1271,1299-1303,1329-1333,1359-1363,1389-1393,1416-1420,1446-1450,1476-1480,1506-1510,1536-1540,1566-1570,1596-1600,1626-1630,1656-1660,1690-1694,1720-1724,1750-1754,1780-1784,1810-1814,1840-1844,1870-1874,1902-1906,1936-1940,1970-1974,2004-2008,2033-2037,2067-2071,2097-2101,2127-2131,2157-2161,2187-2191,2217-2221,2247-2251,2277-2281,2307-2311,2337-2341,2367-2371,2397-2401,2427-2431,2457-2461,2489-2493,2521-2525,2553-2557,2587-2591,2619-2623
qt-restricted-extras/charts6/gen_qchart.h
  s_64fea63fed100b::t_5c8704864c9b03 174
qt-restricted-extras/charts6/gen_qchartview.cpp
  s_64fea63fed100b::t_3332e61c4768ad 1-2,54,124,128,134,141,145,151,158,162,168,175,179,185,192,196,200,207,211,217,224,228,234,241,245,250,257,261,266,273,277,283,290,294,300,307,311,317,324,328,334,341,345,351,358,362,368,375,379,384,391,395,401,408,412,418,425,429,435,442,446,452,459,463,469,476,480,486,493,497,504,511,515,521,528,532,538,545,549,558,565,569,578,585,589,593,600,604,610,617,621,625,632,636,642,649,653,659,666,670,674,681,685,691,698,702,707,714,718,722,729,733,737,744,748,754,761,765,771,778,782,788,795,799,805,812,816,822,829,833,839,846,850,856,863,867,880,887,891,897,904,908,914,921,925,930,937,941,945,952,956,962,969,973,979,986,990,996,1003,1007,1015,1022,1026,1034,1134,1140,1149,1155,1164,1170,1179,1185,1194,1200,1209,1215,1224,1230,1239,1245,1254,1260,1269,1275,1284,1290,1299,1305,1314,1320,1329,1335,1344,1350,1359,1365,1374,1380,1389,1395,1404,1410,1419,1425,1434,1440,1449,1455,1464,1470,1479,1485,1494,1500,1509,1515,1524,1530,1539,1545,1554,1560,1569,1575,1584,1590,1599,1605,1614,1620,1629,1635,1644,1650,1659,1665,1674,1680,1689,1695,1704,1710,1719,1725,1734,1740,1749,1755,1764,1770,1779,1785,1794,1800,1810,1816,1825,1831,1840,1846,1855,1861,1870,1876,1885,1891,1900,1906,1915,1921,1930,1936
qt-restricted-extras/charts6/gen_qchartview.go
  s_64fea63fed100b::t_42d09cefbd4c88 28-32,318-322,348-352,378-382,408-412,440-444,471-475,503-507,533-537,565-569,597-601,627-631,657-661,687-691,717-721,747-751,777-781,809-813,839-843,869-873,899-903,929-933,959-963,989-993,1021-1025,1051-1055,1081-1085,1113-1117,1147-1151,1176-1180,1212-1216,1241-1245,1271-1275,1301-1305,1330-1334,1360-1364,1392-1396,1421-1425,1450-1454,1480-1484,1510-1514,1540-1544,1570-1574,1600-1604,1630-1634,1667-1671,1705-1709,1737-1741,1767-1771,1799-1803,1828-1832,1858-1862,1888-1892,1918-1922,1948-1952
qt-restricted-extras/charts6/gen_qcoloraxis.cpp
  s_64fea63fed100b::t_9db2cfda1227e0 1-2,22,51,55,59,66,70,75,82,86,92,99,103,109,116,120,126,133,137,143,150,154,162,169,173,181,289-292,296,303-306,310,317-320,326,333-336,339,346-349,354,361-364,368,375-378,381,407,413,423,429,438,444,453,459,468,474,483,489,498,504,513,519
qt-restricted-extras/charts6/gen_qcoloraxis.go
  s_64fea63fed100b::t_c67454200781c6 18-22,151-154,173-176,195-198,219-222,241-244,263-266,285-288,390-394,419-423,451-455,485-489,515-519,545-549,575-579,605-609
qt-restricted-extras/charts6/gen_qcoloraxis.h
  s_64fea63fed100b::t_ad790a79b20108 60,62,64,66,68,70,72
qt-restricted-extras/charts6/gen_qdatetimeaxis.cpp
  s_64fea63fed100b::t_0f69f84c8aa181 1-2,22,49,53,57,64,68,73,80,84,90,97,101,107,114,118,124,131,135,141,148,152,160,167,171,179,276-279,282,289-292,295,302-305,309,317-320,330,337-340,343,369,375,385,391,400,406,415,421,430,436,445,451,460,466,475,481
qt-restricted-extras/charts6/gen_qdatetimeaxis.go
  s_64fea63fed100b::t_d13df5a86b7fa2 18-22,144-147,168-171,192-195,224-227,249-252,354-358,383-387,415-419,449-453,479-483,509-513,539-543,569-573
qt-restricted-extras/charts6/gen_qdatetimeaxis.h
  s_64fea63fed100b::t_2d6709a28af853 56,58,60,62,64
qt-restricted-extras/charts6/gen_qhbarmodelmapper.cpp
  s_64fea63fed100b::t_e3ae4590fd03f1 1-2,23,50,54,59,66,70,76,83,87,93,100,104,110,117,121,127,134,138,146,153,157,165,271-274,276,283-286,288,295-298,300,307-310,312,319-322,324,331-334,336,362,368,377,383,392,398,407,413,422,428,437,443,452,458
qt-restricted-extras/charts6/gen_qhbarmodelmapper.go
  s_64fea63fed100b::t_fbf1389ae10e00 18-22,141-144,160-163,179-182,198-201,217-220,236-239,468-472,500-504,534-538,564-568,594-598,624-628,654-658
qt-restricted-extras/charts6/gen_qhbarmodelmapper.h
  s_64fea63fed100b::t_b8734d9c0cad4c 60,62,64,66,68,70
qt-restricted-extras/charts6/gen_qhboxplotmodelmapper.cpp
  s_64fea63fed100b::t_d66a439ce59e9c 1-2,23,50,54,59,66,70,76,83,87,93,100,104,110,117,121,127,134,138,146,153,157,165,271-274,276,283-286,288,295-298,300,307-310,312,319-322,324,331-334,336,362,368,377,383,392,398,407,413,422,428,437,443,452,458
qt-restricted-extras/charts6/gen_qhboxplotmodelmapper.go
  s_64fea63fed100b::t_6e1503cc88b248 18-22,141-144,160-163,179-182,198-201,217-220,236-239,468-472,500-504,534-538,564-568,594-598,624-628,654-658
qt-restricted-extras/charts6/gen_qhboxplotmodelmapper.h
  s_64fea63fed100b::t_0dbedb45f3eb3b 60,62,64,66,68,70
qt-restricted-extras/charts6/gen_qhcandlestickmodelmapper.cpp
  s_64fea63fed100b::t_f69e40f2b28002 1-2,21,50,54,58,65,69,74,81,85,91,98,102,108,115,119,125,132,136,142,149,153,161,168,172,180,303-306,308,315-318,320,327-330,332,339-342,344,351-354,356,363-366,368,375-378,380,406,412,422,428,437,443,452,458,467,473,482,488,497,503,512,518
qt-restricted-extras/charts6/gen_qhcandlestickmodelmapper.go
  s_64fea63fed100b::t_7290c09d52329c 18-22,153-156,172-175,191-194,210-213,229-232,248-251,267-270,551-555,580-584,612-616,646-650,676-680,706-710,736-740,766-770
qt-restricted-extras/charts6/gen_qhcandlestickmodelmapper.h
  s_64fea63fed100b::t_d1899ffcd83e36 59,61,63,65,67,69,71
qt-restricted-extras/charts6/gen_qhorizontalbarseries.cpp
  s_64fea63fed100b::t_d5ec535125edc3 1-2,22,44,48,52,59,63,68,75,79,85,92,96,102,109,113,119,126,130,136,143,147,155,162,166,174,246,252,262,268,277,283,292,298,307,313,322,328,337,343,352,358
qt-restricted-extras/charts6/gen_qhorizontalbarseries.go
  s_64fea63fed100b::t_5948eb7bfe9ef1 18-22,180-184,209-213,241-245,275-279,305-309,335-339,365-369,395-399
qt-restricted-extras/charts6/gen_qhorizontalpercentbarseries.cpp
  s_64fea63fed100b::t_6954e5d902779b 1-2,22,44,48,52,59,63,68,75,79,85,92,96,102,109,113,119,126,130,136,143,147,155,162,166,174,246,252,262,268,277,283,292,298,307,313,322,328,337,343,352,358
qt-restricted-extras/charts6/gen_qhorizontalpercentbarseries.go
  s_64fea63fed100b::t_08057ab0514ba8 18-22,180-184,209-213,241-245,275-279,305-309,335-339,365-369,395-399
qt-restricted-extras/charts6/gen_qhorizontalstackedbarseries.cpp
  s_64fea63fed100b::t_59d4128ccf123c 1-2,22,44,48,52,59,63,68,75,79,85,92,96,102,109,113,119,126,130,136,143,147,155,162,166,174,246,252,262,268,277,283,292,298,307,313,322,328,337,343,352,358
qt-restricted-extras/charts6/gen_qhorizontalstackedbarseries.go
  s_64fea63fed100b::t_bd3c7933cf875c 18-22,180-184,209-213,241-245,275-279,305-309,335-339,365-369,395-399
qt-restricted-extras/charts6/gen_qhpiemodelmapper.cpp
  s_64fea63fed100b::t_b869f87e196ebd 1-2,23,50,54,59,66,70,76,83,87,93,100,104,110,117,121,127,134,138,146,153,157,165,271-274,276,283-286,288,295-298,300,307-310,312,319-322,324,331-334,336,362,368,377,383,392,398,407,413,422,428,437,443,452,458
qt-restricted-extras/charts6/gen_qhpiemodelmapper.go
  s_64fea63fed100b::t_f0f5c3b8de7985 18-22,141-144,160-163,179-182,198-201,217-220,236-239,468-472,500-504,534-538,564-568,594-598,624-628,654-658
qt-restricted-extras/charts6/gen_qhpiemodelmapper.h
  s_64fea63fed100b::t_ff3747e72dcd93 60,62,64,66,68,70
qt-restricted-extras/charts6/gen_qhxymodelmapper.cpp
  s_64fea63fed100b::t_c2d32592b47cfd 1-2,23,50,54,59,66,70,76,83,87,93,100,104,110,117,121,127,134,138,146,153,157,165,271-274,276,283-286,288,295-298,300,307-310,312,319-322,324,331-334,336,362,368,377,383,392,398,407,413,422,428,437,443,452,458
qt-restricted-extras/charts6/gen_qhxymodelmapper.go
  s_64fea63fed100b::t_11657335ddf442 18-22,141-144,160-163,179-182,198-201,217-220,236-239,468-472,500-504,534-538,564-568,594-598,624-628,654-658
qt-restricted-extras/charts6/gen_qhxymodelmapper.h
  s_64fea63fed100b::t_bef9f853a374ba 60,62,64,66,68,70
qt-restricted-extras/charts6/gen_qlegend.cpp
  s_64fea63fed100b::t_3599fc55992de1 1-2,33,210-213,216,223-226,229,236-239,242,249-252,255,262-265,268,275-278,281,288-291,294,301-304,308,315-318,321,328-331,334
qt-restricted-extras/charts6/gen_qlegend.go
  s_64fea63fed100b::t_76df64904063d0 31-35,238-241,260-263,284-287,308-311,332-335,356-359,378-381,400-403,422-425,444-447
qt-restricted-extras/charts6/gen_qlegend.h
  s_64fea63fed100b::t_be0edc1dbc7df5 97,99,101,103,105,107,109,111,113,115
qt-restricted-extras/charts6/gen_qlegendmarker.cpp
  s_64fea63fed100b::t_f94f4d135fe65c 1-2,21,136-139,141,148-151,154,161-164,166,173-176,178,185-188,190,197-200,202,209-212,214,221-224,226,233-236,238
qt-restricted-extras/charts6/gen_qlegendmarker.go
  s_64fea63fed100b::t_6e300fe58dde94 29-33,171-174,190-193,212-215,231-234,250-253,269-272,288-291,307-310,326-329
qt-restricted-extras/charts6/gen_qlegendmarker.h
  s_64fea63fed100b::t_e783fcb23e2ba3 58,60,62,64,66,68,70,72,74
qt-restricted-extras/charts6/gen_qlineseries.cpp
  s_64fea63fed100b::t_9a3e7896196b89 1-2,25,51,55,59,66,70,78,85,89,97,104,108,116,123,127,131,138,142,147,154,158,164,171,175,181,188,192,198,205,209,215,222,226,234,241,245,253,325,331,341,347,356,362,371,377,386,392,401,407,416,422,431,437,446,452,461,467,476,482,491,497
qt-restricted-extras/charts6/gen_qlineseries.go
  s_64fea63fed100b::t_12f9f91ed3c69b 18-22,180-184,209-213,239-243,269-273,301-305,330-334,362-366,396-400,426-430,456-460,486-490,516-520
qt-restricted-extras/charts6/gen_qlogvalueaxis.cpp
  s_64fea63fed100b::t_8bb4bb801ef235 1-2,21,50,54,58,65,69,74,81,85,91,98,102,108,115,119,125,132,136,142,149,153,161,168,172,180,292-295,299,306-309,313,320-323,329,337-340,350,357-360,364,371-374,377,384-387,390,416,422,432,438,447,453,462,468,477,483,492,498,507,513,522,528
qt-restricted-extras/charts6/gen_qlogvalueaxis.go
  s_64fea63fed100b::t_45cb6c40bdd12b 18-22,152-155,174-177,196-199,224-227,249-252,271-274,293-296,398-402,427-431,459-463,493-497,523-527,553-557,583-587,613-617
qt-restricted-extras/charts6/gen_qlogvalueaxis.h
  s_64fea63fed100b::t_0063a8067763ea 57,59,61,63,65,67,69
qt-restricted-extras/charts6/gen_qpercentbarseries.cpp
  s_64fea63fed100b::t_c308107604dc70 1-2,22,44,48,52,59,63,68,75,79,85,92,96,102,109,113,119,126,130,136,143,147,155,162,166,174,246,252,262,268,277,283,292,298,307,313,322,328,337,343,352,358
qt-restricted-extras/charts6/gen_qpercentbarseries.go
  s_64fea63fed100b::t_362d166650e0f9 18-22,180-184,209-213,241-245,275-279,305-309,335-339,365-369,395-399
qt-restricted-extras/charts6/gen_qpielegendmarker.cpp
  s_64fea63fed100b::t_e0a350d230ff4f 1-2,24,47,51,55,62,66,70,77,81,86,93,97,103,110,114,120,127,131,137,144,148,154,161,165,173,180,184,192,272,278,288,294,303,309,318,324,333,339,348,354,363,369,378,384,393,399
qt-restricted-extras/charts6/gen_qpielegendmarker.go
  s_64fea63fed100b::t_14334342432825 18-22,188-192,217-221,246-250,278-282,312-316,342-346,372-376,402-406,432-436
qt-restricted-extras/charts6/gen_qpieseries.cpp
  s_64fea63fed100b::t_961aef61b2e529 1-2,23,54,58,62,69,73,78,85,89,95,102,106,112,119,123,129,136,140,146,153,157,165,172,176,184,372-375,387,400-403,415,422-425,428,435-438,442,449-452,455,462-465,468,475-478,481,488-491,493,500-503,505,535,541,551,557,566,572,581,587,596,602,611,617,626,632,641,647
qt-restricted-extras/charts6/gen_qpieseries.go
  s_64fea63fed100b::t_580c21b7a2d33f 18-22,223-226,257-260,285-288,307-310,331-334,353-356,375-378,397-400,416-419,522-526,551-555,583-587,617-621,647-651,677-681,707-711,737-741
qt-restricted-extras/charts6/gen_qpieseries.h
  s_64fea63fed100b::t_e9e66cde286501 73,75,77,79,81,83,85,87,89
qt-restricted-extras/charts6/gen_qpieslice.cpp
  s_64fea63fed100b::t_70d5cb7e7aebc9 1-2,25,67,71,76,83,87,93,100,104,110,117,121,127,134,138,144,151,155,163,170,174,182,391-394,396,403-406,409,416-419,421,428-431,433,440-443,445,452-455,457,464-467,469,476-479,481,488-491,493,500-503,505,512-515,517,524-527,529,536-539,541,548-551,553,560-563,565,572-575,577,584-587,589,596-599,601,608-611,613,647,653,662,668,677,683,692,698,707,713,722,728,737,743
qt-restricted-extras/charts6/gen_qpieslice.go
  s_64fea63fed100b::t_40f1c59b99beef 27-31,279-282,298-301,320-323,339-342,358-361,377-380,396-399,415-418,434-437,453-456,472-475,491-494,510-513,529-532,548-551,567-570,586-589,605-608,624-627,734-738,766-770,800-804,830-834,860-864,890-894,920-924
qt-restricted-extras/charts6/gen_qpieslice.h
  s_64fea63fed100b::t_3c16426a4dce10 88,90,92,94,96,98,100,102,104,106,108,110,112,114,116,118,120,122,124
qt-restricted-extras/charts6/gen_qpolarchart.cpp
  s_64fea63fed100b::t_6a7b69b46f081b 1-2,50,129,133,141,148,152,165,172,176,180,187,191,199,206,210,218,225,229,233,240,244,248,255,259,265,272,276,285,292,296,301,308,312,321,328,332,347,354,358,363,370,374,379,386,390,397,404,408,413,420,424,430,437,441,447,454,458,464,471,475,480,487,491,497,504,508,514,521,525,531,538,542,547,554,558,564,571,575,581,588,592,598,605,609,615,622,626,632,639,643,649,656,660,666,673,677,683,690,694,700,707,711,717,724,728,734,741,745,751,758,762,770,777,781,789,796,800,806,813,817,824,831,835,842,849,853,862,869,873,878,885,889,893,900,904,910,917,921,927,934,938,944,951,955,961,968,972,978,985,989,995,1002,1006,1012,1019,1023,1029,1036,1040,1046,1053,1057,1063,1070,1074,1080,1087,1091,1097,1104,1108,1114,1121,1125,1131,1138,1142,1148,1155,1159,1165,1172,1176,1182,1189,1193,1203,1210,1214,1221,1228,1232,1236,1361,1367,1376,1382,1391,1397,1406,1412,1421,1427,1436,1442,1451,1457,1466,1472,1481,1487,1496,1502,1511,1517,1526,1532,1542,1548,1557,1563,1572,1578,1588,1594,1603,1609,1618,1624,1633,1639,1648,1654,1663,1669,1678,1684,1693,1699,1708,1714,1723,1729,1738,1744,1753,1759,1768,1774,1783,1789,1798,1804,1813,1819,1828,1834,1843,1849,1858,1864,1873,1879,1888,1894,1903,1909,1918,1924,1933,1939,1948,1954,1963,1969,1978,1984,1993,1999,2008,2014,2023,2029,2038,2044,2053,2059,2068,2074,2083,2089,2098,2104,2113,2119,2128,2134,2143,2149,2158,2164,2173,2179,2188,2194,2203,2209,2218,2224,2233,2239,2248,2254,2263,2269,2278,2284,2293,2299,2308,2314
qt-restricted-extras/charts6/gen_qpolarchart.go
  s_64fea63fed100b::t_37f9eecb4882db 25-29,299-303,329-333,365-369,394-398,428-432,464-468,495-499,524-528,556-560,590-594,619-623,659-663,695-699,727-731,759-763,791-795,823-827,853-857,883-887,913-917,945-949,975-979,1005-1009,1035-1039,1062-1066,1092-1096,1122-1126,1152-1156,1182-1186,1212-1216,1242-1246,1272-1276,1302-1306,1336-1340,1366-1370,1396-1400,1426-1430,1456-1460,1486-1490,1516-1520,1548-1552,1582-1586,1616-1620,1650-1654,1679-1683,1713-1717,1743-1747,1773-1777,1803-1807,1833-1837,1863-1867,1893-1897,1923-1927,1953-1957,1983-1987,2013-2017,2043-2047,2073-2077,2103-2107,2135-2139,2167-2171,2199-2203,2233-2237,2265-2269
qt-restricted-extras/charts6/gen_qscatterseries.cpp
  s_64fea63fed100b::t_7b13b06d9d3299 1-2,25,55,59,63,70,74,82,89,93,101,108,112,120,127,131,135,142,146,151,158,162,168,175,179,185,192,196,202,209,213,219,226,230,238,245,249,257,356-359,362,369-372,375,382-385,389,396-399,403,429,435,445,451,460,466,475,481,490,496,505,511,520,526,535,541,550,556,565,571,580,586,595,601
qt-restricted-extras/charts6/gen_qscatterseries.go
  s_64fea63fed100b::t_d85b95c9d84080 29-33,158-161,182-185,206-209,228-231,333-337,362-366,392-396,422-426,454-458,483-487,515-519,549-553,579-583,609-613,639-643,669-673
qt-restricted-extras/charts6/gen_qscatterseries.h
  s_64fea63fed100b::t_b58f893b02d934 64,66,68,70
qt-restricted-extras/charts6/gen_qsplineseries.cpp
  s_64fea63fed100b::t_a933f838dc51d8 1-2,26,52,56,60,67,71,79,86,90,98,105,109,117,124,128,132,139,143,148,155,159,165,172,176,182,189,193,199,206,210,216,223,227,235,242,246,254,326,332,342,348,357,363,372,378,387,393,402,408,417,423,432,438,447,453,462,468,477,483,492,498
qt-restricted-extras/charts6/gen_qsplineseries.go
  s_64fea63fed100b::t_dbb36cc9683fe3 18-22,180-184,209-213,239-243,269-273,301-305,330-334,362-366,396-400,426-430,456-460,486-490,516-520
qt-restricted-extras/charts6/gen_qstackedbarseries.cpp
  s_64fea63fed100b::t_14488c018a2d08 1-2,22,44,48,52,59,63,68,75,79,85,92,96,102,109,113,119,126,130,136,143,147,155,162,166,174,246,252,262,268,277,283,292,298,307,313,322,328,337,343,352,358
qt-restricted-extras/charts6/gen_qstackedbarseries.go
  s_64fea63fed100b::t_9b1eb539941a56 18-22,180-184,209-213,241-245,275-279,305-309,335-339,365-369,395-399
qt-restricted-extras/charts6/gen_qvalueaxis.cpp
  s_64fea63fed100b::t_3207ee969e5e4a 1-2,21,52,56,60,67,71,76,83,87,93,100,104,110,117,121,127,134,138,144,151,155,163,170,174,182,320-323,327,334-337,341,348-351,357,364-367,370,377-380,383,391-394,404,411-414,418,425-428,432,439-442,446,472,478,488,494,503,509,518,524,533,539,548,554,563,569,578,584
qt-restricted-extras/charts6/gen_qvalueaxis.go
  s_64fea63fed100b::t_ffaaf1d65d8eb9 25-29,183-186,205-208,227-230,251-254,273-276,299-302,324-327,346-349,368-371,473-477,502-506,534-538,568-572,598-602,628-632,658-662,688-692
qt-restricted-extras/charts6/gen_qvalueaxis.h
  s_64fea63fed100b::t_ecdbc04ba580cd 63,65,67,69,71,73,75,77,79
qt-restricted-extras/charts6/gen_qvbarmodelmapper.cpp
  s_64fea63fed100b::t_39cad5e9e22a25 1-2,23,50,54,59,66,70,76,83,87,93,100,104,110,117,121,127,134,138,146,153,157,165,271-274,276,283-286,288,295-298,300,307-310,312,319-322,324,331-334,336,362,368,377,383,392,398,407,413,422,428,437,443,452,458
qt-restricted-extras/charts6/gen_qvbarmodelmapper.go
  s_64fea63fed100b::t_b04d47e193303f 18-22,141-144,160-163,179-182,198-201,217-220,236-239,468-472,500-504,534-538,564-568,594-598,624-628,654-658
qt-restricted-extras/charts6/gen_qvbarmodelmapper.h
  s_64fea63fed100b::t_ebd15b8a315984 60,62,64,66,68,70
qt-restricted-extras/charts6/gen_qvboxplotmodelmapper.cpp
  s_64fea63fed100b::t_4606ac19e28f53 1-2,23,50,54,59,66,70,76,83,87,93,100,104,110,117,121,127,134,138,146,153,157,165,271-274,276,283-286,288,295-298,300,307-310,312,319-322,324,331-334,336,362,368,377,383,392,398,407,413,422,428,437,443,452,458
qt-restricted-extras/charts6/gen_qvboxplotmodelmapper.go
  s_64fea63fed100b::t_fbeb0c1f30e301 18-22,141-144,160-163,179-182,198-201,217-220,236-239,468-472,500-504,534-538,564-568,594-598,624-628,654-658
qt-restricted-extras/charts6/gen_qvboxplotmodelmapper.h
  s_64fea63fed100b::t_6584dbfcbe63be 60,62,64,66,68,70
qt-restricted-extras/charts6/gen_qvcandlestickmodelmapper.cpp
  s_64fea63fed100b::t_0ccb6654c11bbf 1-2,21,50,54,58,65,69,74,81,85,91,98,102,108,115,119,125,132,136,142,149,153,161,168,172,180,303-306,308,315-318,320,327-330,332,339-342,344,351-354,356,363-366,368,375-378,380,406,412,422,428,437,443,452,458,467,473,482,488,497,503,512,518
qt-restricted-extras/charts6/gen_qvcandlestickmodelmapper.go
  s_64fea63fed100b::t_453b0e33f2c87e 18-22,153-156,172-175,191-194,210-213,229-232,248-251,267-270,551-555,580-584,612-616,646-650,676-680,706-710,736-740,766-770
qt-restricted-extras/charts6/gen_qvcandlestickmodelmapper.h
  s_64fea63fed100b::t_a6d4e287050b46 59,61,63,65,67,69,71
qt-restricted-extras/charts6/gen_qvpiemodelmapper.cpp
  s_64fea63fed100b::t_d8c787900ff3a0 1-2,23,50,54,59,66,70,76,83,87,93,100,104,110,117,121,127,134,138,146,153,157,165,271-274,276,283-286,288,295-298,300,307-310,312,319-322,324,331-334,336,362,368,377,383,392,398,407,413,422,428,437,443,452,458
qt-restricted-extras/charts6/gen_qvpiemodelmapper.go
  s_64fea63fed100b::t_ffbab92841412d 18-22,141-144,160-163,179-182,198-201,217-220,236-239,468-472,500-504,534-538,564-568,594-598,624-628,654-658
qt-restricted-extras/charts6/gen_qvpiemodelmapper.h
  s_64fea63fed100b::t_bc529e85d593b2 60,62,64,66,68,70
qt-restricted-extras/charts6/gen_qvxymodelmapper.cpp
  s_64fea63fed100b::t_12350c55094168 1-2,23,50,54,59,66,70,76,83,87,93,100,104,110,117,121,127,134,138,146,153,157,165,271-274,276,283-286,288,295-298,300,307-310,312,319-322,324,331-334,336,362,368,377,383,392,398,407,413,422,428,437,443,452,458
qt-restricted-extras/charts6/gen_qvxymodelmapper.go
  s_64fea63fed100b::t_ba2c4e20140fc1 18-22,141-144,160-163,179-182,198-201,217-220,236-239,468-472,500-504,534-538,564-568,594-598,624-628,654-658
qt-restricted-extras/charts6/gen_qvxymodelmapper.h
  s_64fea63fed100b::t_1db09be88d0e9a 60,62,64,66,68,70
qt-restricted-extras/charts6/gen_qxylegendmarker.cpp
  s_64fea63fed100b::t_a7ab01fc1c1170 1-2,23,46,50,54,61,65,69,76,80,85,92,96,102,109,113,119,126,130,136,143,147,153,160,164,172,179,183,191,267,273,283,289,298,304,313,319,328,334,343,349,358,364,373,379,388,394
qt-restricted-extras/charts6/gen_qxylegendmarker.go
  s_64fea63fed100b::t_58e9c5a6ba5255 18-22,184-188,213-217,242-246,274-278,308-312,338-342,368-372,398-402,428-432
qt-restricted-extras/charts6/gen_qxyseries.cpp
  s_64fea63fed100b::t_d5a77928c4f449 1-2,29,552-555,560,567-570,576,583-586,591,598-601,606,613-616,621,628-631,634,641-644,647,654-657,660,667-670,673,680-683,688,695-698,700,708-711,721,728-731,734,741-744,749,756-759,764,771-774,777,784-787,791,798-801,806,813-816,818,825-828,833,840-843,848,855-858,861,868-871,876,883-886,891,912-915,947,954-957,961
qt-restricted-extras/charts6/gen_qxyseries.go
  s_64fea63fed100b::t_638423f69647a5 27-31,574-577,596-599,620-623,642-645,664-667,686-689,708-711,730-733,752-755,776-779,798-801,821-824,846-849,868-871,890-893,912-915,934-937,958-961,980-983,999-1002,1021-1024,1043-1046,1065-1068,1087-1090,1139-1142,1185-1188
qt-restricted-extras/charts6/gen_qxyseries.h
  s_64fea63fed100b::t_7895c4320f7053 126,128,130,132,134,136,138,140,142,144,146,148,150,152,154,156,158,160,162,164,166,168,170,172,174,176
qt-restricted-extras/qscintilla/gen_qsciabstractapis.cpp
  s_64fea63fed100b::t_5451a2cc07dfb7 1-2,20,43,47,85,90,94,107,114,118,152,169,173,178,185,189,195,202,206,212,219,223,229,236,240,246,253,257,265,272,276,284,440,446,451,457,467,473,478,484,493,499,508,514,523,529,538,544,553,559,568,574
qt-restricted-extras/qscintilla/gen_qsciabstractapis.go
  s_64fea63fed100b::t_ba55aa5f68d561 18-22,260-264,314-318,341-345,402-406,434-438,468-472,498-502,528-532,558-562,588-592
qt-restricted-extras/qscintilla/gen_qsciapis.cpp
  s_64fea63fed100b::t_194f13eb59461e 1-2,20,46,50,89,96,100,113,120,124,158,177,181,186,193,197,203,210,214,220,227,231,237,244,248,254,261,265,273,280,284,292,477-480,482,489-492,494,501-504,506,569,575,598,604,614,620,658,664,673,679,688,694,703,709,718,724,733,739,748,754
qt-restricted-extras/qscintilla/gen_qsciapis.go
  s_64fea63fed100b::t_10db390df3287b 18-22,229-232,248-251,267-270,435-439,489-493,547-551,608-612,640-644,674-678,704-708,734-738,764-768,794-798
qt-restricted-extras/qscintilla/gen_qsciapis.h
  s_64fea63fed100b::t_4c8aff6acd89cd 61,63,65
qt-restricted-extras/qscintilla/gen_qscilexer.cpp
  s_64fea63fed100b::t_0aa2c6b188e379 1-2,23,83,87,91,96,100,104,111,115,119,126,130,134,141,145,149,168,172,177,184,188,192,199,203,208,215,219,224,231,235,239,246,250,254,261,265,270,277,281,286,293,297,302,309,313,317,324,328,333,340,344,348,355,359,364,371,375,380,387,391,396,403,407,412,419,423,428,435,439,444,451,455,461,468,472,477,484,488,492,499,503,507,514,518,524,531,535,544,551,555,562,569,573,582,589,593,602,609,613,628,635,639,654,661,665,670,677,681,687,694,698,704,711,715,721,728,732,738,745,749,757,764,768,776,1034-1037,1043,1050-1053,1057,1064-1067,1073,1080-1083,1089,1096-1099,1103,1159,1165,1170,1176,1185,1191,1200,1206,1215,1221,1246,1252,1261,1267,1276,1282,1291,1297,1306,1312,1321,1327,1336,1342,1351,1357,1366,1372,1381,1387,1396,1402,1411,1417,1426,1432,1437,1443,1452,1458,1467,1473,1482,1488,1497,1503,1512,1518,1527,1533,1542,1548,1557,1563,1572,1578,1587,1593,1602,1608,1617,1623,1632,1638,1647,1653,1663,1669,1679,1685,1694,1700,1709,1715,1724,1730,1739,1745,1754,1760,1769,1775
qt-restricted-extras/qscintilla/gen_qscilexer.go
  s_64fea63fed100b::t_eee768afad531b 18-22,316-319,340-343,364-367,388-391,416-419,553-557,584-588,614-618,644-648,683-687,721-725,754-758,784-788,818-822,851-855,880-884,911-915,943-947,977-981,1009-1013,1039-1043,1072-1076,1095-1099,1132-1136,1166-1170,1198-1202,1232-1236,1266-1270,1298-1302,1328-1332,1355-1359,1385-1389,1415-1419,1445-1449,1477-1481,1509-1513,1541-1545,1577-1581,1618-1622,1655-1659,1687-1691,1721-1725,1751-1755,1781-1785,1811-1815,1841-1845
qt-restricted-extras/qscintilla/gen_qscilexer.h
  s_64fea63fed100b::t_5b2adfe1466ee6 97,99,101,103,105
qt-restricted-extras/qscintilla/gen_qscilexeravs.cpp
  s_64fea63fed100b::t_738373e5007d77 1-2,23,80,84,90,97,101,107,114,118,122,127,131,135,142,146,150,157,161,165,172,176,180,199,203,208,215,219,223,230,234,239,246,250,255,262,266,270,277,281,285,292,296,301,308,312,317,324,328,333,340,344,348,355,359,364,371,375,379,386,390,395,402,406,411,418,422,427,434,438,443,450,454,459,466,470,475,482,486,492,499,503,508,515,519,523,530,534,538,545,549,555,562,566,575,582,586,593,600,604,613,620,624,633,640,644,659,666,670,685,692,696,701,708,712,718,725,729,735,742,746,752,759,763,769,776,780,788,795,799,807,968,974,983,989,998,1004,1009,1015,1024,1030,1039,1045,1054,1060,1085,1091,1100,1106,1115,1121,1130,1136,1145,1151,1160,1166,1175,1181,1190,1196,1205,1211,1220,1226,1235,1241,1250,1256,1265,1271,1276,1282,1291,1297,1306,1312,1321,1327,1336,1342,1351,1357,1366,1372,1381,1387,1396,1402,1411,1417,1426,1432,1441,1447,1456,1462,1471,1477,1486,1492,1502,1508,1518,1524,1533,1539,1548,1554,1563,1569,1578,1584,1593,1599,1608,1614
qt-restricted-extras/qscintilla/gen_qscilexeravs.go
  s_64fea63fed100b::t_afbc2723ea8ccf 38-42,326-330,356-360,380-384,411-415,441-445,471-475,510-514,548-552,581-585,611-615,645-649,678-682,707-711,738-742,770-774,804-808,836-840,866-870,899-903,922-926,959-963,993-997,1025-1029,1059-1063,1093-1097,1125-1129,1155-1159,1182-1186,1212-1216,1242-1246,1272-1276,1304-1308,1336-1340,1368-1372,1404-1408,1445-1449,1482-1486,1514-1518,1548-1552,1578-1582,1608-1612,1638-1642,1668-1672
qt-restricted-extras/qscintilla/gen_qscilexerbash.cpp
  s_64fea63fed100b::t_6b62e2a5631c6d 1-2,23,80,84,90,97,101,107,114,118,122,127,131,135,142,146,150,157,161,165,172,176,180,199,203,208,215,219,223,230,234,239,246,250,255,262,266,270,277,281,285,292,296,301,308,312,317,324,328,333,340,344,348,355,359,364,371,375,379,386,390,395,402,406,411,418,422,427,434,438,443,450,454,459,466,470,475,482,486,492,499,503,508,515,519,523,530,534,538,545,549,555,562,566,575,582,586,593,600,604,613,620,624,633,640,644,659,666,670,685,692,696,701,708,712,718,725,729,735,742,746,752,759,763,769,776,780,788,795,799,807,976,982,991,997,1006,1012,1017,1023,1032,1038,1047,1053,1062,1068,1093,1099,1108,1114,1123,1129,1138,1144,1153,1159,1168,1174,1183,1189,1198,1204,1213,1219,1228,1234,1243,1249,1258,1264,1273,1279,1284,1290,1299,1305,1314,1320,1329,1335,1344,1350,1359,1365,1374,1380,1389,1395,1404,1410,1419,1425,1434,1440,1449,1455,1464,1470,1479,1485,1494,1500,1510,1516,1526,1532,1541,1547,1556,1562,1571,1577,1586,1592,1601,1607,1616,1622
qt-restricted-extras/qscintilla/gen_qscilexerbash.go
  s_64fea63fed100b::t_7c955074cd38df 37-41,335-339,365-369,389-393,420-424,450-454,480-484,519-523,557-561,590-594,620-624,654-658,687-691,716-720,747-751,779-783,813-817,845-849,875-879,908-912,931-935,968-972,1002-1006,1034-1038,1068-1072,1102-1106,1134-1138,1164-1168,1191-1195,1221-1225,1251-1255,1281-1285,1313-1317,1345-1349,1377-1381,1413-1417,1454-1458,1491-1495,1523-1527,1557-1561,1587-1591,1617-1621,1647-1651,1677-1681
qt-restricted-extras/qscintilla/gen_qscilexerbatch.cpp
  s_64fea63fed100b::t_62ea45303dc3b8 1-2,23,78,82,86,91,95,99,106,110,114,121,125,129,136,140,144,163,167,172,179,183,187,194,198,203,210,214,219,226,230,234,241,245,249,256,260,265,272,276,281,288,292,297,304,308,312,319,323,328,335,339,343,350,354,359,366,370,375,382,386,391,398,402,407,414,418,423,430,434,439,446,450,456,463,467,472,479,483,487,494,498,502,509,513,519,526,530,539,546,550,557,564,568,577,584,588,597,604,608,623,630,634,649,656,660,665,672,676,682,689,693,699,706,710,716,723,727,733,740,744,752,759,763,771,918,924,929,935,944,950,959,965,974,980,1005,1011,1020,1026,1035,1041,1050,1056,1065,1071,1080,1086,1095,1101,1110,1116,1125,1131,1140,1146,1155,1161,1170,1176,1185,1191,1196,1202,1211,1217,1226,1232,1241,1247,1256,1262,1271,1277,1286,1292,1301,1307,1316,1322,1331,1337,1346,1352,1361,1367,1376,1382,1391,1397,1406,1412,1422,1428,1438,1444,1453,1459,1468,1474,1483,1489,1498,1504,1513,1519,1528,1534
qt-restricted-extras/qscintilla/gen_qscilexerbatch.go
  s_64fea63fed100b::t_1e9195c1947e1e 31-35,267-271,298-302,328-332,358-362,397-401,435-439,468-472,498-502,532-536,565-569,594-598,625-629,657-661,691-695,723-727,753-757,786-790,809-813,846-850,880-884,912-916,946-950,980-984,1012-1016,1042-1046,1069-1073,1099-1103,1129-1133,1159-1163,1191-1195,1223-1227,1255-1259,1291-1295,1332-1336,1369-1373,1401-1405,1435-1439,1465-1469,1495-1499,1525-1529,1555-1559
qt-restricted-extras/qscintilla/gen_qscilexercmake.cpp
  s_64fea63fed100b::t_02cd02fc733d5c 1-2,23,79,83,89,96,100,104,109,113,117,124,128,132,139,143,147,154,158,162,181,185,190,197,201,205,212,216,221,228,232,237,244,248,252,259,263,267,274,278,283,290,294,299,306,310,315,322,326,330,337,341,346,353,357,361,368,372,377,384,388,393,400,404,409,416,420,425,432,436,441,448,452,457,464,468,474,481,485,490,497,501,505,512,516,520,527,531,537,544,548,557,564,568,575,582,586,595,602,606,615,622,626,641,648,652,667,674,678,683,690,694,700,707,711,717,724,728,734,741,745,751,758,762,770,777,781,789,938,944,953,959,964,970,979,985,994,1000,1009,1015,1040,1046,1055,1061,1070,1076,1085,1091,1100,1106,1115,1121,1130,1136,1145,1151,1160,1166,1175,1181,1190,1196,1205,1211,1220,1226,1231,1237,1246,1252,1261,1267,1276,1282,1291,1297,1306,1312,1321,1327,1336,1342,1351,1357,1366,1372,1381,1387,1396,1402,1411,1417,1426,1432,1441,1447,1457,1463,1473,1479,1488,1494,1503,1509,1518,1524,1533,1539,1548,1554,1563,1569
qt-restricted-extras/qscintilla/gen_qscilexercmake.go
  s_64fea63fed100b::t_b917e45abaa6d5 38-42,315-319,339-343,370-374,400-404,430-434,469-473,507-511,540-544,570-574,604-608,637-641,666-670,697-701,729-733,763-767,795-799,825-829,858-862,881-885,918-922,952-956,984-988,1018-1022,1052-1056,1084-1088,1114-1118,1141-1145,1171-1175,1201-1205,1231-1235,1263-1267,1295-1299,1327-1331,1363-1367,1404-1408,1441-1445,1473-1477,1507-1511,1537-1541,1567-1571,1597-1601,1627-1631
qt-restricted-extras/qscintilla/gen_qscilexercoffeescript.cpp
  s_64fea63fed100b::t_11d612395e2097 1-2,23,78,82,86,91,95,99,106,110,114,121,125,129,136,140,144,163,167,172,179,183,187,194,198,203,210,214,219,226,230,234,241,245,249,256,260,265,272,276,281,288,292,297,304,308,312,319,323,328,335,339,343,350,354,359,366,370,375,382,386,391,398,402,407,414,418,423,430,434,439,446,450,456,463,467,472,479,483,487,494,498,502,509,513,519,526,530,539,546,550,557,564,568,577,584,588,597,604,608,623,630,634,649,656,660,665,672,676,682,689,693,699,706,710,716,723,727,733,740,744,752,759,763,771,1000,1006,1011,1017,1026,1032,1041,1047,1056,1062,1087,1093,1102,1108,1117,1123,1132,1138,1147,1153,1162,1168,1177,1183,1192,1198,1207,1213,1222,1228,1237,1243,1252,1258,1267,1273,1278,1284,1293,1299,1308,1314,1323,1329,1338,1344,1353,1359,1368,1374,1383,1389,1398,1404,1413,1419,1428,1434,1443,1449,1458,1464,1473,1479,1488,1494,1504,1510,1520,1526,1535,1541,1550,1556,1565,1571,1580,1586,1595,1601,1610,1616
qt-restricted-extras/qscintilla/gen_qscilexercoffeescript.go
  s_64fea63fed100b::t_3cb3b38b88896d 47-51,398-402,429-433,459-463,489-493,528-532,566-570,599-603,629-633,663-667,696-700,725-729,756-760,788-792,822-826,854-858,884-888,917-921,940-944,977-981,1011-1015,1043-1047,1077-1081,1111-1115,1143-1147,1173-1177,1200-1204,1230-1234,1260-1264,1290-1294,1322-1326,1354-1358,1386-1390,1422-1426,1463-1467,1500-1504,1532-1536,1566-1570,1596-1600,1626-1630,1656-1660,1686-1690
qt-restricted-extras/qscintilla/gen_qscilexercpp.cpp
  s_64fea63fed100b::t_536b4efeb8841a 1-2,23,84,88,94,101,105,111,118,122,128,135,139,145,152,156,162,169,173,177,182,186,190,197,201,205,212,216,220,227,231,235,254,258,263,270,274,278,285,289,294,301,305,310,317,321,325,332,336,340,347,351,356,363,367,372,379,383,388,395,399,403,410,414,419,426,430,434,441,445,450,457,461,466,473,477,482,489,493,498,505,509,514,521,525,530,537,541,547,554,558,563,570,574,578,585,589,593,600,604,610,617,621,630,637,641,648,655,659,668,675,679,688,695,699,714,721,725,740,747,751,756,763,767,773,780,784,790,797,801,807,814,818,824,831,835,843,850,854,862,1151,1157,1166,1172,1181,1187,1196,1202,1211,1217,1226,1232,1237,1243,1252,1258,1267,1273,1282,1288,1313,1319,1328,1334,1343,1349,1358,1364,1373,1379,1388,1394,1403,1409,1418,1424,1433,1439,1448,1454,1463,1469,1478,1484,1493,1499,1504,1510,1519,1525,1534,1540,1549,1555,1564,1570,1579,1585,1594,1600,1609,1615,1624,1630,1639,1645,1654,1660,1669,1675,1684,1690,1699,1705,1714,1720,1730,1736,1746,1752,1761,1767,1776,1782,1791,1797,1806,1812,1821,1827,1836,1842
qt-restricted-extras/qscintilla/gen_qscilexercpp.go
  s_64fea63fed100b::t_e2ebe3b113f0e4 79-83,498-502,528-532,558-562,588-592,618-622,642-646,673-677,703-707,733-737,772-776,810-814,843-847,873-877,907-911,940-944,969-973,1000-1004,1032-1036,1066-1070,1098-1102,1128-1132,1161-1165,1184-1188,1221-1225,1255-1259,1287-1291,1321-1325,1355-1359,1387-1391,1417-1421,1444-1448,1474-1478,1504-1508,1534-1538,1566-1570,1598-1602,1630-1634,1666-1670,1707-1711,1744-1748,1776-1780,1810-1814,1840-1844,1870-1874,1900-1904,1930-1934
qt-restricted-extras/qscintilla/gen_qscilexercsharp.cpp
  s_64fea63fed100b::t_c7c83b9801288b 1-2,23,83,87,93,100,104,110,117,121,127,134,138,144,151,155,161,168,172,176,181,185,189,196,200,204,211,215,219,226,230,234,253,257,262,269,273,277,284,288,293,300,304,309,316,320,324,331,335,339,346,350,355,362,366,371,378,382,387,394,398,402,409,413,418,425,429,433,440,444,449,456,460,465,472,476,481,488,492,497,504,508,513,520,524,529,536,540,546,553,557,562,569,573,577,584,588,592,599,603,609,616,620,629,636,640,647,654,658,667,674,678,687,694,698,713,720,724,739,746,750,755,762,766,772,779,783,789,796,800,806,813,817,823,830,834,842,849,853,861,998,1004,1013,1019,1028,1034,1043,1049,1058,1064,1073,1079,1084,1090,1099,1105,1114,1120,1129,1135,1160,1166,1175,1181,1190,1196,1205,1211,1220,1226,1235,1241,1250,1256,1265,1271,1280,1286,1295,1301,1310,1316,1325,1331,1340,1346,1351,1357,1366,1372,1381,1387,1396,1402,1411,1417,1426,1432,1441,1447,1456,1462,1471,1477,1486,1492,1501,1507,1516,1522,1531,1537,1546,1552,1561,1567,1577,1583,1593,1599,1608,1614,1623,1629,1638,1644,1653,1659,1668,1674,1683,1689
qt-restricted-extras/qscintilla/gen_qscilexercsharp.go
  s_64fea63fed100b::t_34c8fbf8fae637 18-22,282-286,312-316,342-346,372-376,402-406,426-430,457-461,487-491,517-521,556-560,594-598,627-631,657-661,691-695,724-728,753-757,784-788,816-820,850-854,882-886,912-916,945-949,968-972,1005-1009,1039-1043,1071-1075,1105-1109,1139-1143,1171-1175,1201-1205,1228-1232,1258-1262,1288-1292,1318-1322,1350-1354,1382-1386,1414-1418,1450-1454,1491-1495,1528-1532,1560-1564,1594-1598,1624-1628,1654-1658,1684-1688,1714-1718
qt-restricted-extras/qscintilla/gen_qscilexercss.cpp
  s_64fea63fed100b::t_efbe93fa5d1f57 1-2,23,80,84,90,97,101,107,114,118,122,127,131,135,142,146,150,157,161,165,172,176,180,199,203,208,215,219,223,230,234,239,246,250,255,262,266,270,277,281,285,292,296,301,308,312,317,324,328,333,340,344,348,355,359,364,371,375,379,386,390,395,402,406,411,418,422,427,434,438,443,450,454,459,466,470,475,482,486,492,499,503,508,515,519,523,530,534,538,545,549,555,562,566,575,582,586,593,600,604,613,620,624,633,640,644,659,666,670,685,692,696,701,708,712,718,725,729,735,742,746,752,759,763,769,776,780,788,795,799,807,1004,1010,1019,1025,1034,1040,1045,1051,1060,1066,1075,1081,1090,1096,1121,1127,1136,1142,1151,1157,1166,1172,1181,1187,1196,1202,1211,1217,1226,1232,1241,1247,1256,1262,1271,1277,1286,1292,1301,1307,1312,1318,1327,1333,1342,1348,1357,1363,1372,1378,1387,1393,1402,1408,1417,1423,1432,1438,1447,1453,1462,1468,1477,1483,1492,1498,1507,1513,1522,1528,1538,1544,1554,1560,1569,1575,1584,1590,1599,1605,1614,1620,1629,1635,1644,1650
qt-restricted-extras/qscintilla/gen_qscilexercss.go
  s_64fea63fed100b::t_f30944dd2349fe 47-51,375-379,405-409,429-433,460-464,490-494,520-524,559-563,597-601,630-634,660-664,694-698,727-731,756-760,787-791,819-823,853-857,885-889,915-919,948-952,971-975,1008-1012,1042-1046,1074-1078,1108-1112,1142-1146,1174-1178,1204-1208,1231-1235,1261-1265,1291-1295,1321-1325,1353-1357,1385-1389,1417-1421,1453-1457,1494-1498,1531-1535,1563-1567,1597-1601,1627-1631,1657-1661,1687-1691,1717-1721
qt-restricted-extras/qscintilla/gen_qscilexercustom.cpp
  s_64fea63fed100b::t_b99df3fc4793d1 1-2,23,79,83,89,94,98,104,111,115,119,126,130,134,139,143,147,154,158,162,169,173,177,184,188,192,211,215,220,227,231,235,242,246,251,258,262,267,274,278,282,289,293,297,304,308,313,320,324,329,336,340,345,352,356,360,367,371,376,383,387,391,398,402,407,414,418,423,430,434,439,446,450,455,462,466,471,478,482,487,494,498,503,510,514,518,525,529,535,542,546,555,562,566,573,580,584,593,600,604,613,620,624,639,646,650,665,672,676,681,688,692,698,705,709,715,722,726,732,739,743,749,756,760,768,775,779,787,915,921,926,932,941,947,956,962,967,973,982,988,997,1003,1012,1018,1043,1049,1058,1064,1073,1079,1088,1094,1103,1109,1118,1124,1133,1139,1148,1154,1163,1169,1178,1184,1193,1199,1208,1214,1223,1229,1234,1240,1249,1255,1264,1270,1279,1285,1294,1300,1309,1315,1324,1330,1339,1345,1354,1360,1369,1375,1384,1390,1399,1405,1414,1420,1430,1436,1446,1452,1461,1467,1476,1482,1491,1497,1506,1512,1521,1527,1536,1542
qt-restricted-extras/qscintilla/gen_qscilexercustom.go
  s_64fea63fed100b::t_eac3fd91781562 18-22,229-233,261-265,291-295,314-318,345-349,375-379,405-409,444-448,482-486,515-519,545-549,579-583,612-616,641-645,672-676,704-708,738-742,770-774,800-804,833-837,856-860,893-897,927-931,959-963,993-997,1027-1031,1059-1063,1087-1091,1117-1121,1147-1151,1179-1183,1211-1215,1243-1247,1279-1283,1320-1324,1357-1361,1389-1393,1423-1427,1453-1457,1483-1487,1513-1517,1543-1547
qt-restricted-extras/qscintilla/gen_qscilexerd.cpp
  s_64fea63fed100b::t_500ae3885bedb7 1-2,23,81,85,91,98,102,108,115,119,125,132,136,140,145,149,153,160,164,168,175,179,183,190,194,198,217,221,226,233,237,241,248,252,257,264,268,273,280,284,288,295,299,303,310,314,319,326,330,335,342,346,351,358,362,366,373,377,382,389,393,397,404,408,413,420,424,429,436,440,445,452,456,461,468,472,477,484,488,493,500,504,510,517,521,526,533,537,541,548,552,556,563,567,573,580,584,593,600,604,611,618,622,631,638,642,651,658,662,677,684,688,703,710,714,719,726,730,736,743,747,753,760,764,770,777,781,787,794,798,806,813,817,825,1046,1052,1061,1067,1076,1082,1091,1097,1102,1108,1117,1123,1132,1138,1147,1153,1178,1184,1193,1199,1208,1214,1223,1229,1238,1244,1253,1259,1268,1274,1283,1289,1298,1304,1313,1319,1328,1334,1343,1349,1358,1364,1369,1375,1384,1390,1399,1405,1414,1420,1429,1435,1444,1450,1459,1465,1474,1480,1489,1495,1504,1510,1519,1525,1534,1540,1549,1555,1564,1570,1579,1585,1595,1601,1611,1617,1626,1632,1641,1647,1656,1662,1671,1677,1686,1692,1701,1707
qt-restricted-extras/qscintilla/gen_qscilexerd.go
  s_64fea63fed100b::t_d53b793f1a5188 46-50,395-399,425-429,455-459,479-483,510-514,540-544,570-574,609-613,647-651,680-684,710-714,744-748,777-781,806-810,837-841,869-873,903-907,935-939,965-969,998-1002,1021-1025,1058-1062,1092-1096,1124-1128,1158-1162,1192-1196,1224-1228,1254-1258,1281-1285,1311-1315,1341-1345,1371-1375,1403-1407,1435-1439,1467-1471,1503-1507,1544-1548,1581-1585,1613-1617,1647-1651,1677-1681,1707-1711,1737-1741,1767-1771
qt-restricted-extras/qscintilla/gen_qscilexerdiff.cpp
  s_64fea63fed100b::t_53dcef05f8c978 1-2,23,78,82,86,91,95,99,106,110,114,121,125,129,136,140,144,163,167,172,179,183,187,194,198,203,210,214,219,226,230,234,241,245,249,256,260,265,272,276,281,288,292,297,304,308,312,319,323,328,335,339,343,350,354,359,366,370,375,382,386,391,398,402,407,414,418,423,430,434,439,446,450,456,463,467,472,479,483,487,494,498,502,509,513,519,526,530,539,546,550,557,564,568,577,584,588,597,604,608,623,630,634,649,656,660,665,672,676,682,689,693,699,706,710,716,723,727,733,740,744,752,759,763,771,898,904,909,915,924,930,939,945,954,960,985,991,1000,1006,1015,1021,1030,1036,1045,1051,1060,1066,1075,1081,1090,1096,1105,1111,1120,1126,1135,1141,1150,1156,1165,1171,1176,1182,1191,1197,1206,1212,1221,1227,1236,1242,1251,1257,1266,1272,1281,1287,1296,1302,1311,1317,1326,1332,1341,1347,1356,1362,1371,1377,1386,1392,1402,1408,1418,1424,1433,1439,1448,1454,1463,1469,1478,1484,1493,1499,1508,1514
qt-restricted-extras/qscintilla/gen_qscilexerdiff.go
  s_64fea63fed100b::t_6dc5eb47066642 35-39,246-250,277-281,307-311,337-341,376-380,414-418,447-451,477-481,511-515,544-548,573-577,604-608,636-640,670-674,702-706,732-736,765-769,788-792,825-829,859-863,891-895,925-929,959-963,991-995,1021-1025,1048-1052,1078-1082,1108-1112,1138-1142,1170-1174,1202-1206,1234-1238,1270-1274,1311-1315,1348-1352,1380-1384,1414-1418,1444-1448,1474-1478,1504-1508,1534-1538
qt-restricted-extras/qscintilla/gen_qscilexeredifact.cpp
  s_64fea63fed100b::t_e2022439ddd497 1-2,23,78,82,86,91,95,99,106,110,114,121,125,129,136,140,144,163,167,172,179,183,187,194,198,203,210,214,219,226,230,234,241,245,249,256,260,265,272,276,281,288,292,297,304,308,312,319,323,328,335,339,343,350,354,359,366,370,375,382,386,391,398,402,407,414,418,423,430,434,439,446,450,456,463,467,472,479,483,487,494,498,502,509,513,519,526,530,539,546,550,557,564,568,577,584,588,597,604,608,623,630,634,649,656,660,665,672,676,682,689,693,699,706,710,716,723,727,733,740,744,752,759,763,771,894,900,905,911,920,926,935,941,950,956,981,987,996,1002,1011,1017,1026,1032,1041,1047,1056,1062,1071,1077,1086,1092,1101,1107,1116,1122,1131,1137,1146,1152,1161,1167,1172,1178,1187,1193,1202,1208,1217,1223,1232,1238,1247,1253,1262,1268,1277,1283,1292,1298,1307,1313,1322,1328,1337,1343,1352,1358,1367,1373,1382,1388,1398,1404,1414,1420,1429,1435,1444,1450,1459,1465,1474,1480,1489,1495,1504,1510
qt-restricted-extras/qscintilla/gen_qscilexeredifact.go
  s_64fea63fed100b::t_6279aa3e0d1487 32-36,238-242,269-273,299-303,329-333,368-372,406-410,439-443,469-473,503-507,536-540,565-569,596-600,628-632,662-666,694-698,724-728,757-761,780-784,817-821,851-855,883-887,917-921,951-955,983-987,1013-1017,1040-1044,1070-1074,1100-1104,1130-1134,1162-1166,1194-1198,1226-1230,1262-1266,1303-1307,1340-1344,1372-1376,1406-1410,1436-1440,1466-1470,1496-1500,1526-1530
qt-restricted-extras/qscintilla/gen_qscilexerfortran.cpp
  s_64fea63fed100b::t_40a9574bb3e4bd 1-2,23,79,83,89,96,100,104,109,113,117,124,128,132,139,143,147,154,158,162,181,185,190,197,201,205,212,216,221,228,232,237,244,248,252,259,263,267,274,278,283,290,294,299,306,310,315,322,326,330,337,341,346,353,357,361,368,372,377,384,388,393,400,404,409,416,420,425,432,436,441,448,452,457,464,468,474,481,485,490,497,501,505,512,516,520,527,531,537,544,548,557,564,568,575,582,586,595,602,606,615,622,626,641,648,652,667,674,678,683,690,694,700,707,711,717,724,728,734,741,745,751,758,762,770,777,781,789,903,909,918,924,929,935,944,950,959,965,974,980,1005,1011,1020,1026,1035,1041,1050,1056,1065,1071,1080,1086,1095,1101,1110,1116,1125,1131,1140,1146,1155,1161,1170,1176,1185,1191,1196,1202,1211,1217,1226,1232,1241,1247,1256,1262,1271,1277,1286,1292,1301,1307,1316,1322,1331,1337,1346,1352,1361,1367,1376,1382,1391,1397,1406,1412,1422,1428,1438,1444,1453,1459,1468,1474,1483,1489,1498,1504,1513,1519,1528,1534
qt-restricted-extras/qscintilla/gen_qscilexerfortran.go
  s_64fea63fed100b::t_ae5ef15c9bda26 18-22,258-262,282-286,313-317,343-347,373-377,412-416,450-454,483-487,513-517,547-551,580-584,609-613,640-644,672-676,706-710,738-742,768-772,801-805,824-828,861-865,895-899,927-931,961-965,995-999,1027-1031,1057-1061,1084-1088,1114-1118,1144-1148,1174-1178,1206-1210,1238-1242,1270-1274,1306-1310,1347-1351,1384-1388,1416-1420,1450-1454,1480-1484,1510-1514,1540-1544,1570-1574
qt-restricted-extras/qscintilla/gen_qscilexerfortran77.cpp
  s_64fea63fed100b::t_36ec423be57f50 1-2,23,79,83,89,96,100,104,109,113,117,124,128,132,139,143,147,154,158,162,181,185,190,197,201,205,212,216,221,228,232,237,244,248,252,259,263,267,274,278,283,290,294,299,306,310,315,322,326,330,337,341,346,353,357,361,368,372,377,384,388,393,400,404,409,416,420,425,432,436,441,448,452,457,464,468,474,481,485,490,497,501,505,512,516,520,527,531,537,544,548,557,564,568,575,582,586,595,602,606,615,622,626,641,648,652,667,674,678,683,690,694,700,707,711,717,724,728,734,741,745,751,758,762,770,777,781,789,946,952,961,967,972,978,987,993,1002,1008,1017,1023,1048,1054,1063,1069,1078,1084,1093,1099,1108,1114,1123,1129,1138,1144,1153,1159,1168,1174,1183,1189,1198,1204,1213,1219,1228,1234,1239,1245,1254,1260,1269,1275,1284,1290,1299,1305,1314,1320,1329,1335,1344,1350,1359,1365,1374,1380,1389,1395,1404,1410,1419,1425,1434,1440,1449,1455,1465,1471,1481,1487,1496,1502,1511,1517,1526,1532,1541,1547,1556,1562,1571,1577
qt-restricted-extras/qscintilla/gen_qscilexerfortran77.go
  s_64fea63fed100b::t_8b037be8cc3ab8 38-42,323-327,347-351,378-382,408-412,438-442,477-481,515-519,548-552,578-582,612-616,645-649,674-678,705-709,737-741,771-775,803-807,833-837,866-870,889-893,926-930,960-964,992-996,1026-1030,1060-1064,1092-1096,1122-1126,1149-1153,1179-1183,1209-1213,1239-1243,1271-1275,1303-1307,1335-1339,1371-1375,1412-1416,1449-1453,1481-1485,1515-1519,1545-1549,1575-1579,1605-1609,1635-1639
qt-restricted-extras/qscintilla/gen_qscilexerhtml.cpp
  s_64fea63fed100b::t_dc0da8157f7fee 1-2,23,81,85,91,98,102,108,115,119,125,132,136,140,145,149,153,160,164,168,175,179,183,190,194,198,217,221,226,233,237,241,248,252,257,264,268,273,280,284,288,295,299,303,310,314,319,326,330,335,342,346,351,358,362,366,373,377,382,389,393,397,404,408,413,420,424,429,436,440,445,452,456,461,468,472,477,484,488,493,500,504,510,517,521,526,533,537,541,548,552,556,563,567,573,580,584,593,600,604,611,618,622,631,638,642,651,658,662,677,684,688,703,710,714,719,726,730,736,743,747,753,760,764,770,777,781,787,794,798,806,813,817,825,1034,1040,1049,1055,1064,1070,1079,1085,1090,1096,1105,1111,1120,1126,1135,1141,1166,1172,1181,1187,1196,1202,1211,1217,1226,1232,1241,1247,1256,1262,1271,1277,1286,1292,1301,1307,1316,1322,1331,1337,1346,1352,1357,1363,1372,1378,1387,1393,1402,1408,1417,1423,1432,1438,1447,1453,1462,1468,1477,1483,1492,1498,1507,1513,1522,1528,1537,1543,1552,1558,1567,1573,1583,1589,1599,1605,1614,1620,1629,1635,1644,1650,1659,1665,1674,1680,1689,1695
qt-restricted-extras/qscintilla/gen_qscilexerhtml.go
  s_64fea63fed100b::t_da7acbe9f6108a 133-137,472-476,502-506,532-536,556-560,587-591,617-621,647-651,686-690,724-728,757-761,787-791,821-825,854-858,883-887,914-918,946-950,980-984,1012-1016,1042-1046,1075-1079,1098-1102,1135-1139,1169-1173,1201-1205,1235-1239,1269-1273,1301-1305,1331-1335,1358-1362,1388-1392,1418-1422,1448-1452,1480-1484,1512-1516,1544-1548,1580-1584,1621-1625,1658-1662,1690-1694,1724-1728,1754-1758,1784-1788,1814-1818,1844-1848
qt-restricted-extras/qscintilla/gen_qscilexeridl.cpp
  s_64fea63fed100b::t_f8e35214cb34f1 1-2,23,83,87,93,100,104,110,117,121,127,134,138,144,151,155,161,168,172,176,181,185,189,196,200,204,211,215,219,226,230,234,253,257,262,269,273,277,284,288,293,300,304,309,316,320,324,331,335,339,346,350,355,362,366,371,378,382,387,394,398,402,409,413,418,425,429,433,440,444,449,456,460,465,472,476,481,488,492,497,504,508,513,520,524,529,536,540,546,553,557,562,569,573,577,584,588,592,599,603,609,616,620,629,636,640,647,654,658,667,674,678,687,694,698,713,720,724,739,746,750,755,762,766,772,779,783,789,796,800,806,813,817,823,830,834,842,849,853,861,986,992,1001,1007,1016,1022,1031,1037,1046,1052,1061,1067,1072,1078,1087,1093,1102,1108,1117,1123,1148,1154,1163,1169,1178,1184,1193,1199,1208,1214,1223,1229,1238,1244,1253,1259,1268,1274,1283,1289,1298,1304,1313,1319,1328,1334,1339,1345,1354,1360,1369,1375,1384,1390,1399,1405,1414,1420,1429,1435,1444,1450,1459,1465,1474,1480,1489,1495,1504,1510,1519,1525,1534,1540,1549,1555,1565,1571,1581,1587,1596,1602,1611,1617,1626,1632,1641,1647,1656,1662,1671,1677
qt-restricted-extras/qscintilla/gen_qscilexeridl.go
  s_64fea63fed100b::t_58fdf9ce24b948 18-22,266-270,296-300,326-330,356-360,386-390,410-414,441-445,471-475,501-505,540-544,578-582,611-615,641-645,675-679,708-712,737-741,768-772,800-804,834-838,866-870,896-900,929-933,952-956,989-993,1023-1027,1055-1059,1089-1093,1123-1127,1155-1159,1185-1189,1212-1216,1242-1246,1272-1276,1302-1306,1334-1338,1366-1370,1398-1402,1434-1438,1475-1479,1512-1516,1544-1548,1578-1582,1608-1612,1638-1642,1668-1672,1698-1702
qt-restricted-extras/qscintilla/gen_qscilexerjava.cpp
  s_64fea63fed100b::t_4bdc9d066b6f8c 1-2,23,83,87,93,100,104,110,117,121,127,134,138,144,151,155,161,168,172,176,181,185,189,196,200,204,211,215,219,226,230,234,253,257,262,269,273,277,284,288,293,300,304,309,316,320,324,331,335,339,346,350,355,362,366,371,378,382,387,394,398,402,409,413,418,425,429,433,440,444,449,456,460,465,472,476,481,488,492,497,504,508,513,520,524,529,536,540,546,553,557,562,569,573,577,584,588,592,599,603,609,616,620,629,636,640,647,654,658,667,674,678,687,694,698,713,720,724,739,746,750,755,762,766,772,779,783,789,796,800,806,813,817,823,830,834,842,849,853,861,971,977,986,992,1001,1007,1016,1022,1031,1037,1046,1052,1057,1063,1072,1078,1087,1093,1102,1108,1133,1139,1148,1154,1163,1169,1178,1184,1193,1199,1208,1214,1223,1229,1238,1244,1253,1259,1268,1274,1283,1289,1298,1304,1313,1319,1324,1330,1339,1345,1354,1360,1369,1375,1384,1390,1399,1405,1414,1420,1429,1435,1444,1450,1459,1465,1474,1480,1489,1495,1504,1510,1519,1525,1534,1540,1550,1556,1566,1572,1581,1587,1596,1602,1611,1617,1626,1632,1641,1647,1656,1662
qt-restricted-extras/qscintilla/gen_qscilexerjava.go
  s_64fea63fed100b::t_bb8b04899bc4d8 18-22,253-257,283-287,313-317,343-347,373-377,397-401,428-432,458-462,488-492,527-531,565-569,598-602,628-632,662-666,695-699,724-728,755-759,787-791,821-825,853-857,883-887,916-920,939-943,976-980,1010-1014,1042-1046,1076-1080,1110-1114,1142-1146,1172-1176,1199-1203,1229-1233,1259-1263,1289-1293,1321-1325,1353-1357,1385-1389,1421-1425,1462-1466,1499-1503,1531-1535,1565-1569,1595-1599,1625-1629,1655-1659,1685-1689
qt-restricted-extras/qscintilla/gen_qscilexerjavascript.cpp
  s_64fea63fed100b::t_decb09f30f304d 1-2,23,83,87,93,100,104,110,117,121,127,134,138,144,151,155,161,168,172,176,181,185,189,196,200,204,211,215,219,226,230,234,253,257,262,269,273,277,284,288,293,300,304,309,316,320,324,331,335,339,346,350,355,362,366,371,378,382,387,394,398,402,409,413,418,425,429,433,440,444,449,456,460,465,472,476,481,488,492,497,504,508,513,520,524,529,536,540,546,553,557,562,569,573,577,584,588,592,599,603,609,616,620,629,636,640,647,654,658,667,674,678,687,694,698,713,720,724,739,746,750,755,762,766,772,779,783,789,796,800,806,813,817,823,830,834,842,849,853,861,998,1004,1013,1019,1028,1034,1043,1049,1058,1064,1073,1079,1084,1090,1099,1105,1114,1120,1129,1135,1160,1166,1175,1181,1190,1196,1205,1211,1220,1226,1235,1241,1250,1256,1265,1271,1280,1286,1295,1301,1310,1316,1325,1331,1340,1346,1351,1357,1366,1372,1381,1387,1396,1402,1411,1417,1426,1432,1441,1447,1456,1462,1471,1477,1486,1492,1501,1507,1516,1522,1531,1537,1546,1552,1561,1567,1577,1583,1593,1599,1608,1614,1623,1629,1638,1644,1653,1659,1668,1674,1683,1689
qt-restricted-extras/qscintilla/gen_qscilexerjavascript.go
  s_64fea63fed100b::t_78d29cc285fbfb 18-22,282-286,312-316,342-346,372-376,402-406,426-430,457-461,487-491,517-521,556-560,594-598,627-631,657-661,691-695,724-728,753-757,784-788,816-820,850-854,882-886,912-916,945-949,968-972,1005-1009,1039-1043,1071-1075,1105-1109,1139-1143,1171-1175,1201-1205,1228-1232,1258-1262,1288-1292,1318-1322,1350-1354,1382-1386,1414-1418,1450-1454,1491-1495,1528-1532,1560-1564,1594-1598,1624-1628,1654-1658,1684-1688,1714-1718
qt-restricted-extras/qscintilla/gen_qscilexerjson.cpp
  s_64fea63fed100b::t_c90b3b84fbbab1 1-2,23,78,82,86,91,95,99,106,110,114,121,125,129,136,140,144,163,167,172,179,183,187,194,198,203,210,214,219,226,230,234,241,245,249,256,260,265,272,276,281,288,292,297,304,308,312,319,323,328,335,339,343,350,354,359,366,370,375,382,386,391,398,402,407,414,418,423,430,434,439,446,450,456,463,467,472,479,483,487,494,498,502,509,513,519,526,530,539,546,550,557,564,568,577,584,588,597,604,608,623,630,634,649,656,660,665,672,676,682,689,693,699,706,710,716,723,727,733,740,744,752,759,763,771,940,946,951,957,966,972,981,987,996,1002,1027,1033,1042,1048,1057,1063,1072,1078,1087,1093,1102,1108,1117,1123,1132,1138,1147,1153,1162,1168,1177,1183,1192,1198,1207,1213,1218,1224,1233,1239,1248,1254,1263,1269,1278,1284,1293,1299,1308,1314,1323,1329,1338,1344,1353,1359,1368,1374,1383,1389,1398,1404,1413,1419,1428,1434,1444,1450,1460,1466,1475,1481,1490,1496,1505,1511,1520,1526,1535,1541,1550,1556
qt-restricted-extras/qscintilla/gen_qscilexerjson.go
  s_64fea63fed100b::t_8554279cd87c3d 37-41,328-332,359-363,389-393,419-423,458-462,496-500,529-533,559-563,593-597,626-630,655-659,686-690,718-722,752-756,784-788,814-818,847-851,870-874,907-911,941-945,973-977,1007-1011,1041-1045,1073-1077,1103-1107,1130-1134,1160-1164,1190-1194,1220-1224,1252-1256,1284-1288,1316-1320,1352-1356,1393-1397,1430-1434,1462-1466,1496-1500,1526-1530,1556-1560,1586-1590,1616-1620
qt-restricted-extras/qscintilla/gen_qscilexerlua.cpp
  s_64fea63fed100b::t_667f4a9418db6f 1-2,23,79,83,89,96,100,104,109,113,117,124,128,132,139,143,147,154,158,162,181,185,190,197,201,205,212,216,221,228,232,237,244,248,252,259,263,267,274,278,283,290,294,299,306,310,315,322,326,330,337,341,346,353,357,361,368,372,377,384,388,393,400,404,409,416,420,425,432,436,441,448,452,457,464,468,474,481,485,490,497,501,505,512,516,520,527,531,537,544,548,557,564,568,575,582,586,595,602,606,615,622,626,641,648,652,667,674,678,683,690,694,700,707,711,717,724,728,734,741,745,751,758,762,770,777,781,789,974,980,989,995,1000,1006,1015,1021,1030,1036,1045,1051,1076,1082,1091,1097,1106,1112,1121,1127,1136,1142,1151,1157,1166,1172,1181,1187,1196,1202,1211,1217,1226,1232,1241,1247,1256,1262,1267,1273,1282,1288,1297,1303,1312,1318,1327,1333,1342,1348,1357,1363,1372,1378,1387,1393,1402,1408,1417,1423,1432,1438,1447,1453,1462,1468,1477,1483,1493,1499,1509,1515,1524,1530,1539,1545,1554,1560,1569,1575,1584,1590,1599,1605
qt-restricted-extras/qscintilla/gen_qscilexerlua.go
  s_64fea63fed100b::t_cbcf921f1fa164 43-47,351-355,375-379,406-410,436-440,466-470,505-509,543-547,576-580,606-610,640-644,673-677,702-706,733-737,765-769,799-803,831-835,861-865,894-898,917-921,954-958,988-992,1020-1024,1054-1058,1088-1092,1120-1124,1150-1154,1177-1181,1207-1211,1237-1241,1267-1271,1299-1303,1331-1335,1363-1367,1399-1403,1440-1444,1477-1481,1509-1513,1543-1547,1573-1577,1603-1607,1633-1637,1663-1667
qt-restricted-extras/qscintilla/gen_qscilexermakefile.cpp
  s_64fea63fed100b::t_657415c0b3c19e 1-2,23,78,82,86,91,95,99,106,110,114,121,125,129,136,140,144,163,167,172,179,183,187,194,198,203,210,214,219,226,230,234,241,245,249,256,260,265,272,276,281,288,292,297,304,308,312,319,323,328,335,339,343,350,354,359,366,370,375,382,386,391,398,402,407,414,418,423,430,434,439,446,450,456,463,467,472,479,483,487,494,498,502,509,513,519,526,530,539,546,550,557,564,568,577,584,588,597,604,608,623,630,634,649,656,660,665,672,676,682,689,693,699,706,710,716,723,727,733,740,744,752,759,763,771,910,916,921,927,936,942,951,957,966,972,997,1003,1012,1018,1027,1033,1042,1048,1057,1063,1072,1078,1087,1093,1102,1108,1117,1123,1132,1138,1147,1153,1162,1168,1177,1183,1188,1194,1203,1209,1218,1224,1233,1239,1248,1254,1263,1269,1278,1284,1293,1299,1308,1314,1323,1329,1338,1344,1353,1359,1368,1374,1383,1389,1398,1404,1414,1420,1430,1436,1445,1451,1460,1466,1475,1481,1490,1496,1505,1511,1520,1526
qt-restricted-extras/qscintilla/gen_qscilexermakefile.go
  s_64fea63fed100b::t_1469f8a0b4bd4a 30-34,257-261,288-292,318-322,348-352,387-391,425-429,458-462,488-492,522-526,555-559,584-588,615-619,647-651,681-685,713-717,743-747,776-780,799-803,836-840,870-874,902-906,936-940,970-974,1002-1006,1032-1036,1059-1063,1089-1093,1119-1123,1149-1153,1181-1185,1213-1217,1245-1249,1281-1285,1322-1326,1359-1363,1391-1395,1425-1429,1455-1459,1485-1489,1515-1519,1545-1549
qt-restricted-extras/qscintilla/gen_qscilexermarkdown.cpp
  s_64fea63fed100b::t_d37bb202b61126 1-2,23,78,82,86,91,95,99,106,110,114,121,125,129,136,140,144,163,167,172,179,183,187,194,198,203,210,214,219,226,230,234,241,245,249,256,260,265,272,276,281,288,292,297,304,308,312,319,323,328,335,339,343,350,354,359,366,370,375,382,386,391,398,402,407,414,418,423,430,434,439,446,450,456,463,467,472,479,483,487,494,498,502,509,513,519,526,530,539,546,550,557,564,568,577,584,588,597,604,608,623,630,634,649,656,660,665,672,676,682,689,693,699,706,710,716,723,727,733,740,744,752,759,763,771,902,908,913,919,928,934,943,949,958,964,989,995,1004,1010,1019,1025,1034,1040,1049,1055,1064,1070,1079,1085,1094,1100,1109,1115,1124,1130,1139,1145,1154,1160,1169,1175,1180,1186,1195,1201,1210,1216,1225,1231,1240,1246,1255,1261,1270,1276,1285,1291,1300,1306,1315,1321,1330,1336,1345,1351,1360,1366,1375,1381,1390,1396,1406,1412,1422,1428,1437,1443,1452,1458,1467,1473,1482,1488,1497,1503,1512,1518
qt-restricted-extras/qscintilla/gen_qscilexermarkdown.go
  s_64fea63fed100b::t_e00a5023d5a9fb 45-49,263-267,294-298,324-328,354-358,393-397,431-435,464-468,494-498,528-532,561-565,590-594,621-625,653-657,687-691,719-723,749-753,782-786,805-809,842-846,876-880,908-912,942-946,976-980,1008-1012,1038-1042,1065-1069,1095-1099,1125-1129,1155-1159,1187-1191,1219-1223,1251-1255,1287-1291,1328-1332,1365-1369,1397-1401,1431-1435,1461-1465,1491-1495,1521-1525,1551-1555
qt-restricted-extras/qscintilla/gen_qscilexermatlab.cpp
  s_64fea63fed100b::t_590f64c7c7ff16 1-2,23,78,82,86,91,95,99,106,110,114,121,125,129,136,140,144,163,167,172,179,183,187,194,198,203,210,214,219,226,230,234,241,245,249,256,260,265,272,276,281,288,292,297,304,308,312,319,323,328,335,339,343,350,354,359,366,370,375,382,386,391,398,402,407,414,418,423,430,434,439,446,450,456,463,467,472,479,483,487,494,498,502,509,513,519,526,530,539,546,550,557,564,568,577,584,588,597,604,608,623,630,634,649,656,660,665,672,676,682,689,693,699,706,710,716,723,727,733,740,744,752,759,763,771,902,908,913,919,928,934,943,949,958,964,989,995,1004,1010,1019,1025,1034,1040,1049,1055,1064,1070,1079,1085,1094,1100,1109,1115,1124,1130,1139,1145,1154,1160,1169,1175,1180,1186,1195,1201,1210,1216,1225,1231,1240,1246,1255,1261,1270,1276,1285,1291,1300,1306,1315,1321,1330,1336,1345,1351,1360,1366,1375,1381,1390,1396,1406,1412,1422,1428,1437,1443,1452,1458,1467,1473,1482,1488,1497,1503,1512,1518
qt-restricted-extras/qscintilla/gen_qscilexermatlab.go
  s_64fea63fed100b::t_1ea76da112d46e 32-36,249-253,280-284,310-314,340-344,379-383,417-421,450-454,480-484,514-518,547-551,576-580,607-611,639-643,673-677,705-709,735-739,768-772,791-795,828-832,862-866,894-898,928-932,962-966,994-998,1024-1028,1051-1055,1081-1085,1111-1115,1141-1145,1173-1177,1205-1209,1237-1241,1273-1277,1314-1318,1351-1355,1383-1387,1417-1421,1447-1451,1477-1481,1507-1511,1537-1541
qt-restricted-extras/qscintilla/gen_qscilexeroctave.cpp
  s_64fea63fed100b::t_bb5107564f4acb 1-2,23,78,82,86,91,95,99,106,110,114,121,125,129,136,140,144,163,167,172,179,183,187,194,198,203,210,214,219,226,230,234,241,245,249,256,260,265,272,276,281,288,292,297,304,308,312,319,323,328,335,339,343,350,354,359,366,370,375,382,386,391,398,402,407,414,418,423,430,434,439,446,450,456,463,467,472,479,483,487,494,498,502,509,513,519,526,530,539,546,550,557,564,568,577,584,588,597,604,608,623,630,634,649,656,660,665,672,676,682,689,693,699,706,710,716,723,727,733,740,744,752,759,763,771,883,889,894,900,909,915,924,930,939,945,970,976,985,991,1000,1006,1015,1021,1030,1036,1045,1051,1060,1066,1075,1081,1090,1096,1105,1111,1120,1126,1135,1141,1150,1156,1161,1167,1176,1182,1191,1197,1206,1212,1221,1227,1236,1242,1251,1257,1266,1272,1281,1287,1296,1302,1311,1317,1326,1332,1341,1347,1356,1362,1371,1377,1387,1393,1403,1409,1418,1424,1433,1439,1448,1454,1463,1469,1478,1484,1493,1499
qt-restricted-extras/qscintilla/gen_qscilexeroctave.go
  s_64fea63fed100b::t_9466794cdd1c8b 18-22,216-220,247-251,277-281,307-311,346-350,384-388,417-421,447-451,481-485,514-518,543-547,574-578,606-610,640-644,672-676,702-706,735-739,758-762,795-799,829-833,861-865,895-899,929-933,961-965,991-995,1018-1022,1048-1052,1078-1082,1108-1112,1140-1144,1172-1176,1204-1208,1240-1244,1281-1285,1318-1322,1350-1354,1384-1388,1414-1418,1444-1448,1474-1478,1504-1508
qt-restricted-extras/qscintilla/gen_qscilexerpascal.cpp
  s_64fea63fed100b::t_6b3ee4b18b053b 1-2,23,81,85,91,98,102,108,115,119,125,132,136,140,145,149,153,160,164,168,175,179,183,190,194,198,217,221,226,233,237,241,248,252,257,264,268,273,280,284,288,295,299,303,310,314,319,326,330,335,342,346,351,358,362,366,373,377,382,389,393,397,404,408,413,420,424,429,436,440,445,452,456,461,468,472,477,484,488,493,500,504,510,517,521,526,533,537,541,548,552,556,563,567,573,580,584,593,600,604,611,618,622,631,638,642,651,658,662,677,684,688,703,710,714,719,726,730,736,743,747,753,760,764,770,777,781,787,794,798,806,813,817,825,1050,1056,1065,1071,1080,1086,1095,1101,1106,1112,1121,1127,1136,1142,1151,1157,1182,1188,1197,1203,1212,1218,1227,1233,1242,1248,1257,1263,1272,1278,1287,1293,1302,1308,1317,1323,1332,1338,1347,1353,1362,1368,1373,1379,1388,1394,1403,1409,1418,1424,1433,1439,1448,1454,1463,1469,1478,1484,1493,1499,1508,1514,1523,1529,1538,1544,1553,1559,1568,1574,1583,1589,1599,1605,1615,1621,1630,1636,1645,1651,1660,1666,1675,1681,1690,1696,1705,1711
qt-restricted-extras/qscintilla/gen_qscilexerpascal.go
  s_64fea63fed100b::t_ee080f1bbfc5c8 38-42,390-394,420-424,450-454,474-478,505-509,535-539,565-569,604-608,642-646,675-679,705-709,739-743,772-776,801-805,832-836,864-868,898-902,930-934,960-964,993-997,1016-1020,1053-1057,1087-1091,1119-1123,1153-1157,1187-1191,1219-1223,1249-1253,1276-1280,1306-1310,1336-1340,1366-1370,1398-1402,1430-1434,1462-1466,1498-1502,1539-1543,1576-1580,1608-1612,1642-1646,1672-1676,1702-1706,1732-1736,1762-1766
qt-restricted-extras/qscintilla/gen_qscilexerperl.cpp
  s_64fea63fed100b::t_b2a40b1261e83b 1-2,23,80,84,90,97,101,107,114,118,122,127,131,135,142,146,150,157,161,165,172,176,180,199,203,208,215,219,223,230,234,239,246,250,255,262,266,270,277,281,285,292,296,301,308,312,317,324,328,333,340,344,348,355,359,364,371,375,379,386,390,395,402,406,411,418,422,427,434,438,443,450,454,459,466,470,475,482,486,492,499,503,508,515,519,523,530,534,538,545,549,555,562,566,575,582,586,593,600,604,613,620,624,633,640,644,659,666,670,685,692,696,701,708,712,718,725,729,735,742,746,752,759,763,769,776,780,788,795,799,807,1036,1042,1051,1057,1066,1072,1077,1083,1092,1098,1107,1113,1122,1128,1153,1159,1168,1174,1183,1189,1198,1204,1213,1219,1228,1234,1243,1249,1258,1264,1273,1279,1288,1294,1303,1309,1318,1324,1333,1339,1344,1350,1359,1365,1374,1380,1389,1395,1404,1410,1419,1425,1434,1440,1449,1455,1464,1470,1479,1485,1494,1500,1509,1515,1524,1530,1539,1545,1554,1560,1570,1576,1586,1592,1601,1607,1616,1622,1631,1637,1646,1652,1661,1667,1676,1682
qt-restricted-extras/qscintilla/gen_qscilexerperl.go
  s_64fea63fed100b::t_034c97ed84e3fe 64-68,419-423,449-453,473-477,504-508,534-538,564-568,603-607,641-645,674-678,704-708,738-742,771-775,800-804,831-835,863-867,897-901,929-933,959-963,992-996,1015-1019,1052-1056,1086-1090,1118-1122,1152-1156,1186-1190,1218-1222,1248-1252,1275-1279,1305-1309,1335-1339,1365-1369,1397-1401,1429-1433,1461-1465,1497-1501,1538-1542,1575-1579,1607-1611,1641-1645,1671-1675,1701-1705,1731-1735,1761-1765
qt-restricted-extras/qscintilla/gen_qscilexerpo.cpp
  s_64fea63fed100b::t_669faf4ac13128 1-2,23,80,84,90,97,101,107,114,118,122,127,131,135,142,146,150,157,161,165,172,176,180,199,203,208,215,219,223,230,234,239,246,250,255,262,266,270,277,281,285,292,296,301,308,312,317,324,328,333,340,344,348,355,359,364,371,375,379,386,390,395,402,406,411,418,422,427,434,438,443,450,454,459,466,470,475,482,486,492,499,503,508,515,519,523,530,534,538,545,549,555,562,566,575,582,586,593,600,604,613,620,624,633,640,644,659,666,670,685,692,696,701,708,712,718,725,729,735,742,746,752,759,763,769,776,780,788,795,799,807,956,962,971,977,986,992,997,1003,1012,1018,1027,1033,1042,1048,1073,1079,1088,1094,1103,1109,1118,1124,1133,1139,1148,1154,1163,1169,1178,1184,1193,1199,1208,1214,1223,1229,1238,1244,1253,1259,1264,1270,1279,1285,1294,1300,1309,1315,1324,1330,1339,1345,1354,1360,1369,1375,1384,1390,1399,1405,1414,1420,1429,1435,1444,1450,1459,1465,1474,1480,1490,1496,1506,1512,1521,1527,1536,1542,1551,1557,1566,1572,1581,1587,1596,1602
qt-restricted-extras/qscintilla/gen_qscilexerpo.go
  s_64fea63fed100b::t_7eb1cda186364d 38-42,312-316,342-346,366-370,397-401,427-431,457-461,496-500,534-538,567-571,597-601,631-635,664-668,693-697,724-728,756-760,790-794,822-826,852-856,885-889,908-912,945-949,979-983,1011-1015,1045-1049,1079-1083,1111-1115,1141-1145,1168-1172,1198-1202,1228-1232,1258-1262,1290-1294,1322-1326,1354-1358,1390-1394,1431-1435,1468-1472,1500-1504,1534-1538,1564-1568,1594-1598,1624-1628,1654-1658
qt-restricted-extras/qscintilla/gen_qscilexerpostscript.cpp
  s_64fea63fed100b::t_f3dd1f52f1cb5f 1-2,23,82,86,92,99,103,109,116,120,126,133,137,143,150,154,158,163,167,171,178,182,186,193,197,201,208,212,216,235,239,244,251,255,259,266,270,275,282,286,291,298,302,306,313,317,321,328,332,337,344,348,353,360,364,369,376,380,384,391,395,400,407,411,415,422,426,431,438,442,447,454,458,463,470,474,479,486,490,495,502,506,511,518,522,528,535,539,544,551,555,559,566,570,574,581,585,591,598,602,611,618,622,629,636,640,649,656,660,669,676,680,695,702,706,721,728,732,737,744,748,754,761,765,771,778,782,788,795,799,805,812,816,824,831,835,843,1020,1026,1035,1041,1050,1056,1065,1071,1080,1086,1091,1097,1106,1112,1121,1127,1136,1142,1167,1173,1182,1188,1197,1203,1212,1218,1227,1233,1242,1248,1257,1263,1272,1278,1287,1293,1302,1308,1317,1323,1332,1338,1347,1353,1358,1364,1373,1379,1388,1394,1403,1409,1418,1424,1433,1439,1448,1454,1463,1469,1478,1484,1493,1499,1508,1514,1523,1529,1538,1544,1553,1559,1568,1574,1584,1590,1600,1606,1615,1621,1630,1636,1645,1651,1660,1666,1675,1681,1690,1696
qt-restricted-extras/qscintilla/gen_qscilexerpostscript.go
  s_64fea63fed100b::t_a75468d17249a8 39-43,344-348,374-378,404-408,434-438,458-462,489-493,519-523,549-553,588-592,626-630,659-663,689-693,723-727,756-760,785-789,816-820,848-852,882-886,914-918,944-948,977-981,1000-1004,1037-1041,1071-1075,1103-1107,1137-1141,1171-1175,1203-1207,1233-1237,1260-1264,1290-1294,1320-1324,1350-1354,1382-1386,1414-1418,1446-1450,1482-1486,1523-1527,1560-1564,1592-1596,1626-1630,1656-1660,1686-1690,1716-1720,1746-1750
qt-restricted-extras/qscintilla/gen_qscilexerpov.cpp
  s_64fea63fed100b::t_018ebef993521a 1-2,23,81,85,91,98,102,108,115,119,125,132,136,140,145,149,153,160,164,168,175,179,183,190,194,198,217,221,226,233,237,241,248,252,257,264,268,273,280,284,288,295,299,303,310,314,319,326,330,335,342,346,351,358,362,366,373,377,382,389,393,397,404,408,413,420,424,429,436,440,445,452,456,461,468,472,477,484,488,493,500,504,510,517,521,526,533,537,541,548,552,556,563,567,573,580,584,593,600,604,611,618,622,631,638,642,651,658,662,677,684,688,703,710,714,719,726,730,736,743,747,753,760,764,770,777,781,787,794,798,806,813,817,825,1002,1008,1017,1023,1032,1038,1047,1053,1058,1064,1073,1079,1088,1094,1103,1109,1134,1140,1149,1155,1164,1170,1179,1185,1194,1200,1209,1215,1224,1230,1239,1245,1254,1260,1269,1275,1284,1290,1299,1305,1314,1320,1325,1331,1340,1346,1355,1361,1370,1376,1385,1391,1400,1406,1415,1421,1430,1436,1445,1451,1460,1466,1475,1481,1490,1496,1505,1511,1520,1526,1535,1541,1551,1557,1567,1573,1582,1588,1597,1603,1612,1618,1627,1633,1642,1648,1657,1663
qt-restricted-extras/qscintilla/gen_qscilexerpov.go
  s_64fea63fed100b::t_6c6c609292e663 40-44,346-350,376-380,406-410,430-434,461-465,491-495,521-525,560-564,598-602,631-635,661-665,695-699,728-732,757-761,788-792,820-824,854-858,886-890,916-920,949-953,972-976,1009-1013,1043-1047,1075-1079,1109-1113,1143-1147,1175-1179,1205-1209,1232-1236,1262-1266,1292-1296,1322-1326,1354-1358,1386-1390,1418-1422,1454-1458,1495-1499,1532-1536,1564-1568,1598-1602,1628-1632,1658-1662,1688-1692,1718-1722
qt-restricted-extras/qscintilla/gen_qscilexerproperties.cpp
  s_64fea63fed100b::t_fe48f0040f2bfe 1-2,23,79,83,89,96,100,104,109,113,117,124,128,132,139,143,147,154,158,162,181,185,190,197,201,205,212,216,221,228,232,237,244,248,252,259,263,267,274,278,283,290,294,299,306,310,315,322,326,330,337,341,346,353,357,361,368,372,377,384,388,393,400,404,409,416,420,425,432,436,441,448,452,457,464,468,474,481,485,490,497,501,505,512,516,520,527,531,537,544,548,557,564,568,575,582,586,595,602,606,615,622,626,641,648,652,667,674,678,683,690,694,700,707,711,717,724,728,734,741,745,751,758,762,770,777,781,789,950,956,965,971,976,982,991,997,1006,1012,1021,1027,1052,1058,1067,1073,1082,1088,1097,1103,1112,1118,1127,1133,1142,1148,1157,1163,1172,1178,1187,1193,1202,1208,1217,1223,1232,1238,1243,1249,1258,1264,1273,1279,1288,1294,1303,1309,1318,1324,1333,1339,1348,1354,1363,1369,1378,1384,1393,1399,1408,1414,1423,1429,1438,1444,1453,1459,1469,1475,1485,1491,1500,1506,1515,1521,1530,1536,1545,1551,1560,1566,1575,1581
qt-restricted-extras/qscintilla/gen_qscilexerproperties.go
  s_64fea63fed100b::t_05aa8d8e78b01c 29-33,318-322,342-346,373-377,403-407,433-437,472-476,510-514,543-547,573-577,607-611,640-644,669-673,700-704,732-736,766-770,798-802,828-832,861-865,884-888,921-925,955-959,987-991,1021-1025,1055-1059,1087-1091,1117-1121,1144-1148,1174-1178,1204-1208,1234-1238,1266-1270,1298-1302,1330-1334,1366-1370,1407-1411,1444-1448,1476-1480,1510-1514,1540-1544,1570-1574,1600-1604,1630-1634
qt-restricted-extras/qscintilla/gen_qscilexerpython.cpp
  s_64fea63fed100b::t_f0ba534cae0323 1-2,23,81,85,89,96,100,106,113,117,123,130,134,141,148,152,156,161,165,169,176,180,184,191,195,199,206,210,214,233,237,242,249,253,257,264,268,273,280,284,289,296,300,304,311,315,319,326,330,335,342,346,351,358,362,367,374,378,383,390,394,398,405,409,414,421,425,430,437,441,446,453,457,462,469,473,478,485,489,494,501,505,511,518,522,527,534,538,542,549,553,557,564,568,574,581,585,594,601,605,612,619,623,632,639,643,652,659,663,678,685,689,704,711,715,720,727,731,737,744,748,754,761,765,771,778,782,788,795,799,807,814,818,826,1084,1090,1099,1105,1114,1120,1129,1135,1144,1150,1155,1161,1170,1176,1185,1191,1200,1206,1231,1237,1246,1252,1261,1267,1276,1282,1291,1297,1306,1312,1321,1327,1336,1342,1351,1357,1366,1372,1381,1387,1396,1402,1407,1413,1422,1428,1437,1443,1452,1458,1467,1473,1482,1488,1497,1503,1512,1518,1527,1533,1542,1548,1557,1563,1572,1578,1587,1593,1602,1608,1617,1623,1633,1639,1649,1655,1664,1670,1679,1685,1694,1700,1709,1715,1724,1730,1739,1745
qt-restricted-extras/qscintilla/gen_qscilexerpython.go
  s_64fea63fed100b::t_4d4ffa938b0f78 53-57,433-437,462-466,492-496,522-526,546-550,577-581,607-611,637-641,676-680,714-718,747-751,777-781,811-815,844-848,873-877,904-908,936-940,970-974,1003-1007,1036-1040,1059-1063,1096-1100,1130-1134,1162-1166,1196-1200,1230-1234,1262-1266,1292-1296,1319-1323,1349-1353,1379-1383,1409-1413,1441-1445,1473-1477,1505-1509,1541-1545,1582-1586,1619-1623,1651-1655,1685-1689,1715-1719,1745-1749,1775-1779,1805-1809
qt-restricted-extras/qscintilla/gen_qscilexerruby.cpp
  s_64fea63fed100b::t_c1c6aeacfa1484 1-2,23,78,82,86,91,95,99,106,110,114,121,125,129,136,140,144,163,167,172,179,183,187,194,198,203,210,214,219,226,230,234,241,245,249,256,260,265,272,276,281,288,292,297,304,308,312,319,323,328,335,339,343,350,354,359,366,370,375,382,386,391,398,402,407,414,418,423,430,434,439,446,450,456,463,467,472,479,483,487,494,498,502,509,513,519,526,530,539,546,550,557,564,568,577,584,588,597,604,608,623,630,634,649,656,660,665,672,676,682,689,693,699,706,710,716,723,727,733,740,744,752,759,763,771,960,966,971,977,986,992,1001,1007,1016,1022,1047,1053,1062,1068,1077,1083,1092,1098,1107,1113,1122,1128,1137,1143,1152,1158,1167,1173,1182,1188,1197,1203,1212,1218,1227,1233,1238,1244,1253,1259,1268,1274,1283,1289,1298,1304,1313,1319,1328,1334,1343,1349,1358,1364,1373,1379,1388,1394,1403,1409,1418,1424,1433,1439,1448,1454,1464,1470,1480,1486,1495,1501,1510,1516,1525,1531,1540,1546,1555,1561,1570,1576
qt-restricted-extras/qscintilla/gen_qscilexerruby.go
  s_64fea63fed100b::t_fb4d37e568b243 54-58,371-375,402-406,432-436,462-466,501-505,539-543,572-576,602-606,636-640,669-673,698-702,729-733,761-765,795-799,827-831,857-861,890-894,913-917,950-954,984-988,1016-1020,1050-1054,1084-1088,1116-1120,1146-1150,1173-1177,1203-1207,1233-1237,1263-1267,1295-1299,1327-1331,1359-1363,1395-1399,1436-1440,1473-1477,1505-1509,1539-1543,1569-1573,1599-1603,1629-1633,1659-1663
qt-restricted-extras/qscintilla/gen_qscilexerspice.cpp
  s_64fea63fed100b::t_8073532c4859a6 1-2,23,78,82,86,91,95,99,106,110,114,121,125,129,136,140,144,163,167,172,179,183,187,194,198,203,210,214,219,226,230,234,241,245,249,256,260,265,272,276,281,288,292,297,304,308,312,319,323,328,335,339,343,350,354,359,366,370,375,382,386,391,398,402,407,414,418,423,430,434,439,446,450,456,463,467,472,479,483,487,494,498,502,509,513,519,526,530,539,546,550,557,564,568,577,584,588,597,604,608,623,630,634,649,656,660,665,672,676,682,689,693,699,706,710,716,723,727,733,740,744,752,759,763,771,906,912,917,923,932,938,947,953,962,968,993,999,1008,1014,1023,1029,1038,1044,1053,1059,1068,1074,1083,1089,1098,1104,1113,1119,1128,1134,1143,1149,1158,1164,1173,1179,1184,1190,1199,1205,1214,1220,1229,1235,1244,1250,1259,1265,1274,1280,1289,1295,1304,1310,1319,1325,1334,1340,1349,1355,1364,1370,1379,1385,1394,1400,1410,1416,1426,1432,1441,1447,1456,1462,1471,1477,1486,1492,1501,1507,1516,1522
qt-restricted-extras/qscintilla/gen_qscilexerspice.go
  s_64fea63fed100b::t_fae6a54382b3fa 32-36,253-257,284-288,314-318,344-348,383-387,421-425,454-458,484-488,518-522,551-555,580-584,611-615,643-647,677-681,709-713,739-743,772-776,795-799,832-836,866-870,898-902,932-936,966-970,998-1002,1028-1032,1055-1059,1085-1089,1115-1119,1145-1149,1177-1181,1209-1213,1241-1245,1277-1281,1318-1322,1355-1359,1387-1391,1421-1425,1451-1455,1481-1485,1511-1515,1541-1545
qt-restricted-extras/qscintilla/gen_qscilexersql.cpp
  s_64fea63fed100b::t_6a294623b9c2f4 1-2,23,81,85,91,98,102,108,115,119,125,132,136,140,145,149,153,160,164,168,175,179,183,190,194,198,217,221,226,233,237,241,248,252,257,264,268,273,280,284,288,295,299,303,310,314,319,326,330,335,342,346,351,358,362,366,373,377,382,389,393,397,404,408,413,420,424,429,436,440,445,452,456,461,468,472,477,484,488,493,500,504,510,517,521,526,533,537,541,548,552,556,563,567,573,580,584,593,600,604,611,618,622,631,638,642,651,658,662,677,684,688,703,710,714,719,726,730,736,743,747,753,760,764,770,777,781,787,794,798,806,813,817,825,1038,1044,1053,1059,1068,1074,1083,1089,1094,1100,1109,1115,1124,1130,1139,1145,1170,1176,1185,1191,1200,1206,1215,1221,1230,1236,1245,1251,1260,1266,1275,1281,1290,1296,1305,1311,1320,1326,1335,1341,1350,1356,1361,1367,1376,1382,1391,1397,1406,1412,1421,1427,1436,1442,1451,1457,1466,1472,1481,1487,1496,1502,1511,1517,1526,1532,1541,1547,1556,1562,1571,1577,1587,1593,1603,1609,1618,1624,1633,1639,1648,1654,1663,1669,1678,1684,1693,1699
qt-restricted-extras/qscintilla/gen_qscilexersql.go
  s_64fea63fed100b::t_291ff28766d391 45-49,386-390,416-420,446-450,470-474,501-505,531-535,561-565,600-604,638-642,671-675,701-705,735-739,768-772,797-801,828-832,860-864,894-898,926-930,956-960,989-993,1012-1016,1049-1053,1083-1087,1115-1119,1149-1153,1183-1187,1215-1219,1245-1249,1272-1276,1302-1306,1332-1336,1362-1366,1394-1398,1426-1430,1458-1462,1494-1498,1535-1539,1572-1576,1604-1608,1638-1642,1668-1672,1698-1702,1728-1732,1758-1762
qt-restricted-extras/qscintilla/gen_qscilexertcl.cpp
  s_64fea63fed100b::t_8fd2ddb70aead1 1-2,23,78,82,86,91,95,99,106,110,114,121,125,129,136,140,144,163,167,172,179,183,187,194,198,203,210,214,219,226,230,234,241,245,249,256,260,265,272,276,281,288,292,297,304,308,312,319,323,328,335,339,343,350,354,359,366,370,375,382,386,391,398,402,407,414,418,423,430,434,439,446,450,456,463,467,472,479,483,487,494,498,502,509,513,519,526,530,539,546,550,557,564,568,577,584,588,597,604,608,623,630,634,649,656,660,665,672,676,682,689,693,699,706,710,716,723,727,733,740,744,752,759,763,771,928,934,939,945,954,960,969,975,984,990,1015,1021,1030,1036,1045,1051,1060,1066,1075,1081,1090,1096,1105,1111,1120,1126,1135,1141,1150,1156,1165,1171,1180,1186,1195,1201,1206,1212,1221,1227,1236,1242,1251,1257,1266,1272,1281,1287,1296,1302,1311,1317,1326,1332,1341,1347,1356,1362,1371,1377,1386,1392,1401,1407,1416,1422,1432,1438,1448,1454,1463,1469,1478,1484,1493,1499,1508,1514,1523,1529,1538,1544
qt-restricted-extras/qscintilla/gen_qscilexertcl.go
  s_64fea63fed100b::t_06ddec8ce61850 45-49,324-328,355-359,385-389,415-419,454-458,492-496,525-529,555-559,589-593,622-626,651-655,682-686,714-718,748-752,780-784,810-814,843-847,866-870,903-907,937-941,969-973,1003-1007,1037-1041,1069-1073,1099-1103,1126-1130,1156-1160,1186-1190,1216-1220,1248-1252,1280-1284,1312-1316,1348-1352,1389-1393,1426-1430,1458-1462,1492-1496,1522-1526,1552-1556,1582-1586,1612-1616
qt-restricted-extras/qscintilla/gen_qscilexertex.cpp
  s_64fea63fed100b::t_a227df00854df0 1-2,23,78,82,86,91,95,99,106,110,114,121,125,129,136,140,144,163,167,172,179,183,187,194,198,203,210,214,219,226,230,234,241,245,249,256,260,265,272,276,281,288,292,297,304,308,312,319,323,328,335,339,343,350,354,359,366,370,375,382,386,391,398,402,407,414,418,423,430,434,439,446,450,456,463,467,472,479,483,487,494,498,502,509,513,519,526,530,539,546,550,557,564,568,577,584,588,597,604,608,623,630,634,649,656,660,665,672,676,682,689,693,699,706,710,716,723,727,733,740,744,752,759,763,771,940,946,951,957,966,972,981,987,996,1002,1027,1033,1042,1048,1057,1063,1072,1078,1087,1093,1102,1108,1117,1123,1132,1138,1147,1153,1162,1168,1177,1183,1192,1198,1207,1213,1218,1224,1233,1239,1248,1254,1263,1269,1278,1284,1293,1299,1308,1314,1323,1329,1338,1344,1353,1359,1368,1374,1383,1389,1398,1404,1413,1419,1428,1434,1444,1450,1460,1466,1475,1481,1490,1496,1505,1511,1520,1526,1535,1541,1550,1556
qt-restricted-extras/qscintilla/gen_qscilexertex.go
  s_64fea63fed100b::t_57e8de96ba4c5f 29-33,317-321,348-352,378-382,408-412,447-451,485-489,518-522,548-552,582-586,615-619,644-648,675-679,707-711,741-745,773-777,803-807,836-840,859-863,896-900,930-934,962-966,996-1000,1030-1034,1062-1066,1092-1096,1119-1123,1149-1153,1179-1183,1209-1213,1241-1245,1273-1277,1305-1309,1341-1345,1382-1386,1419-1423,1451-1455,1485-1489,1515-1519,1545-1549,1575-1579,1605-1609
qt-restricted-extras/qscintilla/gen_qscilexerverilog.cpp
  s_64fea63fed100b::t_769412cc03393d 1-2,23,78,82,86,91,95,99,106,110,114,121,125,129,136,140,144,163,167,172,179,183,187,194,198,203,210,214,219,226,230,234,241,245,249,256,260,265,272,276,281,288,292,297,304,308,312,319,323,328,335,339,343,350,354,359,366,370,375,382,386,391,398,402,407,414,418,423,430,434,439,446,450,456,463,467,472,479,483,487,494,498,502,509,513,519,526,530,539,546,550,557,564,568,577,584,588,597,604,608,623,630,634,649,656,660,665,672,676,682,689,693,699,706,710,716,723,727,733,740,744,752,759,763,771,964,970,975,981,990,996,1005,1011,1020,1026,1051,1057,1066,1072,1081,1087,1096,1102,1111,1117,1126,1132,1141,1147,1156,1162,1171,1177,1186,1192,1201,1207,1216,1222,1231,1237,1242,1248,1257,1263,1272,1278,1287,1293,1302,1308,1317,1323,1332,1338,1347,1353,1362,1368,1377,1383,1392,1398,1407,1413,1422,1428,1437,1443,1452,1458,1468,1474,1484,1490,1499,1505,1514,1520,1529,1535,1544,1550,1559,1565,1574,1580
qt-restricted-extras/qscintilla/gen_qscilexerverilog.go
  s_64fea63fed100b::t_2c66e49b84b8ad 61-65,377-381,408-412,438-442,468-472,507-511,545-549,578-582,608-612,642-646,675-679,704-708,735-739,767-771,801-805,833-837,863-867,896-900,919-923,956-960,990-994,1022-1026,1056-1060,1090-1094,1122-1126,1152-1156,1179-1183,1209-1213,1239-1243,1269-1273,1301-1305,1333-1337,1365-1369,1401-1405,1442-1446,1479-1483,1511-1515,1545-1549,1575-1579,1605-1609,1635-1639,1665-1669
qt-restricted-extras/qscintilla/gen_qscilexervhdl.cpp
  s_64fea63fed100b::t_a9ca174b03794e 1-2,23,83,87,93,100,104,110,117,121,127,134,138,144,151,155,161,168,172,176,181,185,189,196,200,204,211,215,219,226,230,234,253,257,262,269,273,277,284,288,293,300,304,309,316,320,324,331,335,339,346,350,355,362,366,371,378,382,387,394,398,402,409,413,418,425,429,433,440,444,449,456,460,465,472,476,481,488,492,497,504,508,513,520,524,529,536,540,546,553,557,562,569,573,577,584,588,592,599,603,609,616,620,629,636,640,647,654,658,667,674,678,687,694,698,713,720,724,739,746,750,755,762,766,772,779,783,789,796,800,806,813,817,823,830,834,842,849,853,861,1050,1056,1065,1071,1080,1086,1095,1101,1110,1116,1125,1131,1136,1142,1151,1157,1166,1172,1181,1187,1212,1218,1227,1233,1242,1248,1257,1263,1272,1278,1287,1293,1302,1308,1317,1323,1332,1338,1347,1353,1362,1368,1377,1383,1392,1398,1403,1409,1418,1424,1433,1439,1448,1454,1463,1469,1478,1484,1493,1499,1508,1514,1523,1529,1538,1544,1553,1559,1568,1574,1583,1589,1598,1604,1613,1619,1629,1635,1645,1651,1660,1666,1675,1681,1690,1696,1705,1711,1720,1726,1735,1741
qt-restricted-extras/qscintilla/gen_qscilexervhdl.go
  s_64fea63fed100b::t_5e14cb6dd067cc 39-43,356-360,386-390,416-420,446-450,476-480,500-504,531-535,561-565,591-595,630-634,668-672,701-705,731-735,765-769,798-802,827-831,858-862,890-894,924-928,956-960,986-990,1019-1023,1042-1046,1079-1083,1113-1117,1145-1149,1179-1183,1213-1217,1245-1249,1275-1279,1302-1306,1332-1336,1362-1366,1392-1396,1424-1428,1456-1460,1488-1492,1524-1528,1565-1569,1602-1606,1634-1638,1668-1672,1698-1702,1728-1732,1758-1762,1788-1792
qt-restricted-extras/qscintilla/gen_qscilexerxml.cpp
  s_64fea63fed100b::t_1722c06e34920e 1-2,23,81,85,91,98,102,108,115,119,125,132,136,140,145,149,153,160,164,168,175,179,183,190,194,198,217,221,226,233,237,241,248,252,257,264,268,273,280,284,288,295,299,303,310,314,319,326,330,335,342,346,351,358,362,366,373,377,382,389,393,397,404,408,413,420,424,429,436,440,445,452,456,461,468,472,477,484,488,493,500,504,510,517,521,526,533,537,541,548,552,556,563,567,573,580,584,593,600,604,611,618,622,631,638,642,651,658,662,677,684,688,703,710,714,719,726,730,736,743,747,753,760,764,770,777,781,787,794,798,806,813,817,825,967,973,982,988,997,1003,1012,1018,1023,1029,1038,1044,1053,1059,1068,1074,1099,1105,1114,1120,1129,1135,1144,1150,1159,1165,1174,1180,1189,1195,1204,1210,1219,1225,1234,1240,1249,1255,1264,1270,1279,1285,1290,1296,1305,1311,1320,1326,1335,1341,1350,1356,1365,1371,1380,1386,1395,1401,1410,1416,1425,1431,1440,1446,1455,1461,1470,1476,1485,1491,1500,1506,1516,1522,1532,1538,1547,1553,1562,1568,1577,1583,1592,1598,1607,1613,1622,1628
qt-restricted-extras/qscintilla/gen_qscilexerxml.go
  s_64fea63fed100b::t_faeb722b9f86cf 18-22,292-296,322-326,352-356,376-380,407-411,437-441,467-471,506-510,544-548,577-581,607-611,641-645,674-678,703-707,734-738,766-770,800-804,832-836,862-866,895-899,918-922,955-959,989-993,1021-1025,1055-1059,1089-1093,1121-1125,1151-1155,1178-1182,1208-1212,1238-1242,1268-1272,1300-1304,1332-1336,1364-1368,1400-1404,1441-1445,1478-1482,1510-1514,1544-1548,1574-1578,1604-1608,1634-1638,1664-1668
qt-restricted-extras/qscintilla/gen_qscilexeryaml.cpp
  s_64fea63fed100b::t_c7a65c74d2281e 1-2,23,79,83,89,96,100,104,109,113,117,124,128,132,139,143,147,154,158,162,181,185,190,197,201,205,212,216,221,228,232,237,244,248,252,259,263,267,274,278,283,290,294,299,306,310,315,322,326,330,337,341,346,353,357,361,368,372,377,384,388,393,400,404,409,416,420,425,432,436,441,448,452,457,464,468,474,481,485,490,497,501,505,512,516,520,527,531,537,544,548,557,564,568,575,582,586,595,602,606,615,622,626,641,648,652,667,674,678,683,690,694,700,707,711,717,724,728,734,741,745,751,758,762,770,777,781,789,942,948,957,963,968,974,983,989,998,1004,1013,1019,1044,1050,1059,1065,1074,1080,1089,1095,1104,1110,1119,1125,1134,1140,1149,1155,1164,1170,1179,1185,1194,1200,1209,1215,1224,1230,1235,1241,1250,1256,1265,1271,1280,1286,1295,1301,1310,1316,1325,1331,1340,1346,1355,1361,1370,1376,1385,1391,1400,1406,1415,1421,1430,1436,1445,1451,1461,1467,1477,1483,1492,1498,1507,1513,1522,1528,1537,1543,1552,1558,1567,1573
qt-restricted-extras/qscintilla/gen_qscilexeryaml.go
  s_64fea63fed100b::t_5bccee2a9b28d7 33-37,314-318,338-342,369-373,399-403,429-433,468-472,506-510,539-543,569-573,603-607,636-640,665-669,696-700,728-732,762-766,794-798,824-828,857-861,880-884,917-921,951-955,983-987,1017-1021,1051-1055,1083-1087,1113-1117,1140-1144,1170-1174,1200-1204,1230-1234,1262-1266,1294-1298,1326-1330,1362-1366,1403-1407,1440-1444,1472-1476,1506-1510,1536-1540,1566-1570,1596-1600,1626-1630
qt-restricted-extras/qscintilla/gen_qscimacro.cpp
  s_64fea63fed100b::t_e98c0233a3982a 1-2,19,43,47,52,59,63,68,75,79,84,91,95,100,107,111,117,124,128,134,141,145,151,158,162,168,175,179,187,194,198,206,339,345,354,360,369,375,384,390,399,405,414,420,429,435,444,450,459,465,474,480
qt-restricted-extras/qscintilla/gen_qscimacro.go
  s_64fea63fed100b::t_2b1342d3106561 18-22,242-246,269-273,296-300,323-327,355-359,389-393,419-423,449-453,479-483,509-513
qt-restricted-extras/qscintilla/gen_qsciprinter.cpp
  s_64fea63fed100b::t_ff96c01a2d4a73 1-2,21,50,54,67,74,78,84,91,95,105,112,116,123,130,134,141,148,152,156,163,167,174,181,185,193,200,204,208,215,219,223,230,234,242,249,253,259,266,270,276,283,287,292,299,303,307,360,366,375,381,390,396,405,411,420,426,435,441,450,456,465,471,480,486,495,501,510,516,525,531,540,546,555,561,570,576
qt-restricted-extras/qscintilla/gen_qsciprinter.go
  s_64fea63fed100b::t_90b8f47dcef823 19-23,134-138,170-174,200-204,238-242,274-278,304-308,333-337,363-367,393-397,422-426,451-455,481-485,513-517,543-547,575-579
qt-restricted-extras/qscintilla/gen_qsciscintilla.cpp
  s_64fea63fed100b::t_f43a2cd830fbe9 1-2,57,220,224,231,250,254,276,283,287,306,313,317,321,328,332,339,346,350,363,370,374,387,394,398,403,410,414,419,426,430,435,442,446,451,458,462,467,474,478,483,490,494,499,506,510,515,522,526,532,539,543,549,556,560,566,573,577,583,590,594,607,614,618,633,640,644,649,656,660,665,672,676,681,688,692,697,704,708,721,728,732,737,744,748,753,760,764,770,777,781,786,793,797,803,810,814,820,827,831,837,844,848,855,862,866,872,879,883,890,897,901,907,914,918,925,932,936,942,949,953,961,968,972,980,987,991,997,1004,1008,1014,1021,1025,1031,1038,1042,1050,1057,1061,1068,1075,1079,1086,1093,1097,1103,1110,1114,1122,1129,1133,1140,1147,1151,1157,1164,1168,1176,1183,1187,1195,1202,1206,1212,1219,1223,1229,1236,1240,1246,1253,1257,1265,1272,1276,1284,1291,1295,1303,1310,1314,1321,1328,1332,1339,1346,1350,1357,1364,1368,1375,1382,1386,1400,1407,1411,1417,1424,1428,1436,1443,1447,1453,1460,1464,1473,1480,1484,1492,1499,1503,1511,1518,1522,1528,1535,1539,1545,1552,1556,1569,1576,1580,1586,1593,1597,1604,1611,1615,1622,1629,1633,1638,1645,1649,1655,1662,1666,1672,1679,1683,1688,1695,1699,1705,1712,1716,1721,1728,1732,1738,1745,1749,1754,1761,1765,1771,1778,1782,1788,1795,1799,1805,1812,1816,1821,1828,1832,1838,1847,1851,1862,1869,1873,1879,1886,1890,1896,1903,1907,1913,1920,1924,1930,1937,1941,1947,1954,1958,1964,1971,1975,1980,1987,1991,1997,2004,2008,2014,2021,2025,2031,2038,2042,2048,2055,2059,2065,2072,2076,2082,2089,2093,2099,2106,2110,2116,2123,2127,2133,2140,2144,2151,2158,2162,2166,2173,2177,2181,2188,2192,2198,2205,2209,2215,2222,2226,2231,2238,2242,2246,2253,2257,2261,2268,2272,2278,2285,2289,2294,2301,2305,2309,2316,2320,2324,2331,2335,2341,2348,2352,2358,2365,2369,2375,2382,2386,2392,2399,2403,2409,2416,2420,2426,2433,2437,2443,2450,2454,2460,2467,2471,2477,2484,2488,2500,2507,2511,2517,2524,2528,2534,2541,2545,2550,2557,2561,2565,2572,2576,2582,2589,2593,2599,2606,2610,2616,2623,2627,2635,2642,2646,2654,3888-3891,3895,3902-3905,3908,3915-3918,3924,3931-3934,3940,3947-3950,3952,3959-3962,3968,3975-3978,3984,3991-3994,3996,4003-4006,4009,4016-4019,4021,4028-4031,4033,4041-4044,4055,4175,4181,4206,4212,4222,4228,4238,4244,4253,4259,4268,4274,4284,4290,4300,4306,4315,4321,4330,4336,4345,4351,4360,4366,4375,4381,4390,4396,4405,4411,4420,4426,4435,4441,4450,4456,4465,4471,4480,4486,4496,4502,4512,4518,4527,4533,4542,4548,4557,4563,4572,4578,4588,4594,4603,4609,4618,4624,4633,4639,4648,4654,4663,4669,4678,4684,4693,4699,4708,4714,4723,4729,4738,4744,4753,4759,4768,4774,4783,4789,4798,4804,4813,4819,4828,4834,4843,4849,4858,4864,4873,4879,4888,4894,4903,4909,4918,4924,4933,4939,4948,4954,4963,4969,4978,4984,4993,4999,5008,5014,5023,5029,5038,5044,5053,5059,5068,5074,5083,5089,5098,5104,5113,5119,5128,5134,5143,5149,5159,5165,5174,5180,5189,5195,5204,5210,5219,5225,5234,5240,5249,5255,5264,5270,5279,5285,5295,5301,5310,5316,5325,5331,5340,5346,5355,5361,5370,5376,5385,5391,5400,5406,5415,5421,5430,5436,5445,5451,5460,5466,5475,5481,5490,5496,5505,5511,5520,5526,5540,5546,5556,5562,5571,5577,5586,5592,5601,5607,5616,5622,5631,5637,5646,5652,5661,5667,5676,5682,5691,5697,5706,5712,5721,5727,5736,5742,5751,5757,5766,5772,5781,5787,5796,5802,5811,5817,5826,5832,5841,5847,5856,5862,5871,5877,5886,5892,5901,5907,5916,5922,5931,5937,5946,5952,5961,5967,5976,5982,5991,5997,6006,6012,6021,6027,6036,6042,6051,6057,6066,6072,6081,6087,6096,6102,6111,6117,6127,6133,6142,6148,6157,6163,6172,6178,6187,6193,6202,6208,6217,6223,6232,6238,6247,6253
qt-restricted-extras/qscintilla/gen_qsciscintilla.go
  s_64fea63fed100b::t_20bdef6b106222 222-226,1472-1475,1496-1499,1518-1521,1544-1547,1570-1573,1589-1592,1615-1618,1641-1644,1660-1663,1682-1685,1701-1704,1724-1727,2117-2121,2165-2169,2223-2227,2271-2275,2300-2304,2336-2340,2373-2377,2406-2410,2433-2437,2460-2464,2487-2491,2514-2518,2541-2545,2568-2572,2595-2599,2622-2626,2652-2656,2682-2686,2712-2716,2746-2750,2783-2787,2819-2823,2846-2850,2873-2877,2900-2904,2931-2935,2964-2968,2991-2995,3018-3022,3048-3052,3075-3079,3105-3109,3135-3139,3165-3169,3195-3199,3225-3229,3255-3259,3285-3289,3315-3319,3345-3349,3375-3379,3405-3409,3435-3439,3465-3469,3495-3499,3525-3529,3557-3561,3587-3591,3617-3621,3649-3653,3681-3685,3711-3715,3741-3745,3771-3775,3801-3805,3831-3835,3861-3865,3891-3895,3921-3925,3951-3955,3983-3987,4015-4019,4047-4051,4083-4087,4118-4122,4148-4152,4178-4182,4208-4212,4244-4248,4274-4278,4304-4308,4334-4338,4368-4372,4401-4405,4431-4435,4461-4465,4491-4495,4518-4522,4548-4552,4578-4582,4605-4609,4635-4639,4662-4666,4692-4696,4724-4728,4754-4758,4784-4788,4814-4818,4848-4852,4896-4900,4932-4936,4962-4966,4992-4996,5022-5026,5052-5056,5082-5086,5112-5116,5144-5148,5174-5178,5206-5210,5238-5242,5268-5272,5298-5302,5328-5332,5358-5362,5388-5392,5418-5422,5452-5456,5483-5487,5512-5516,5542-5546,5576-5580,5610-5614,5639-5643,5668-5672,5698-5702,5730-5734,5759-5763,5788-5792,5818-5822,5848-5852,5878-5882,5908-5912,5938-5942,5968-5972,5998-6002,6028-6032,6065-6069,6103-6107,6135-6139,6165-6169,6197-6201,6226-6230,6256-6260,6286-6290,6316-6320,6346-6350
qt-restricted-extras/qscintilla/gen_qsciscintilla.h
  s_64fea63fed100b::t_6f22f2a4448828 386,388,390,392,394,396,398,400,402,404,406,408
qt-restricted-extras/qscintilla/gen_qsciscintillabase.cpp
  s_64fea63fed100b::t_00933b635a8c88 1-2,56,160,164,169,176,180,186,195,199,210,217,221,227,234,238,244,251,255,261,268,272,278,285,289,295,302,306,312,319,323,329,336,340,346,353,357,362,369,373,379,386,390,396,403,407,413,420,424,430,437,441,447,454,458,464,471,475,481,488,492,498,505,509,515,522,526,533,540,544,548,555,559,563,570,574,580,587,591,597,604,608,613,620,624,629,636,640,646,653,657,661,668,672,676,683,687,693,700,704,709,716,720,724,731,735,739,746,750,756,763,767,773,780,784,790,797,801,807,814,818,824,831,835,841,848,852,858,865,869,875,882,886,892,899,903,915,922,926,932,939,943,949,956,960,965,972,976,980,987,991,997,1004,1008,1014,1021,1025,1031,1038,1042,1050,1057,1061,1069,1213-1216,1219,1226-1229,1231,1238-1241,1243,1250-1253,1259,1266-1269,1275,1282-1285,1289,1296-1299,1304,1311-1314,1316,1323-1326,1329,1336-1339,1342,1349-1352,1357,1364-1367,1372,1379-1382,1387,1394-1397,1399,1406-1409,1411,1418-1421,1425,1432-1435,1439,1446-1449,1453,1460-1463,1467,1474-1477,1481,1488-1491,1496,1503-1506,1511,1518-1521,1526,1533-1536,1548,1555-1558,1560,1567-1570,1574,1581-1584,1586,1593-1596,1598,1605-1608,1610,1617-1620,1623,1630-1633,1638,1645-1648,1651,1658-1661,1668,1675-1678,1684,1691-1694,1698,1705-1708,1710,1766,1772,1781,1787,1801,1807,1817,1823,1832,1838,1847,1853,1862,1868,1877,1883,1892,1898,1907,1913,1922,1928,1937,1943,1952,1958,1967,1973,1982,1988,1997,2003,2012,2018,2027,2033,2042,2048,2057,2063,2072,2078,2087,2093,2102,2108,2117,2123,2132,2138,2147,2153,2162,2168,2177,2183,2192,2198,2207,2213,2222,2228,2237,2243,2252,2258,2267,2273,2282,2288,2297,2303,2312,2318,2327,2333,2342,2348,2357,2363,2372,2378,2387,2393,2402,2408,2417,2423,2432,2438,2448,2454,2463,2469,2478,2484,2493,2499,2508,2514,2523,2529,2538,2544,2553,2559,2568,2574
qt-restricted-extras/qscintilla/gen_qsciscintillabase.go
  s_64fea63fed100b::t_8cfdd35390799f 1189-1193,1355-1358,1377-1380,1396-1399,1417-1420,1448-1451,1479-1482,1506-1509,1533-1536,1552-1555,1574-1577,1596-1599,1622-1625,1648-1651,1674-1677,1693-1696,1712-1715,1736-1739,1760-1763,1784-1787,1808-1811,1832-1835,1858-1861,1884-1887,1912-1915,1953-1956,1972-1975,1996-1999,2015-2018,2034-2037,2053-2056,2075-2078,2097-2100,2121-2124,2154-2157,2185-2188,2210-2213,2522-2526,2556-2560,2604-2608,2640-2644,2670-2674,2700-2704,2730-2734,2760-2764,2790-2794,2820-2824,2850-2854,2880-2884,2912-2916,2942-2946,2974-2978,3006-3010,3036-3040,3066-3070,3096-3100,3126-3130,3156-3160,3186-3190,3220-3224,3251-3255,3280-3284,3310-3314,3344-3348,3376-3380,3408-3412,3440-3444,3469-3473,3498-3502,3528-3532,3560-3564,3589-3593,3618-3622,3648-3652,3678-3682,3708-3712,3738-3742,3768-3772,3798-3802,3828-3832,3858-3862,3895-3899,3933-3937,3965-3969,3995-3999,4027-4031,4056-4060,4086-4090,4116-4120,4146-4150,4176-4180
qt-restricted-extras/qscintilla/gen_qsciscintillabase.h
  s_64fea63fed100b::t_acbb9ad39f0ec1 133,135,137,139,141,143,145,147,149,151,153,155,157,159,161,163,165,167,169,171,173,175,177,179,181,183,185,187,189,191,193,195,197,199,201,203
qt-restricted-extras/qscintilla6/gen_qsciabstractapis.cpp
  s_64fea63fed100b::t_b8c6e085581a86 1-2,20,43,47,85,90,94,107,114,118,152,169,173,178,185,189,195,202,206,212,219,223,229,236,240,246,253,257,265,272,276,284,407,413,418,424,434,440,445,451,460,466,475,481,490,496,505,511,520,526,535,541
qt-restricted-extras/qscintilla6/gen_qsciabstractapis.go
  s_64fea63fed100b::t_87bf880f679d0a 18-22,229-233,283-287,310-314,371-375,403-407,437-441,467-471,497-501,527-531,557-561
qt-restricted-extras/qscintilla6/gen_qsciapis.cpp
  s_64fea63fed100b::t_35f978deb5a606 1-2,20,46,50,89,96,100,113,120,124,158,177,181,186,193,197,203,210,214,220,227,231,237,244,248,254,261,265,273,280,284,292,466-469,471,478-481,483,490-493,495,536,542,565,571,581,587,625,631,640,646,655,661,670,676,685,691,700,706,715,721
qt-restricted-extras/qscintilla6/gen_qsciapis.go
  s_64fea63fed100b::t_acdf2e3e9df6bd 18-22,220-223,239-242,258-261,404-408,458-462,516-520,577-581,609-613,643-647,673-677,703-707,733-737,763-767
qt-restricted-extras/qscintilla6/gen_qsciapis.h
  s_64fea63fed100b::t_809f6e8d4cea85 60,62,64
qt-restricted-extras/qscintilla6/gen_qscilexer.cpp
  s_64fea63fed100b::t_6e4fe2f94ab0be 1-2,23,83,87,91,96,100,104,111,115,119,126,130,134,141,145,149,168,172,177,184,188,192,199,203,208,215,219,224,231,235,239,246,250,254,261,265,270,277,281,286,293,297,302,309,313,317,324,328,333,340,344,348,355,359,364,371,375,380,387,391,396,403,407,412,419,423,428,435,439,444,451,455,461,468,472,477,484,488,492,499,503,507,514,518,524,531,535,544,551,555,562,569,573,582,589,593,602,609,613,628,635,639,654,661,665,670,677,681,687,694,698,704,711,715,721,728,732,738,745,749,757,764,768,776,1023-1026,1032,1039-1042,1046,1053-1056,1062,1069-1072,1078,1085-1088,1092,1126,1132,1137,1143,1152,1158,1167,1173,1182,1188,1213,1219,1228,1234,1243,1249,1258,1264,1273,1279,1288,1294,1303,1309,1318,1324,1333,1339,1348,1354,1363,1369,1378,1384,1393,1399,1404,1410,1419,1425,1434,1440,1449,1455,1464,1470,1479,1485,1494,1500,1509,1515,1524,1530,1539,1545,1554,1560,1569,1575,1584,1590,1599,1605,1614,1620,1630,1636,1646,1652,1661,1667,1676,1682,1691,1697,1706,1712,1721,1727,1736,1742
qt-restricted-extras/qscintilla6/gen_qscilexer.go
  s_64fea63fed100b::t_5d8ef008e6c839 18-22,307-310,331-334,355-358,379-382,407-410,522-526,553-557,583-587,613-617,652-656,690-694,723-727,753-757,787-791,820-824,849-853,880-884,912-916,946-950,978-982,1008-1012,1041-1045,1064-1068,1101-1105,1135-1139,1167-1171,1201-1205,1235-1239,1267-1271,1297-1301,1324-1328,1354-1358,1384-1388,1414-1418,1446-1450,1478-1482,1510-1514,1546-1550,1587-1591,1624-1628,1656-1660,1690-1694,1720-1724,1750-1754,1780-1784,1810-1814
qt-restricted-extras/qscintilla6/gen_qscilexer.h
  s_64fea63fed100b::t_0d1a5eb9515cd6 96,98,100,102,104
qt-restricted-extras/qscintilla6/gen_qscilexeravs.cpp
  s_64fea63fed100b::t_d30644440dc594 1-2,23,80,84,90,97,101,107,114,118,122,127,131,135,142,146,150,157,161,165,172,176,180,199,203,208,215,219,223,230,234,239,246,250,255,262,266,270,277,281,285,292,296,301,308,312,317,324,328,333,340,344,348,355,359,364,371,375,379,386,390,395,402,406,411,418,422,427,434,438,443,450,454,459,466,470,475,482,486,492,499,503,508,515,519,523,530,534,538,545,549,555,562,566,575,582,586,593,600,604,613,620,624,633,640,644,659,666,670,685,692,696,701,708,712,718,725,729,735,742,746,752,759,763,769,776,780,788,795,799,807,935,941,950,956,965,971,976,982,991,997,1006,1012,1021,1027,1052,1058,1067,1073,1082,1088,1097,1103,1112,1118,1127,1133,1142,1148,1157,1163,1172,1178,1187,1193,1202,1208,1217,1223,1232,1238,1243,1249,1258,1264,1273,1279,1288,1294,1303,1309,1318,1324,1333,1339,1348,1354,1363,1369,1378,1384,1393,1399,1408,1414,1423,1429,1438,1444,1453,1459,1469,1475,1485,1491,1500,1506,1515,1521,1530,1536,1545,1551,1560,1566,1575,1581
qt-restricted-extras/qscintilla6/gen_qscilexeravs.go
  s_64fea63fed100b::t_048e2e4e6f341f 38-42,295-299,325-329,349-353,380-384,410-414,440-444,479-483,517-521,550-554,580-584,614-618,647-651,676-680,707-711,739-743,773-777,805-809,835-839,868-872,891-895,928-932,962-966,994-998,1028-1032,1062-1066,1094-1098,1124-1128,1151-1155,1181-1185,1211-1215,1241-1245,1273-1277,1305-1309,1337-1341,1373-1377,1414-1418,1451-1455,1483-1487,1517-1521,1547-1551,1577-1581,1607-1611,1637-1641
qt-restricted-extras/qscintilla6/gen_qscilexerbash.cpp
  s_64fea63fed100b::t_395fb27cfacc2c 1-2,23,80,84,90,97,101,107,114,118,122,127,131,135,142,146,150,157,161,165,172,176,180,199,203,208,215,219,223,230,234,239,246,250,255,262,266,270,277,281,285,292,296,301,308,312,317,324,328,333,340,344,348,355,359,364,371,375,379,386,390,395,402,406,411,418,422,427,434,438,443,450,454,459,466,470,475,482,486,492,499,503,508,515,519,523,530,534,538,545,549,555,562,566,575,582,586,593,600,604,613,620,624,633,640,644,659,666,670,685,692,696,701,708,712,718,725,729,735,742,746,752,759,763,769,776,780,788,795,799,807,943,949,958,964,973,979,984,990,999,1005,1014,1020,1029,1035,1060,1066,1075,1081,1090,1096,1105,1111,1120,1126,1135,1141,1150,1156,1165,1171,1180,1186,1195,1201,1210,1216,1225,1231,1240,1246,1251,1257,1266,1272,1281,1287,1296,1302,1311,1317,1326,1332,1341,1347,1356,1362,1371,1377,1386,1392,1401,1407,1416,1422,1431,1437,1446,1452,1461,1467,1477,1483,1493,1499,1508,1514,1523,1529,1538,1544,1553,1559,1568,1574,1583,1589
qt-restricted-extras/qscintilla6/gen_qscilexerbash.go
  s_64fea63fed100b::t_8a49d4bd0b7de5 37-41,304-308,334-338,358-362,389-393,419-423,449-453,488-492,526-530,559-563,589-593,623-627,656-660,685-689,716-720,748-752,782-786,814-818,844-848,877-881,900-904,937-941,971-975,1003-1007,1037-1041,1071-1075,1103-1107,1133-1137,1160-1164,1190-1194,1220-1224,1250-1254,1282-1286,1314-1318,1346-1350,1382-1386,1423-1427,1460-1464,1492-1496,1526-1530,1556-1560,1586-1590,1616-1620,1646-1650
qt-restricted-extras/qscintilla6/gen_qscilexerbatch.cpp
  s_64fea63fed100b::t_0b6ee6f7956efc 1-2,23,78,82,86,91,95,99,106,110,114,121,125,129,136,140,144,163,167,172,179,183,187,194,198,203,210,214,219,226,230,234,241,245,249,256,260,265,272,276,281,288,292,297,304,308,312,319,323,328,335,339,343,350,354,359,366,370,375,382,386,391,398,402,407,414,418,423,430,434,439,446,450,456,463,467,472,479,483,487,494,498,502,509,513,519,526,530,539,546,550,557,564,568,577,584,588,597,604,608,623,630,634,649,656,660,665,672,676,682,689,693,699,706,710,716,723,727,733,740,744,752,759,763,771,885,891,896,902,911,917,926,932,941,947,972,978,987,993,1002,1008,1017,1023,1032,1038,1047,1053,1062,1068,1077,1083,1092,1098,1107,1113,1122,1128,1137,1143,1152,1158,1163,1169,1178,1184,1193,1199,1208,1214,1223,1229,1238,1244,1253,1259,1268,1274,1283,1289,1298,1304,1313,1319,1328,1334,1343,1349,1358,1364,1373,1379,1389,1395,1405,1411,1420,1426,1435,1441,1450,1456,1465,1471,1480,1486,1495,1501
qt-restricted-extras/qscintilla6/gen_qscilexerbatch.go
  s_64fea63fed100b::t_24fc018748d3de 31-35,236-240,267-271,297-301,327-331,366-370,404-408,437-441,467-471,501-505,534-538,563-567,594-598,626-630,660-664,692-696,722-726,755-759,778-782,815-819,849-853,881-885,915-919,949-953,981-985,1011-1015,1038-1042,1068-1072,1098-1102,1128-1132,1160-1164,1192-1196,1224-1228,1260-1264,1301-1305,1338-1342,1370-1374,1404-1408,1434-1438,1464-1468,1494-1498,1524-1528
qt-restricted-extras/qscintilla6/gen_qscilexercmake.cpp
  s_64fea63fed100b::t_fe589380dce876 1-2,23,79,83,89,96,100,104,109,113,117,124,128,132,139,143,147,154,158,162,181,185,190,197,201,205,212,216,221,228,232,237,244,248,252,259,263,267,274,278,283,290,294,299,306,310,315,322,326,330,337,341,346,353,357,361,368,372,377,384,388,393,400,404,409,416,420,425,432,436,441,448,452,457,464,468,474,481,485,490,497,501,505,512,516,520,527,531,537,544,548,557,564,568,575,582,586,595,602,606,615,622,626,641,648,652,667,674,678,683,690,694,700,707,711,717,724,728,734,741,745,751,758,762,770,777,781,789,905,911,920,926,931,937,946,952,961,967,976,982,1007,1013,1022,1028,1037,1043,1052,1058,1067,1073,1082,1088,1097,1103,1112,1118,1127,1133,1142,1148,1157,1163,1172,1178,1187,1193,1198,1204,1213,1219,1228,1234,1243,1249,1258,1264,1273,1279,1288,1294,1303,1309,1318,1324,1333,1339,1348,1354,1363,1369,1378,1384,1393,1399,1408,1414,1424,1430,1440,1446,1455,1461,1470,1476,1485,1491,1500,1506,1515,1521,1530,1536
qt-restricted-extras/qscintilla6/gen_qscilexercmake.go
  s_64fea63fed100b::t_bec336fd241740 38-42,284-288,308-312,339-343,369-373,399-403,438-442,476-480,509-513,539-543,573-577,606-610,635-639,666-670,698-702,732-736,764-768,794-798,827-831,850-854,887-891,921-925,953-957,987-991,1021-1025,1053-1057,1083-1087,1110-1114,1140-1144,1170-1174,1200-1204,1232-1236,1264-1268,1296-1300,1332-1336,1373-1377,1410-1414,1442-1446,1476-1480,1506-1510,1536-1540,1566-1570,1596-1600
qt-restricted-extras/qscintilla6/gen_qscilexercoffeescript.cpp
  s_64fea63fed100b::t_8fa5f1891222d5 1-2,23,78,82,86,91,95,99,106,110,114,121,125,129,136,140,144,163,167,172,179,183,187,194,198,203,210,214,219,226,230,234,241,245,249,256,260,265,272,276,281,288,292,297,304,308,312,319,323,328,335,339,343,350,354,359,366,370,375,382,386,391,398,402,407,414,418,423,430,434,439,446,450,456,463,467,472,479,483,487,494,498,502,509,513,519,526,530,539,546,550,557,564,568,577,584,588,597,604,608,623,630,634,649,656,660,665,672,676,682,689,693,699,706,710,716,723,727,733,740,744,752,759,763,771,967,973,978,984,993,999,1008,1014,1023,1029,1054,1060,1069,1075,1084,1090,1099,1105,1114,1120,1129,1135,1144,1150,1159,1165,1174,1180,1189,1195,1204,1210,1219,1225,1234,1240,1245,1251,1260,1266,1275,1281,1290,1296,1305,1311,1320,1326,1335,1341,1350,1356,1365,1371,1380,1386,1395,1401,1410,1416,1425,1431,1440,1446,1455,1461,1471,1477,1487,1493,1502,1508,1517,1523,1532,1538,1547,1553,1562,1568,1577,1583
qt-restricted-extras/qscintilla6/gen_qscilexercoffeescript.go
  s_64fea63fed100b::t_8aa0703dd5f2db 47-51,367-371,398-402,428-432,458-462,497-501,535-539,568-572,598-602,632-636,665-669,694-698,725-729,757-761,791-795,823-827,853-857,886-890,909-913,946-950,980-984,1012-1016,1046-1050,1080-1084,1112-1116,1142-1146,1169-1173,1199-1203,1229-1233,1259-1263,1291-1295,1323-1327,1355-1359,1391-1395,1432-1436,1469-1473,1501-1505,1535-1539,1565-1569,1595-1599,1625-1629,1655-1659
qt-restricted-extras/qscintilla6/gen_qscilexercpp.cpp
  s_64fea63fed100b::t_25e61f344047a1 1-2,23,84,88,94,101,105,111,118,122,128,135,139,145,152,156,162,169,173,177,182,186,190,197,201,205,212,216,220,227,231,235,254,258,263,270,274,278,285,289,294,301,305,310,317,321,325,332,336,340,347,351,356,363,367,372,379,383,388,395,399,403,410,414,419,426,430,434,441,445,450,457,461,466,473,477,482,489,493,498,505,509,514,521,525,530,537,541,547,554,558,563,570,574,578,585,589,593,600,604,610,617,621,630,637,641,648,655,659,668,675,679,688,695,699,714,721,725,740,747,751,756,763,767,773,780,784,790,797,801,807,814,818,824,831,835,843,850,854,862,1118,1124,1133,1139,1148,1154,1163,1169,1178,1184,1193,1199,1204,1210,1219,1225,1234,1240,1249,1255,1280,1286,1295,1301,1310,1316,1325,1331,1340,1346,1355,1361,1370,1376,1385,1391,1400,1406,1415,1421,1430,1436,1445,1451,1460,1466,1471,1477,1486,1492,1501,1507,1516,1522,1531,1537,1546,1552,1561,1567,1576,1582,1591,1597,1606,1612,1621,1627,1636,1642,1651,1657,1666,1672,1681,1687,1697,1703,1713,1719,1728,1734,1743,1749,1758,1764,1773,1779,1788,1794,1803,1809
qt-restricted-extras/qscintilla6/gen_qscilexercpp.go
  s_64fea63fed100b::t_c21b4d733882de 79-83,467-471,497-501,527-531,557-561,587-591,611-615,642-646,672-676,702-706,741-745,779-783,812-816,842-846,876-880,909-913,938-942,969-973,1001-1005,1035-1039,1067-1071,1097-1101,1130-1134,1153-1157,1190-1194,1224-1228,1256-1260,1290-1294,1324-1328,1356-1360,1386-1390,1413-1417,1443-1447,1473-1477,1503-1507,1535-1539,1567-1571,1599-1603,1635-1639,1676-1680,1713-1717,1745-1749,1779-1783,1809-1813,1839-1843,1869-1873,1899-1903
qt-restricted-extras/qscintilla6/gen_qscilexercsharp.cpp
  s_64fea63fed100b::t_9270e99fa2255e 1-2,23,83,87,93,100,104,110,117,121,127,134,138,144,151,155,161,168,172,176,181,185,189,196,200,204,211,215,219,226,230,234,253,257,262,269,273,277,284,288,293,300,304,309,316,320,324,331,335,339,346,350,355,362,366,371,378,382,387,394,398,402,409,413,418,425,429,433,440,444,449,456,460,465,472,476,481,488,492,497,504,508,513,520,524,529,536,540,546,553,557,562,569,573,577,584,588,592,599,603,609,616,620,629,636,640,647,654,658,667,674,678,687,694,698,713,720,724,739,746,750,755,762,766,772,779,783,789,796,800,806,813,817,823,830,834,842,849,853,861,965,971,980,986,995,1001,1010,1016,1025,1031,1040,1046,1051,1057,1066,1072,1081,1087,1096,1102,1127,1133,1142,1148,1157,1163,1172,1178,1187,1193,1202,1208,1217,1223,1232,1238,1247,1253,1262,1268,1277,1283,1292,1298,1307,1313,1318,1324,1333,1339,1348,1354,1363,1369,1378,1384,1393,1399,1408,1414,1423,1429,1438,1444,1453,1459,1468,1474,1483,1489,1498,1504,1513,1519,1528,1534,1544,1550,1560,1566,1575,1581,1590,1596,1605,1611,1620,1626,1635,1641,1650,1656
qt-restricted-extras/qscintilla6/gen_qscilexercsharp.go
  s_64fea63fed100b::t_0bbf43e0780657 18-22,251-255,281-285,311-315,341-345,371-375,395-399,426-430,456-460,486-490,525-529,563-567,596-600,626-630,660-664,693-697,722-726,753-757,785-789,819-823,851-855,881-885,914-918,937-941,974-978,1008-1012,1040-1044,1074-1078,1108-1112,1140-1144,1170-1174,1197-1201,1227-1231,1257-1261,1287-1291,1319-1323,1351-1355,1383-1387,1419-1423,1460-1464,1497-1501,1529-1533,1563-1567,1593-1597,1623-1627,1653-1657,1683-1687
qt-restricted-extras/qscintilla6/gen_qscilexercss.cpp
  s_64fea63fed100b::t_b06d6225f8f763 1-2,23,80,84,90,97,101,107,114,118,122,127,131,135,142,146,150,157,161,165,172,176,180,199,203,208,215,219,223,230,234,239,246,250,255,262,266,270,277,281,285,292,296,301,308,312,317,324,328,333,340,344,348,355,359,364,371,375,379,386,390,395,402,406,411,418,422,427,434,438,443,450,454,459,466,470,475,482,486,492,499,503,508,515,519,523,530,534,538,545,549,555,562,566,575,582,586,593,600,604,613,620,624,633,640,644,659,666,670,685,692,696,701,708,712,718,725,729,735,742,746,752,759,763,769,776,780,788,795,799,807,971,977,986,992,1001,1007,1012,1018,1027,1033,1042,1048,1057,1063,1088,1094,1103,1109,1118,1124,1133,1139,1148,1154,1163,1169,1178,1184,1193,1199,1208,1214,1223,1229,1238,1244,1253,1259,1268,1274,1279,1285,1294,1300,1309,1315,1324,1330,1339,1345,1354,1360,1369,1375,1384,1390,1399,1405,1414,1420,1429,1435,1444,1450,1459,1465,1474,1480,1489,1495,1505,1511,1521,1527,1536,1542,1551,1557,1566,1572,1581,1587,1596,1602,1611,1617
qt-restricted-extras/qscintilla6/gen_qscilexercss.go
  s_64fea63fed100b::t_7df1931d60e2f2 47-51,344-348,374-378,398-402,429-433,459-463,489-493,528-532,566-570,599-603,629-633,663-667,696-700,725-729,756-760,788-792,822-826,854-858,884-888,917-921,940-944,977-981,1011-1015,1043-1047,1077-1081,1111-1115,1143-1147,1173-1177,1200-1204,1230-1234,1260-1264,1290-1294,1322-1326,1354-1358,1386-1390,1422-1426,1463-1467,1500-1504,1532-1536,1566-1570,1596-1600,1626-1630,1656-1660,1686-1690
qt-restricted-extras/qscintilla6/gen_qscilexercustom.cpp
  s_64fea63fed100b::t_4da037fec979f7 1-2,23,79,83,89,94,98,104,111,115,119,126,130,134,139,143,147,154,158,162,169,173,177,184,188,192,211,215,220,227,231,235,242,246,251,258,262,267,274,278,282,289,293,297,304,308,313,320,324,329,336,340,345,352,356,360,367,371,376,383,387,391,398,402,407,414,418,423,430,434,439,446,450,455,462,466,471,478,482,487,494,498,503,510,514,518,525,529,535,542,546,555,562,566,573,580,584,593,600,604,613,620,624,639,646,650,665,672,676,681,688,692,698,705,709,715,722,726,732,739,743,749,756,760,768,775,779,787,882,888,893,899,908,914,923,929,934,940,949,955,964,970,979,985,1010,1016,1025,1031,1040,1046,1055,1061,1070,1076,1085,1091,1100,1106,1115,1121,1130,1136,1145,1151,1160,1166,1175,1181,1190,1196,1201,1207,1216,1222,1231,1237,1246,1252,1261,1267,1276,1282,1291,1297,1306,1312,1321,1327,1336,1342,1351,1357,1366,1372,1381,1387,1397,1403,1413,1419,1428,1434,1443,1449,1458,1464,1473,1479,1488,1494,1503,1509
qt-restricted-extras/qscintilla6/gen_qscilexercustom.go
  s_64fea63fed100b::t_3402aee97d7743 18-22,198-202,230-234,260-264,283-287,314-318,344-348,374-378,413-417,451-455,484-488,514-518,548-552,581-585,610-614,641-645,673-677,707-711,739-743,769-773,802-806,825-829,862-866,896-900,928-932,962-966,996-1000,1028-1032,1056-1060,1086-1090,1116-1120,1148-1152,1180-1184,1212-1216,1248-1252,1289-1293,1326-1330,1358-1362,1392-1396,1422-1426,1452-1456,1482-1486,1512-1516
qt-restricted-extras/qscintilla6/gen_qscilexerd.cpp
  s_64fea63fed100b::t_c8128aaadbb53a 1-2,23,81,85,91,98,102,108,115,119,125,132,136,140,145,149,153,160,164,168,175,179,183,190,194,198,217,221,226,233,237,241,248,252,257,264,268,273,280,284,288,295,299,303,310,314,319,326,330,335,342,346,351,358,362,366,373,377,382,389,393,397,404,408,413,420,424,429,436,440,445,452,456,461,468,472,477,484,488,493,500,504,510,517,521,526,533,537,541,548,552,556,563,567,573,580,584,593,600,604,611,618,622,631,638,642,651,658,662,677,684,688,703,710,714,719,726,730,736,743,747,753,760,764,770,777,781,787,794,798,806,813,817,825,1013,1019,1028,1034,1043,1049,1058,1064,1069,1075,1084,1090,1099,1105,1114,1120,1145,1151,1160,1166,1175,1181,1190,1196,1205,1211,1220,1226,1235,1241,1250,1256,1265,1271,1280,1286,1295,1301,1310,1316,1325,1331,1336,1342,1351,1357,1366,1372,1381,1387,1396,1402,1411,1417,1426,1432,1441,1447,1456,1462,1471,1477,1486,1492,1501,1507,1516,1522,1531,1537,1546,1552,1562,1568,1578,1584,1593,1599,1608,1614,1623,1629,1638,1644,1653,1659,1668,1674
qt-restricted-extras/qscintilla6/gen_qscilexerd.go
  s_64fea63fed100b::t_2a03b0b5788137 46-50,364-368,394-398,424-428,448-452,479-483,509-513,539-543,578-582,616-620,649-653,679-683,713-717,746-750,775-779,806-810,838-842,872-876,904-908,934-938,967-971,990-994,1027-1031,1061-1065,1093-1097,1127-1131,1161-1165,1193-1197,1223-1227,1250-1254,1280-1284,1310-1314,1340-1344,1372-1376,1404-1408,1436-1440,1472-1476,1513-1517,1550-1554,1582-1586,1616-1620,1646-1650,1676-1680,1706-1710,1736-1740
qt-restricted-extras/qscintilla6/gen_qscilexerdiff.cpp
  s_64fea63fed100b::t_ffbaf21880f561 1-2,23,78,82,86,91,95,99,106,110,114,121,125,129,136,140,144,163,167,172,179,183,187,194,198,203,210,214,219,226,230,234,241,245,249,256,260,265,272,276,281,288,292,297,304,308,312,319,323,328,335,339,343,350,354,359,366,370,375,382,386,391,398,402,407,414,418,423,430,434,439,446,450,456,463,467,472,479,483,487,494,498,502,509,513,519,526,530,539,546,550,557,564,568,577,584,588,597,604,608,623,630,634,649,656,660,665,672,676,682,689,693,699,706,710,716,723,727,733,740,744,752,759,763,771,865,871,876,882,891,897,906,912,921,927,952,958,967,973,982,988,997,1003,1012,1018,1027,1033,1042,1048,1057,1063,1072,1078,1087,1093,1102,1108,1117,1123,1132,1138,1143,1149,1158,1164,1173,1179,1188,1194,1203,1209,1218,1224,1233,1239,1248,1254,1263,1269,1278,1284,1293,1299,1308,1314,1323,1329,1338,1344,1353,1359,1369,1375,1385,1391,1400,1406,1415,1421,1430,1436,1445,1451,1460,1466,1475,1481
qt-restricted-extras/qscintilla6/gen_qscilexerdiff.go
  s_64fea63fed100b::t_9412eee315170e 35-39,215-219,246-250,276-280,306-310,345-349,383-387,416-420,446-450,480-484,513-517,542-546,573-577,605-609,639-643,671-675,701-705,734-738,757-761,794-798,828-832,860-864,894-898,928-932,960-964,990-994,1017-1021,1047-1051,1077-1081,1107-1111,1139-1143,1171-1175,1203-1207,1239-1243,1280-1284,1317-1321,1349-1353,1383-1387,1413-1417,1443-1447,1473-1477,1503-1507
qt-restricted-extras/qscintilla6/gen_qscilexeredifact.cpp
  s_64fea63fed100b::t_21cbac3a620e6f 1-2,23,78,82,86,91,95,99,106,110,114,121,125,129,136,140,144,163,167,172,179,183,187,194,198,203,210,214,219,226,230,234,241,245,249,256,260,265,272,276,281,288,292,297,304,308,312,319,323,328,335,339,343,350,354,359,366,370,375,382,386,391,398,402,407,414,418,423,430,434,439,446,450,456,463,467,472,479,483,487,494,498,502,509,513,519,526,530,539,546,550,557,564,568,577,584,588,597,604,608,623,630,634,649,656,660,665,672,676,682,689,693,699,706,710,716,723,727,733,740,744,752,759,763,771,861,867,872,878,887,893,902,908,917,923,948,954,963,969,978,984,993,999,1008,1014,1023,1029,1038,1044,1053,1059,1068,1074,1083,1089,1098,1104,1113,1119,1128,1134,1139,1145,1154,1160,1169,1175,1184,1190,1199,1205,1214,1220,1229,1235,1244,1250,1259,1265,1274,1280,1289,1295,1304,1310,1319,1325,1334,1340,1349,1355,1365,1371,1381,1387,1396,1402,1411,1417,1426,1432,1441,1447,1456,1462,1471,1477
qt-restricted-extras/qscintilla6/gen_qscilexeredifact.go
  s_64fea63fed100b::t_3a6d12c8e84eb4 32-36,207-211,238-242,268-272,298-302,337-341,375-379,408-412,438-442,472-476,505-509,534-538,565-569,597-601,631-635,663-667,693-697,726-730,749-753,786-790,820-824,852-856,886-890,920-924,952-956,982-986,1009-1013,1039-1043,1069-1073,1099-1103,1131-1135,1163-1167,1195-1199,1231-1235,1272-1276,1309-1313,1341-1345,1375-1379,1405-1409,1435-1439,1465-1469,1495-1499
qt-restricted-extras/qscintilla6/gen_qscilexerfortran.cpp
  s_64fea63fed100b::t_0a1afa33e248fa 1-2,23,79,83,89,96,100,104,109,113,117,124,128,132,139,143,147,154,158,162,181,185,190,197,201,205,212,216,221,228,232,237,244,248,252,259,263,267,274,278,283,290,294,299,306,310,315,322,326,330,337,341,346,353,357,361,368,372,377,384,388,393,400,404,409,416,420,425,432,436,441,448,452,457,464,468,474,481,485,490,497,501,505,512,516,520,527,531,537,544,548,557,564,568,575,582,586,595,602,606,615,622,626,641,648,652,667,674,678,683,690,694,700,707,711,717,724,728,734,741,745,751,758,762,770,777,781,789,870,876,885,891,896,902,911,917,926,932,941,947,972,978,987,993,1002,1008,1017,1023,1032,1038,1047,1053,1062,1068,1077,1083,1092,1098,1107,1113,1122,1128,1137,1143,1152,1158,1163,1169,1178,1184,1193,1199,1208,1214,1223,1229,1238,1244,1253,1259,1268,1274,1283,1289,1298,1304,1313,1319,1328,1334,1343,1349,1358,1364,1373,1379,1389,1395,1405,1411,1420,1426,1435,1441,1450,1456,1465,1471,1480,1486,1495,1501
qt-restricted-extras/qscintilla6/gen_qscilexerfortran.go
  s_64fea63fed100b::t_9dde852560271c 18-22,227-231,251-255,282-286,312-316,342-346,381-385,419-423,452-456,482-486,516-520,549-553,578-582,609-613,641-645,675-679,707-711,737-741,770-774,793-797,830-834,864-868,896-900,930-934,964-968,996-1000,1026-1030,1053-1057,1083-1087,1113-1117,1143-1147,1175-1179,1207-1211,1239-1243,1275-1279,1316-1320,1353-1357,1385-1389,1419-1423,1449-1453,1479-1483,1509-1513,1539-1543
qt-restricted-extras/qscintilla6/gen_qscilexerfortran77.cpp
  s_64fea63fed100b::t_ba906b4ab2e31c 1-2,23,79,83,89,96,100,104,109,113,117,124,128,132,139,143,147,154,158,162,181,185,190,197,201,205,212,216,221,228,232,237,244,248,252,259,263,267,274,278,283,290,294,299,306,310,315,322,326,330,337,341,346,353,357,361,368,372,377,384,388,393,400,404,409,416,420,425,432,436,441,448,452,457,464,468,474,481,485,490,497,501,505,512,516,520,527,531,537,544,548,557,564,568,575,582,586,595,602,606,615,622,626,641,648,652,667,674,678,683,690,694,700,707,711,717,724,728,734,741,745,751,758,762,770,777,781,789,913,919,928,934,939,945,954,960,969,975,984,990,1015,1021,1030,1036,1045,1051,1060,1066,1075,1081,1090,1096,1105,1111,1120,1126,1135,1141,1150,1156,1165,1171,1180,1186,1195,1201,1206,1212,1221,1227,1236,1242,1251,1257,1266,1272,1281,1287,1296,1302,1311,1317,1326,1332,1341,1347,1356,1362,1371,1377,1386,1392,1401,1407,1416,1422,1432,1438,1448,1454,1463,1469,1478,1484,1493,1499,1508,1514,1523,1529,1538,1544
qt-restricted-extras/qscintilla6/gen_qscilexerfortran77.go
  s_64fea63fed100b::t_b4a4322ad95c0b 38-42,292-296,316-320,347-351,377-381,407-411,446-450,484-488,517-521,547-551,581-585,614-618,643-647,674-678,706-710,740-744,772-776,802-806,835-839,858-862,895-899,929-933,961-965,995-999,1029-1033,1061-1065,1091-1095,1118-1122,1148-1152,1178-1182,1208-1212,1240-1244,1272-1276,1304-1308,1340-1344,1381-1385,1418-1422,1450-1454,1484-1488,1514-1518,1544-1548,1574-1578,1604-1608
qt-restricted-extras/qscintilla6/gen_qscilexerhtml.cpp
  s_64fea63fed100b::t_786f236044ed09 1-2,23,81,85,91,98,102,108,115,119,125,132,136,140,145,149,153,160,164,168,175,179,183,190,194,198,217,221,226,233,237,241,248,252,257,264,268,273,280,284,288,295,299,303,310,314,319,326,330,335,342,346,351,358,362,366,373,377,382,389,393,397,404,408,413,420,424,429,436,440,445,452,456,461,468,472,477,484,488,493,500,504,510,517,521,526,533,537,541,548,552,556,563,567,573,580,584,593,600,604,611,618,622,631,638,642,651,658,662,677,684,688,703,710,714,719,726,730,736,743,747,753,760,764,770,777,781,787,794,798,806,813,817,825,1001,1007,1016,1022,1031,1037,1046,1052,1057,1063,1072,1078,1087,1093,1102,1108,1133,1139,1148,1154,1163,1169,1178,1184,1193,1199,1208,1214,1223,1229,1238,1244,1253,1259,1268,1274,1283,1289,1298,1304,1313,1319,1324,1330,1339,1345,1354,1360,1369,1375,1384,1390,1399,1405,1414,1420,1429,1435,1444,1450,1459,1465,1474,1480,1489,1495,1504,1510,1519,1525,1534,1540,1550,1556,1566,1572,1581,1587,1596,1602,1611,1617,1626,1632,1641,1647,1656,1662
qt-restricted-extras/qscintilla6/gen_qscilexerhtml.go
  s_64fea63fed100b::t_7a2d1f2b6ff99b 133-137,441-445,471-475,501-505,525-529,556-560,586-590,616-620,655-659,693-697,726-730,756-760,790-794,823-827,852-856,883-887,915-919,949-953,981-985,1011-1015,1044-1048,1067-1071,1104-1108,1138-1142,1170-1174,1204-1208,1238-1242,1270-1274,1300-1304,1327-1331,1357-1361,1387-1391,1417-1421,1449-1453,1481-1485,1513-1517,1549-1553,1590-1594,1627-1631,1659-1663,1693-1697,1723-1727,1753-1757,1783-1787,1813-1817
qt-restricted-extras/qscintilla6/gen_qscilexeridl.cpp
  s_64fea63fed100b::t_ccb4bd7d6be843 1-2,23,83,87,93,100,104,110,117,121,127,134,138,144,151,155,161,168,172,176,181,185,189,196,200,204,211,215,219,226,230,234,253,257,262,269,273,277,284,288,293,300,304,309,316,320,324,331,335,339,346,350,355,362,366,371,378,382,387,394,398,402,409,413,418,425,429,433,440,444,449,456,460,465,472,476,481,488,492,497,504,508,513,520,524,529,536,540,546,553,557,562,569,573,577,584,588,592,599,603,609,616,620,629,636,640,647,654,658,667,674,678,687,694,698,713,720,724,739,746,750,755,762,766,772,779,783,789,796,800,806,813,817,823,830,834,842,849,853,861,953,959,968,974,983,989,998,1004,1013,1019,1028,1034,1039,1045,1054,1060,1069,1075,1084,1090,1115,1121,1130,1136,1145,1151,1160,1166,1175,1181,1190,1196,1205,1211,1220,1226,1235,1241,1250,1256,1265,1271,1280,1286,1295,1301,1306,1312,1321,1327,1336,1342,1351,1357,1366,1372,1381,1387,1396,1402,1411,1417,1426,1432,1441,1447,1456,1462,1471,1477,1486,1492,1501,1507,1516,1522,1532,1538,1548,1554,1563,1569,1578,1584,1593,1599,1608,1614,1623,1629,1638,1644
qt-restricted-extras/qscintilla6/gen_qscilexeridl.go
  s_64fea63fed100b::t_4b6cb2854f002b 18-22,235-239,265-269,295-299,325-329,355-359,379-383,410-414,440-444,470-474,509-513,547-551,580-584,610-614,644-648,677-681,706-710,737-741,769-773,803-807,835-839,865-869,898-902,921-925,958-962,992-996,1024-1028,1058-1062,1092-1096,1124-1128,1154-1158,1181-1185,1211-1215,1241-1245,1271-1275,1303-1307,1335-1339,1367-1371,1403-1407,1444-1448,1481-1485,1513-1517,1547-1551,1577-1581,1607-1611,1637-1641,1667-1671
qt-restricted-extras/qscintilla6/gen_qscilexerjava.cpp
  s_64fea63fed100b::t_43137df6334726 1-2,23,83,87,93,100,104,110,117,121,127,134,138,144,151,155,161,168,172,176,181,185,189,196,200,204,211,215,219,226,230,234,253,257,262,269,273,277,284,288,293,300,304,309,316,320,324,331,335,339,346,350,355,362,366,371,378,382,387,394,398,402,409,413,418,425,429,433,440,444,449,456,460,465,472,476,481,488,492,497,504,508,513,520,524,529,536,540,546,553,557,562,569,573,577,584,588,592,599,603,609,616,620,629,636,640,647,654,658,667,674,678,687,694,698,713,720,724,739,746,750,755,762,766,772,779,783,789,796,800,806,813,817,823,830,834,842,849,853,861,938,944,953,959,968,974,983,989,998,1004,1013,1019,1024,1030,1039,1045,1054,1060,1069,1075,1100,1106,1115,1121,1130,1136,1145,1151,1160,1166,1175,1181,1190,1196,1205,1211,1220,1226,1235,1241,1250,1256,1265,1271,1280,1286,1291,1297,1306,1312,1321,1327,1336,1342,1351,1357,1366,1372,1381,1387,1396,1402,1411,1417,1426,1432,1441,1447,1456,1462,1471,1477,1486,1492,1501,1507,1517,1523,1533,1539,1548,1554,1563,1569,1578,1584,1593,1599,1608,1614,1623,1629
qt-restricted-extras/qscintilla6/gen_qscilexerjava.go
  s_64fea63fed100b::t_eb65898d19f88f 18-22,222-226,252-256,282-286,312-316,342-346,366-370,397-401,427-431,457-461,496-500,534-538,567-571,597-601,631-635,664-668,693-697,724-728,756-760,790-794,822-826,852-856,885-889,908-912,945-949,979-983,1011-1015,1045-1049,1079-1083,1111-1115,1141-1145,1168-1172,1198-1202,1228-1232,1258-1262,1290-1294,1322-1326,1354-1358,1390-1394,1431-1435,1468-1472,1500-1504,1534-1538,1564-1568,1594-1598,1624-1628,1654-1658
qt-restricted-extras/qscintilla6/gen_qscilexerjavascript.cpp
  s_64fea63fed100b::t_740cde434e7b2f 1-2,23,83,87,93,100,104,110,117,121,127,134,138,144,151,155,161,168,172,176,181,185,189,196,200,204,211,215,219,226,230,234,253,257,262,269,273,277,284,288,293,300,304,309,316,320,324,331,335,339,346,350,355,362,366,371,378,382,387,394,398,402,409,413,418,425,429,433,440,444,449,456,460,465,472,476,481,488,492,497,504,508,513,520,524,529,536,540,546,553,557,562,569,573,577,584,588,592,599,603,609,616,620,629,636,640,647,654,658,667,674,678,687,694,698,713,720,724,739,746,750,755,762,766,772,779,783,789,796,800,806,813,817,823,830,834,842,849,853,861,965,971,980,986,995,1001,1010,1016,1025,1031,1040,1046,1051,1057,1066,1072,1081,1087,1096,1102,1127,1133,1142,1148,1157,1163,1172,1178,1187,1193,1202,1208,1217,1223,1232,1238,1247,1253,1262,1268,1277,1283,1292,1298,1307,1313,1318,1324,1333,1339,1348,1354,1363,1369,1378,1384,1393,1399,1408,1414,1423,1429,1438,1444,1453,1459,1468,1474,1483,1489,1498,1504,1513,1519,1528,1534,1544,1550,1560,1566,1575,1581,1590,1596,1605,1611,1620,1626,1635,1641,1650,1656
qt-restricted-extras/qscintilla6/gen_qscilexerjavascript.go
  s_64fea63fed100b::t_ac6e75dc1df73e 18-22,251-255,281-285,311-315,341-345,371-375,395-399,426-430,456-460,486-490,525-529,563-567,596-600,626-630,660-664,693-697,722-726,753-757,785-789,819-823,851-855,881-885,914-918,937-941,974-978,1008-1012,1040-1044,1074-1078,1108-1112,1140-1144,1170-1174,1197-1201,1227-1231,1257-1261,1287-1291,1319-1323,1351-1355,1383-1387,1419-1423,1460-1464,1497-1501,1529-1533,1563-1567,1593-1597,1623-1627,1653-1657,1683-1687
qt-restricted-extras/qscintilla6/gen_qscilexerjson.cpp
  s_64fea63fed100b::t_c7630591e50479 1-2,23,78,82,86,91,95,99,106,110,114,121,125,129,136,140,144,163,167,172,179,183,187,194,198,203,210,214,219,226,230,234,241,245,249,256,260,265,272,276,281,288,292,297,304,308,312,319,323,328,335,339,343,350,354,359,366,370,375,382,386,391,398,402,407,414,418,423,430,434,439,446,450,456,463,467,472,479,483,487,494,498,502,509,513,519,526,530,539,546,550,557,564,568,577,584,588,597,604,608,623,630,634,649,656,660,665,672,676,682,689,693,699,706,710,716,723,727,733,740,744,752,759,763,771,907,913,918,924,933,939,948,954,963,969,994,1000,1009,1015,1024,1030,1039,1045,1054,1060,1069,1075,1084,1090,1099,1105,1114,1120,1129,1135,1144,1150,1159,1165,1174,1180,1185,1191,1200,1206,1215,1221,1230,1236,1245,1251,1260,1266,1275,1281,1290,1296,1305,1311,1320,1326,1335,1341,1350,1356,1365,1371,1380,1386,1395,1401,1411,1417,1427,1433,1442,1448,1457,1463,1472,1478,1487,1493,1502,1508,1517,1523
qt-restricted-extras/qscintilla6/gen_qscilexerjson.go
  s_64fea63fed100b::t_02328d1003e867 37-41,297-301,328-332,358-362,388-392,427-431,465-469,498-502,528-532,562-566,595-599,624-628,655-659,687-691,721-725,753-757,783-787,816-820,839-843,876-880,910-914,942-946,976-980,1010-1014,1042-1046,1072-1076,1099-1103,1129-1133,1159-1163,1189-1193,1221-1225,1253-1257,1285-1289,1321-1325,1362-1366,1399-1403,1431-1435,1465-1469,1495-1499,1525-1529,1555-1559,1585-1589
qt-restricted-extras/qscintilla6/gen_qscilexerlua.cpp
  s_64fea63fed100b::t_4e915bb774eb81 1-2,23,79,83,89,96,100,104,109,113,117,124,128,132,139,143,147,154,158,162,181,185,190,197,201,205,212,216,221,228,232,237,244,248,252,259,263,267,274,278,283,290,294,299,306,310,315,322,326,330,337,341,346,353,357,361,368,372,377,384,388,393,400,404,409,416,420,425,432,436,441,448,452,457,464,468,474,481,485,490,497,501,505,512,516,520,527,531,537,544,548,557,564,568,575,582,586,595,602,606,615,622,626,641,648,652,667,674,678,683,690,694,700,707,711,717,724,728,734,741,745,751,758,762,770,777,781,789,941,947,956,962,967,973,982,988,997,1003,1012,1018,1043,1049,1058,1064,1073,1079,1088,1094,1103,1109,1118,1124,1133,1139,1148,1154,1163,1169,1178,1184,1193,1199,1208,1214,1223,1229,1234,1240,1249,1255,1264,1270,1279,1285,1294,1300,1309,1315,1324,1330,1339,1345,1354,1360,1369,1375,1384,1390,1399,1405,1414,1420,1429,1435,1444,1450,1460,1466,1476,1482,1491,1497,1506,1512,1521,1527,1536,1542,1551,1557,1566,1572
qt-restricted-extras/qscintilla6/gen_qscilexerlua.go
  s_64fea63fed100b::t_0f03e65e3e8917 43-47,320-324,344-348,375-379,405-409,435-439,474-478,512-516,545-549,575-579,609-613,642-646,671-675,702-706,734-738,768-772,800-804,830-834,863-867,886-890,923-927,957-961,989-993,1023-1027,1057-1061,1089-1093,1119-1123,1146-1150,1176-1180,1206-1210,1236-1240,1268-1272,1300-1304,1332-1336,1368-1372,1409-1413,1446-1450,1478-1482,1512-1516,1542-1546,1572-1576,1602-1606,1632-1636
qt-restricted-extras/qscintilla6/gen_qscilexermakefile.cpp
  s_64fea63fed100b::t_e0bdce45742951 1-2,23,78,82,86,91,95,99,106,110,114,121,125,129,136,140,144,163,167,172,179,183,187,194,198,203,210,214,219,226,230,234,241,245,249,256,260,265,272,276,281,288,292,297,304,308,312,319,323,328,335,339,343,350,354,359,366,370,375,382,386,391,398,402,407,414,418,423,430,434,439,446,450,456,463,467,472,479,483,487,494,498,502,509,513,519,526,530,539,546,550,557,564,568,577,584,588,597,604,608,623,630,634,649,656,660,665,672,676,682,689,693,699,706,710,716,723,727,733,740,744,752,759,763,771,877,883,888,894,903,909,918,924,933,939,964,970,979,985,994,1000,1009,1015,1024,1030,1039,1045,1054,1060,1069,1075,1084,1090,1099,1105,1114,1120,1129,1135,1144,1150,1155,1161,1170,1176,1185,1191,1200,1206,1215,1221,1230,1236,1245,1251,1260,1266,1275,1281,1290,1296,1305,1311,1320,1326,1335,1341,1350,1356,1365,1371,1381,1387,1397,1403,1412,1418,1427,1433,1442,1448,1457,1463,1472,1478,1487,1493
qt-restricted-extras/qscintilla6/gen_qscilexermakefile.go
  s_64fea63fed100b::t_35a1e229cfbbbe 30-34,226-230,257-261,287-291,317-321,356-360,394-398,427-431,457-461,491-495,524-528,553-557,584-588,616-620,650-654,682-686,712-716,745-749,768-772,805-809,839-843,871-875,905-909,939-943,971-975,1001-1005,1028-1032,1058-1062,1088-1092,1118-1122,1150-1154,1182-1186,1214-1218,1250-1254,1291-1295,1328-1332,1360-1364,1394-1398,1424-1428,1454-1458,1484-1488,1514-1518
qt-restricted-extras/qscintilla6/gen_qscilexermarkdown.cpp
  s_64fea63fed100b::t_fe9a8ed5d6e788 1-2,23,78,82,86,91,95,99,106,110,114,121,125,129,136,140,144,163,167,172,179,183,187,194,198,203,210,214,219,226,230,234,241,245,249,256,260,265,272,276,281,288,292,297,304,308,312,319,323,328,335,339,343,350,354,359,366,370,375,382,386,391,398,402,407,414,418,423,430,434,439,446,450,456,463,467,472,479,483,487,494,498,502,509,513,519,526,530,539,546,550,557,564,568,577,584,588,597,604,608,623,630,634,649,656,660,665,672,676,682,689,693,699,706,710,716,723,727,733,740,744,752,759,763,771,869,875,880,886,895,901,910,916,925,931,956,962,971,977,986,992,1001,1007,1016,1022,1031,1037,1046,1052,1061,1067,1076,1082,1091,1097,1106,1112,1121,1127,1136,1142,1147,1153,1162,1168,1177,1183,1192,1198,1207,1213,1222,1228,1237,1243,1252,1258,1267,1273,1282,1288,1297,1303,1312,1318,1327,1333,1342,1348,1357,1363,1373,1379,1389,1395,1404,1410,1419,1425,1434,1440,1449,1455,1464,1470,1479,1485
qt-restricted-extras/qscintilla6/gen_qscilexermarkdown.go
  s_64fea63fed100b::t_01c11928894385 45-49,232-236,263-267,293-297,323-327,362-366,400-404,433-437,463-467,497-501,530-534,559-563,590-594,622-626,656-660,688-692,718-722,751-755,774-778,811-815,845-849,877-881,911-915,945-949,977-981,1007-1011,1034-1038,1064-1068,1094-1098,1124-1128,1156-1160,1188-1192,1220-1224,1256-1260,1297-1301,1334-1338,1366-1370,1400-1404,1430-1434,1460-1464,1490-1494,1520-1524
qt-restricted-extras/qscintilla6/gen_qscilexermatlab.cpp
  s_64fea63fed100b::t_d03e1eb4d5bbcb 1-2,23,78,82,86,91,95,99,106,110,114,121,125,129,136,140,144,163,167,172,179,183,187,194,198,203,210,214,219,226,230,234,241,245,249,256,260,265,272,276,281,288,292,297,304,308,312,319,323,328,335,339,343,350,354,359,366,370,375,382,386,391,398,402,407,414,418,423,430,434,439,446,450,456,463,467,472,479,483,487,494,498,502,509,513,519,526,530,539,546,550,557,564,568,577,584,588,597,604,608,623,630,634,649,656,660,665,672,676,682,689,693,699,706,710,716,723,727,733,740,744,752,759,763,771,869,875,880,886,895,901,910,916,925,931,956,962,971,977,986,992,1001,1007,1016,1022,1031,1037,1046,1052,1061,1067,1076,1082,1091,1097,1106,1112,1121,1127,1136,1142,1147,1153,1162,1168,1177,1183,1192,1198,1207,1213,1222,1228,1237,1243,1252,1258,1267,1273,1282,1288,1297,1303,1312,1318,1327,1333,1342,1348,1357,1363,1373,1379,1389,1395,1404,1410,1419,1425,1434,1440,1449,1455,1464,1470,1479,1485
qt-restricted-extras/qscintilla6/gen_qscilexermatlab.go
  s_64fea63fed100b::t_ed5b741297566f 32-36,218-222,249-253,279-283,309-313,348-352,386-390,419-423,449-453,483-487,516-520,545-549,576-580,608-612,642-646,674-678,704-708,737-741,760-764,797-801,831-835,863-867,897-901,931-935,963-967,993-997,1020-1024,1050-1054,1080-1084,1110-1114,1142-1146,1174-1178,1206-1210,1242-1246,1283-1287,1320-1324,1352-1356,1386-1390,1416-1420,1446-1450,1476-1480,1506-1510
qt-restricted-extras/qscintilla6/gen_qscilexeroctave.cpp
  s_64fea63fed100b::t_269c8e76f88f4b 1-2,23,78,82,86,91,95,99,106,110,114,121,125,129,136,140,144,163,167,172,179,183,187,194,198,203,210,214,219,226,230,234,241,245,249,256,260,265,272,276,281,288,292,297,304,308,312,319,323,328,335,339,343,350,354,359,366,370,375,382,386,391,398,402,407,414,418,423,430,434,439,446,450,456,463,467,472,479,483,487,494,498,502,509,513,519,526,530,539,546,550,557,564,568,577,584,588,597,604,608,623,630,634,649,656,660,665,672,676,682,689,693,699,706,710,716,723,727,733,740,744,752,759,763,771,850,856,861,867,876,882,891,897,906,912,937,943,952,958,967,973,982,988,997,1003,1012,1018,1027,1033,1042,1048,1057,1063,1072,1078,1087,1093,1102,1108,1117,1123,1128,1134,1143,1149,1158,1164,1173,1179,1188,1194,1203,1209,1218,1224,1233,1239,1248,1254,1263,1269,1278,1284,1293,1299,1308,1314,1323,1329,1338,1344,1354,1360,1370,1376,1385,1391,1400,1406,1415,1421,1430,1436,1445,1451,1460,1466
qt-restricted-extras/qscintilla6/gen_qscilexeroctave.go
  s_64fea63fed100b::t_88bab4472c1116 18-22,185-189,216-220,246-250,276-280,315-319,353-357,386-390,416-420,450-454,483-487,512-516,543-547,575-579,609-613,641-645,671-675,704-708,727-731,764-768,798-802,830-834,864-868,898-902,930-934,960-964,987-991,1017-1021,1047-1051,1077-1081,1109-1113,1141-1145,1173-1177,1209-1213,1250-1254,1287-1291,1319-1323,1353-1357,1383-1387,1413-1417,1443-1447,1473-1477
qt-restricted-extras/qscintilla6/gen_qscilexerpascal.cpp
  s_64fea63fed100b::t_f8e8ba499bafbc 1-2,23,81,85,91,98,102,108,115,119,125,132,136,140,145,149,153,160,164,168,175,179,183,190,194,198,217,221,226,233,237,241,248,252,257,264,268,273,280,284,288,295,299,303,310,314,319,326,330,335,342,346,351,358,362,366,373,377,382,389,393,397,404,408,413,420,424,429,436,440,445,452,456,461,468,472,477,484,488,493,500,504,510,517,521,526,533,537,541,548,552,556,563,567,573,580,584,593,600,604,611,618,622,631,638,642,651,658,662,677,684,688,703,710,714,719,726,730,736,743,747,753,760,764,770,777,781,787,794,798,806,813,817,825,1017,1023,1032,1038,1047,1053,1062,1068,1073,1079,1088,1094,1103,1109,1118,1124,1149,1155,1164,1170,1179,1185,1194,1200,1209,1215,1224,1230,1239,1245,1254,1260,1269,1275,1284,1290,1299,1305,1314,1320,1329,1335,1340,1346,1355,1361,1370,1376,1385,1391,1400,1406,1415,1421,1430,1436,1445,1451,1460,1466,1475,1481,1490,1496,1505,1511,1520,1526,1535,1541,1550,1556,1566,1572,1582,1588,1597,1603,1612,1618,1627,1633,1642,1648,1657,1663,1672,1678
qt-restricted-extras/qscintilla6/gen_qscilexerpascal.go
  s_64fea63fed100b::t_6a1b8a9c739fe7 38-42,359-363,389-393,419-423,443-447,474-478,504-508,534-538,573-577,611-615,644-648,674-678,708-712,741-745,770-774,801-805,833-837,867-871,899-903,929-933,962-966,985-989,1022-1026,1056-1060,1088-1092,1122-1126,1156-1160,1188-1192,1218-1222,1245-1249,1275-1279,1305-1309,1335-1339,1367-1371,1399-1403,1431-1435,1467-1471,1508-1512,1545-1549,1577-1581,1611-1615,1641-1645,1671-1675,1701-1705,1731-1735
qt-restricted-extras/qscintilla6/gen_qscilexerperl.cpp
  s_64fea63fed100b::t_903ac9d68a0b91 1-2,23,80,84,90,97,101,107,114,118,122,127,131,135,142,146,150,157,161,165,172,176,180,199,203,208,215,219,223,230,234,239,246,250,255,262,266,270,277,281,285,292,296,301,308,312,317,324,328,333,340,344,348,355,359,364,371,375,379,386,390,395,402,406,411,418,422,427,434,438,443,450,454,459,466,470,475,482,486,492,499,503,508,515,519,523,530,534,538,545,549,555,562,566,575,582,586,593,600,604,613,620,624,633,640,644,659,666,670,685,692,696,701,708,712,718,725,729,735,742,746,752,759,763,769,776,780,788,795,799,807,1003,1009,1018,1024,1033,1039,1044,1050,1059,1065,1074,1080,1089,1095,1120,1126,1135,1141,1150,1156,1165,1171,1180,1186,1195,1201,1210,1216,1225,1231,1240,1246,1255,1261,1270,1276,1285,1291,1300,1306,1311,1317,1326,1332,1341,1347,1356,1362,1371,1377,1386,1392,1401,1407,1416,1422,1431,1437,1446,1452,1461,1467,1476,1482,1491,1497,1506,1512,1521,1527,1537,1543,1553,1559,1568,1574,1583,1589,1598,1604,1613,1619,1628,1634,1643,1649
qt-restricted-extras/qscintilla6/gen_qscilexerperl.go
  s_64fea63fed100b::t_c21391c81529bb 64-68,388-392,418-422,442-446,473-477,503-507,533-537,572-576,610-614,643-647,673-677,707-711,740-744,769-773,800-804,832-836,866-870,898-902,928-932,961-965,984-988,1021-1025,1055-1059,1087-1091,1121-1125,1155-1159,1187-1191,1217-1221,1244-1248,1274-1278,1304-1308,1334-1338,1366-1370,1398-1402,1430-1434,1466-1470,1507-1511,1544-1548,1576-1580,1610-1614,1640-1644,1670-1674,1700-1704,1730-1734
qt-restricted-extras/qscintilla6/gen_qscilexerpo.cpp
  s_64fea63fed100b::t_63078802721f46 1-2,23,80,84,90,97,101,107,114,118,122,127,131,135,142,146,150,157,161,165,172,176,180,199,203,208,215,219,223,230,234,239,246,250,255,262,266,270,277,281,285,292,296,301,308,312,317,324,328,333,340,344,348,355,359,364,371,375,379,386,390,395,402,406,411,418,422,427,434,438,443,450,454,459,466,470,475,482,486,492,499,503,508,515,519,523,530,534,538,545,549,555,562,566,575,582,586,593,600,604,613,620,624,633,640,644,659,666,670,685,692,696,701,708,712,718,725,729,735,742,746,752,759,763,769,776,780,788,795,799,807,923,929,938,944,953,959,964,970,979,985,994,1000,1009,1015,1040,1046,1055,1061,1070,1076,1085,1091,1100,1106,1115,1121,1130,1136,1145,1151,1160,1166,1175,1181,1190,1196,1205,1211,1220,1226,1231,1237,1246,1252,1261,1267,1276,1282,1291,1297,1306,1312,1321,1327,1336,1342,1351,1357,1366,1372,1381,1387,1396,1402,1411,1417,1426,1432,1441,1447,1457,1463,1473,1479,1488,1494,1503,1509,1518,1524,1533,1539,1548,1554,1563,1569
qt-restricted-extras/qscintilla6/gen_qscilexerpo.go
  s_64fea63fed100b::t_48e016d5be69e5 38-42,281-285,311-315,335-339,366-370,396-400,426-430,465-469,503-507,536-540,566-570,600-604,633-637,662-666,693-697,725-729,759-763,791-795,821-825,854-858,877-881,914-918,948-952,980-984,1014-1018,1048-1052,1080-1084,1110-1114,1137-1141,1167-1171,1197-1201,1227-1231,1259-1263,1291-1295,1323-1327,1359-1363,1400-1404,1437-1441,1469-1473,1503-1507,1533-1537,1563-1567,1593-1597,1623-1627
qt-restricted-extras/qscintilla6/gen_qscilexerpostscript.cpp
  s_64fea63fed100b::t_812c08e3c900f8 1-2,23,82,86,92,99,103,109,116,120,126,133,137,143,150,154,158,163,167,171,178,182,186,193,197,201,208,212,216,235,239,244,251,255,259,266,270,275,282,286,291,298,302,306,313,317,321,328,332,337,344,348,353,360,364,369,376,380,384,391,395,400,407,411,415,422,426,431,438,442,447,454,458,463,470,474,479,486,490,495,502,506,511,518,522,528,535,539,544,551,555,559,566,570,574,581,585,591,598,602,611,618,622,629,636,640,649,656,660,669,676,680,695,702,706,721,728,732,737,744,748,754,761,765,771,778,782,788,795,799,805,812,816,824,831,835,843,987,993,1002,1008,1017,1023,1032,1038,1047,1053,1058,1064,1073,1079,1088,1094,1103,1109,1134,1140,1149,1155,1164,1170,1179,1185,1194,1200,1209,1215,1224,1230,1239,1245,1254,1260,1269,1275,1284,1290,1299,1305,1314,1320,1325,1331,1340,1346,1355,1361,1370,1376,1385,1391,1400,1406,1415,1421,1430,1436,1445,1451,1460,1466,1475,1481,1490,1496,1505,1511,1520,1526,1535,1541,1551,1557,1567,1573,1582,1588,1597,1603,1612,1618,1627,1633,1642,1648,1657,1663
qt-restricted-extras/qscintilla6/gen_qscilexerpostscript.go
  s_64fea63fed100b::t_89541d83f93795 39-43,313-317,343-347,373-377,403-407,427-431,458-462,488-492,518-522,557-561,595-599,628-632,658-662,692-696,725-729,754-758,785-789,817-821,851-855,883-887,913-917,946-950,969-973,1006-1010,1040-1044,1072-1076,1106-1110,1140-1144,1172-1176,1202-1206,1229-1233,1259-1263,1289-1293,1319-1323,1351-1355,1383-1387,1415-1419,1451-1455,1492-1496,1529-1533,1561-1565,1595-1599,1625-1629,1655-1659,1685-1689,1715-1719
qt-restricted-extras/qscintilla6/gen_qscilexerpov.cpp
  s_64fea63fed100b::t_8ee2879c9c9c8c 1-2,23,81,85,91,98,102,108,115,119,125,132,136,140,145,149,153,160,164,168,175,179,183,190,194,198,217,221,226,233,237,241,248,252,257,264,268,273,280,284,288,295,299,303,310,314,319,326,330,335,342,346,351,358,362,366,373,377,382,389,393,397,404,408,413,420,424,429,436,440,445,452,456,461,468,472,477,484,488,493,500,504,510,517,521,526,533,537,541,548,552,556,563,567,573,580,584,593,600,604,611,618,622,631,638,642,651,658,662,677,684,688,703,710,714,719,726,730,736,743,747,753,760,764,770,777,781,787,794,798,806,813,817,825,969,975,984,990,999,1005,1014,1020,1025,1031,1040,1046,1055,1061,1070,1076,1101,1107,1116,1122,1131,1137,1146,1152,1161,1167,1176,1182,1191,1197,1206,1212,1221,1227,1236,1242,1251,1257,1266,1272,1281,1287,1292,1298,1307,1313,1322,1328,1337,1343,1352,1358,1367,1373,1382,1388,1397,1403,1412,1418,1427,1433,1442,1448,1457,1463,1472,1478,1487,1493,1502,1508,1518,1524,1534,1540,1549,1555,1564,1570,1579,1585,1594,1600,1609,1615,1624,1630
qt-restricted-extras/qscintilla6/gen_qscilexerpov.go
  s_64fea63fed100b::t_45c28b2f99a21b 40-44,315-319,345-349,375-379,399-403,430-434,460-464,490-494,529-533,567-571,600-604,630-634,664-668,697-701,726-730,757-761,789-793,823-827,855-859,885-889,918-922,941-945,978-982,1012-1016,1044-1048,1078-1082,1112-1116,1144-1148,1174-1178,1201-1205,1231-1235,1261-1265,1291-1295,1323-1327,1355-1359,1387-1391,1423-1427,1464-1468,1501-1505,1533-1537,1567-1571,1597-1601,1627-1631,1657-1661,1687-1691
qt-restricted-extras/qscintilla6/gen_qscilexerproperties.cpp
  s_64fea63fed100b::t_5283cdcf113c81 1-2,23,79,83,89,96,100,104,109,113,117,124,128,132,139,143,147,154,158,162,181,185,190,197,201,205,212,216,221,228,232,237,244,248,252,259,263,267,274,278,283,290,294,299,306,310,315,322,326,330,337,341,346,353,357,361,368,372,377,384,388,393,400,404,409,416,420,425,432,436,441,448,452,457,464,468,474,481,485,490,497,501,505,512,516,520,527,531,537,544,548,557,564,568,575,582,586,595,602,606,615,622,626,641,648,652,667,674,678,683,690,694,700,707,711,717,724,728,734,741,745,751,758,762,770,777,781,789,917,923,932,938,943,949,958,964,973,979,988,994,1019,1025,1034,1040,1049,1055,1064,1070,1079,1085,1094,1100,1109,1115,1124,1130,1139,1145,1154,1160,1169,1175,1184,1190,1199,1205,1210,1216,1225,1231,1240,1246,1255,1261,1270,1276,1285,1291,1300,1306,1315,1321,1330,1336,1345,1351,1360,1366,1375,1381,1390,1396,1405,1411,1420,1426,1436,1442,1452,1458,1467,1473,1482,1488,1497,1503,1512,1518,1527,1533,1542,1548
qt-restricted-extras/qscintilla6/gen_qscilexerproperties.go
  s_64fea63fed100b::t_ce61afc4e9721d 29-33,287-291,311-315,342-346,372-376,402-406,441-445,479-483,512-516,542-546,576-580,609-613,638-642,669-673,701-705,735-739,767-771,797-801,830-834,853-857,890-894,924-928,956-960,990-994,1024-1028,1056-1060,1086-1090,1113-1117,1143-1147,1173-1177,1203-1207,1235-1239,1267-1271,1299-1303,1335-1339,1376-1380,1413-1417,1445-1449,1479-1483,1509-1513,1539-1543,1569-1573,1599-1603
qt-restricted-extras/qscintilla6/gen_qscilexerpython.cpp
  s_64fea63fed100b::t_7634f5605c3d77 1-2,23,81,85,89,96,100,106,113,117,123,130,134,141,148,152,156,161,165,169,176,180,184,191,195,199,206,210,214,233,237,242,249,253,257,264,268,273,280,284,289,296,300,304,311,315,319,326,330,335,342,346,351,358,362,367,374,378,383,390,394,398,405,409,414,421,425,430,437,441,446,453,457,462,469,473,478,485,489,494,501,505,511,518,522,527,534,538,542,549,553,557,564,568,574,581,585,594,601,605,612,619,623,632,639,643,652,659,663,678,685,689,704,711,715,720,727,731,737,744,748,754,761,765,771,778,782,788,795,799,807,814,818,826,1051,1057,1066,1072,1081,1087,1096,1102,1111,1117,1122,1128,1137,1143,1152,1158,1167,1173,1198,1204,1213,1219,1228,1234,1243,1249,1258,1264,1273,1279,1288,1294,1303,1309,1318,1324,1333,1339,1348,1354,1363,1369,1374,1380,1389,1395,1404,1410,1419,1425,1434,1440,1449,1455,1464,1470,1479,1485,1494,1500,1509,1515,1524,1530,1539,1545,1554,1560,1569,1575,1584,1590,1600,1606,1616,1622,1631,1637,1646,1652,1661,1667,1676,1682,1691,1697,1706,1712
qt-restricted-extras/qscintilla6/gen_qscilexerpython.go
  s_64fea63fed100b::t_cb7175aa8aaffc 53-57,402-406,431-435,461-465,491-495,515-519,546-550,576-580,606-610,645-649,683-687,716-720,746-750,780-784,813-817,842-846,873-877,905-909,939-943,972-976,1005-1009,1028-1032,1065-1069,1099-1103,1131-1135,1165-1169,1199-1203,1231-1235,1261-1265,1288-1292,1318-1322,1348-1352,1378-1382,1410-1414,1442-1446,1474-1478,1510-1514,1551-1555,1588-1592,1620-1624,1654-1658,1684-1688,1714-1718,1744-1748,1774-1778
qt-restricted-extras/qscintilla6/gen_qscilexerruby.cpp
  s_64fea63fed100b::t_dc0fd5d0331280 1-2,23,78,82,86,91,95,99,106,110,114,121,125,129,136,140,144,163,167,172,179,183,187,194,198,203,210,214,219,226,230,234,241,245,249,256,260,265,272,276,281,288,292,297,304,308,312,319,323,328,335,339,343,350,354,359,366,370,375,382,386,391,398,402,407,414,418,423,430,434,439,446,450,456,463,467,472,479,483,487,494,498,502,509,513,519,526,530,539,546,550,557,564,568,577,584,588,597,604,608,623,630,634,649,656,660,665,672,676,682,689,693,699,706,710,716,723,727,733,740,744,752,759,763,771,927,933,938,944,953,959,968,974,983,989,1014,1020,1029,1035,1044,1050,1059,1065,1074,1080,1089,1095,1104,1110,1119,1125,1134,1140,1149,1155,1164,1170,1179,1185,1194,1200,1205,1211,1220,1226,1235,1241,1250,1256,1265,1271,1280,1286,1295,1301,1310,1316,1325,1331,1340,1346,1355,1361,1370,1376,1385,1391,1400,1406,1415,1421,1431,1437,1447,1453,1462,1468,1477,1483,1492,1498,1507,1513,1522,1528,1537,1543
qt-restricted-extras/qscintilla6/gen_qscilexerruby.go
  s_64fea63fed100b::t_895a964e36534a 54-58,340-344,371-375,401-405,431-435,470-474,508-512,541-545,571-575,605-609,638-642,667-671,698-702,730-734,764-768,796-800,826-830,859-863,882-886,919-923,953-957,985-989,1019-1023,1053-1057,1085-1089,1115-1119,1142-1146,1172-1176,1202-1206,1232-1236,1264-1268,1296-1300,1328-1332,1364-1368,1405-1409,1442-1446,1474-1478,1508-1512,1538-1542,1568-1572,1598-1602,1628-1632
qt-restricted-extras/qscintilla6/gen_qscilexerspice.cpp
  s_64fea63fed100b::t_e3c8394d6f1cdc 1-2,23,78,82,86,91,95,99,106,110,114,121,125,129,136,140,144,163,167,172,179,183,187,194,198,203,210,214,219,226,230,234,241,245,249,256,260,265,272,276,281,288,292,297,304,308,312,319,323,328,335,339,343,350,354,359,366,370,375,382,386,391,398,402,407,414,418,423,430,434,439,446,450,456,463,467,472,479,483,487,494,498,502,509,513,519,526,530,539,546,550,557,564,568,577,584,588,597,604,608,623,630,634,649,656,660,665,672,676,682,689,693,699,706,710,716,723,727,733,740,744,752,759,763,771,873,879,884,890,899,905,914,920,929,935,960,966,975,981,990,996,1005,1011,1020,1026,1035,1041,1050,1056,1065,1071,1080,1086,1095,1101,1110,1116,1125,1131,1140,1146,1151,1157,1166,1172,1181,1187,1196,1202,1211,1217,1226,1232,1241,1247,1256,1262,1271,1277,1286,1292,1301,1307,1316,1322,1331,1337,1346,1352,1361,1367,1377,1383,1393,1399,1408,1414,1423,1429,1438,1444,1453,1459,1468,1474,1483,1489
qt-restricted-extras/qscintilla6/gen_qscilexerspice.go
  s_64fea63fed100b::t_e2de355d4ac366 32-36,222-226,253-257,283-287,313-317,352-356,390-394,423-427,453-457,487-491,520-524,549-553,580-584,612-616,646-650,678-682,708-712,741-745,764-768,801-805,835-839,867-871,901-905,935-939,967-971,997-1001,1024-1028,1054-1058,1084-1088,1114-1118,1146-1150,1178-1182,1210-1214,1246-1250,1287-1291,1324-1328,1356-1360,1390-1394,1420-1424,1450-1454,1480-1484,1510-1514
qt-restricted-extras/qscintilla6/gen_qscilexersql.cpp
  s_64fea63fed100b::t_0788fc917011b8 1-2,23,81,85,91,98,102,108,115,119,125,132,136,140,145,149,153,160,164,168,175,179,183,190,194,198,217,221,226,233,237,241,248,252,257,264,268,273,280,284,288,295,299,303,310,314,319,326,330,335,342,346,351,358,362,366,373,377,382,389,393,397,404,408,413,420,424,429,436,440,445,452,456,461,468,472,477,484,488,493,500,504,510,517,521,526,533,537,541,548,552,556,563,567,573,580,584,593,600,604,611,618,622,631,638,642,651,658,662,677,684,688,703,710,714,719,726,730,736,743,747,753,760,764,770,777,781,787,794,798,806,813,817,825,1005,1011,1020,1026,1035,1041,1050,1056,1061,1067,1076,1082,1091,1097,1106,1112,1137,1143,1152,1158,1167,1173,1182,1188,1197,1203,1212,1218,1227,1233,1242,1248,1257,1263,1272,1278,1287,1293,1302,1308,1317,1323,1328,1334,1343,1349,1358,1364,1373,1379,1388,1394,1403,1409,1418,1424,1433,1439,1448,1454,1463,1469,1478,1484,1493,1499,1508,1514,1523,1529,1538,1544,1554,1560,1570,1576,1585,1591,1600,1606,1615,1621,1630,1636,1645,1651,1660,1666
qt-restricted-extras/qscintilla6/gen_qscilexersql.go
  s_64fea63fed100b::t_95a67e1e4730da 45-49,355-359,385-389,415-419,439-443,470-474,500-504,530-534,569-573,607-611,640-644,670-674,704-708,737-741,766-770,797-801,829-833,863-867,895-899,925-929,958-962,981-985,1018-1022,1052-1056,1084-1088,1118-1122,1152-1156,1184-1188,1214-1218,1241-1245,1271-1275,1301-1305,1331-1335,1363-1367,1395-1399,1427-1431,1463-1467,1504-1508,1541-1545,1573-1577,1607-1611,1637-1641,1667-1671,1697-1701,1727-1731
qt-restricted-extras/qscintilla6/gen_qscilexertcl.cpp
  s_64fea63fed100b::t_a0c075f3cfc72d 1-2,23,78,82,86,91,95,99,106,110,114,121,125,129,136,140,144,163,167,172,179,183,187,194,198,203,210,214,219,226,230,234,241,245,249,256,260,265,272,276,281,288,292,297,304,308,312,319,323,328,335,339,343,350,354,359,366,370,375,382,386,391,398,402,407,414,418,423,430,434,439,446,450,456,463,467,472,479,483,487,494,498,502,509,513,519,526,530,539,546,550,557,564,568,577,584,588,597,604,608,623,630,634,649,656,660,665,672,676,682,689,693,699,706,710,716,723,727,733,740,744,752,759,763,771,895,901,906,912,921,927,936,942,951,957,982,988,997,1003,1012,1018,1027,1033,1042,1048,1057,1063,1072,1078,1087,1093,1102,1108,1117,1123,1132,1138,1147,1153,1162,1168,1173,1179,1188,1194,1203,1209,1218,1224,1233,1239,1248,1254,1263,1269,1278,1284,1293,1299,1308,1314,1323,1329,1338,1344,1353,1359,1368,1374,1383,1389,1399,1405,1415,1421,1430,1436,1445,1451,1460,1466,1475,1481,1490,1496,1505,1511
qt-restricted-extras/qscintilla6/gen_qscilexertcl.go
  s_64fea63fed100b::t_51f2f7413d52f1 45-49,293-297,324-328,354-358,384-388,423-427,461-465,494-498,524-528,558-562,591-595,620-624,651-655,683-687,717-721,749-753,779-783,812-816,835-839,872-876,906-910,938-942,972-976,1006-1010,1038-1042,1068-1072,1095-1099,1125-1129,1155-1159,1185-1189,1217-1221,1249-1253,1281-1285,1317-1321,1358-1362,1395-1399,1427-1431,1461-1465,1491-1495,1521-1525,1551-1555,1581-1585
qt-restricted-extras/qscintilla6/gen_qscilexertex.cpp
  s_64fea63fed100b::t_6d21fd9f9666df 1-2,23,78,82,86,91,95,99,106,110,114,121,125,129,136,140,144,163,167,172,179,183,187,194,198,203,210,214,219,226,230,234,241,245,249,256,260,265,272,276,281,288,292,297,304,308,312,319,323,328,335,339,343,350,354,359,366,370,375,382,386,391,398,402,407,414,418,423,430,434,439,446,450,456,463,467,472,479,483,487,494,498,502,509,513,519,526,530,539,546,550,557,564,568,577,584,588,597,604,608,623,630,634,649,656,660,665,672,676,682,689,693,699,706,710,716,723,727,733,740,744,752,759,763,771,907,913,918,924,933,939,948,954,963,969,994,1000,1009,1015,1024,1030,1039,1045,1054,1060,1069,1075,1084,1090,1099,1105,1114,1120,1129,1135,1144,1150,1159,1165,1174,1180,1185,1191,1200,1206,1215,1221,1230,1236,1245,1251,1260,1266,1275,1281,1290,1296,1305,1311,1320,1326,1335,1341,1350,1356,1365,1371,1380,1386,1395,1401,1411,1417,1427,1433,1442,1448,1457,1463,1472,1478,1487,1493,1502,1508,1517,1523
qt-restricted-extras/qscintilla6/gen_qscilexertex.go
  s_64fea63fed100b::t_e4abb14ab1ac8d 29-33,286-290,317-321,347-351,377-381,416-420,454-458,487-491,517-521,551-555,584-588,613-617,644-648,676-680,710-714,742-746,772-776,805-809,828-832,865-869,899-903,931-935,965-969,999-1003,1031-1035,1061-1065,1088-1092,1118-1122,1148-1152,1178-1182,1210-1214,1242-1246,1274-1278,1310-1314,1351-1355,1388-1392,1420-1424,1454-1458,1484-1488,1514-1518,1544-1548,1574-1578
qt-restricted-extras/qscintilla6/gen_qscilexerverilog.cpp
  s_64fea63fed100b::t_6d527fae240f1e 1-2,23,78,82,86,91,95,99,106,110,114,121,125,129,136,140,144,163,167,172,179,183,187,194,198,203,210,214,219,226,230,234,241,245,249,256,260,265,272,276,281,288,292,297,304,308,312,319,323,328,335,339,343,350,354,359,366,370,375,382,386,391,398,402,407,414,418,423,430,434,439,446,450,456,463,467,472,479,483,487,494,498,502,509,513,519,526,530,539,546,550,557,564,568,577,584,588,597,604,608,623,630,634,649,656,660,665,672,676,682,689,693,699,706,710,716,723,727,733,740,744,752,759,763,771,931,937,942,948,957,963,972,978,987,993,1018,1024,1033,1039,1048,1054,1063,1069,1078,1084,1093,1099,1108,1114,1123,1129,1138,1144,1153,1159,1168,1174,1183,1189,1198,1204,1209,1215,1224,1230,1239,1245,1254,1260,1269,1275,1284,1290,1299,1305,1314,1320,1329,1335,1344,1350,1359,1365,1374,1380,1389,1395,1404,1410,1419,1425,1435,1441,1451,1457,1466,1472,1481,1487,1496,1502,1511,1517,1526,1532,1541,1547
qt-restricted-extras/qscintilla6/gen_qscilexerverilog.go
  s_64fea63fed100b::t_c16f20b4190d01 61-65,346-350,377-381,407-411,437-441,476-480,514-518,547-551,577-581,611-615,644-648,673-677,704-708,736-740,770-774,802-806,832-836,865-869,888-892,925-929,959-963,991-995,1025-1029,1059-1063,1091-1095,1121-1125,1148-1152,1178-1182,1208-1212,1238-1242,1270-1274,1302-1306,1334-1338,1370-1374,1411-1415,1448-1452,1480-1484,1514-1518,1544-1548,1574-1578,1604-1608,1634-1638
qt-restricted-extras/qscintilla6/gen_qscilexervhdl.cpp
  s_64fea63fed100b::t_1c32c1b8fec46f 1-2,23,83,87,93,100,104,110,117,121,127,134,138,144,151,155,161,168,172,176,181,185,189,196,200,204,211,215,219,226,230,234,253,257,262,269,273,277,284,288,293,300,304,309,316,320,324,331,335,339,346,350,355,362,366,371,378,382,387,394,398,402,409,413,418,425,429,433,440,444,449,456,460,465,472,476,481,488,492,497,504,508,513,520,524,529,536,540,546,553,557,562,569,573,577,584,588,592,599,603,609,616,620,629,636,640,647,654,658,667,674,678,687,694,698,713,720,724,739,746,750,755,762,766,772,779,783,789,796,800,806,813,817,823,830,834,842,849,853,861,1017,1023,1032,1038,1047,1053,1062,1068,1077,1083,1092,1098,1103,1109,1118,1124,1133,1139,1148,1154,1179,1185,1194,1200,1209,1215,1224,1230,1239,1245,1254,1260,1269,1275,1284,1290,1299,1305,1314,1320,1329,1335,1344,1350,1359,1365,1370,1376,1385,1391,1400,1406,1415,1421,1430,1436,1445,1451,1460,1466,1475,1481,1490,1496,1505,1511,1520,1526,1535,1541,1550,1556,1565,1571,1580,1586,1596,1602,1612,1618,1627,1633,1642,1648,1657,1663,1672,1678,1687,1693,1702,1708
qt-restricted-extras/qscintilla6/gen_qscilexervhdl.go
  s_64fea63fed100b::t_f571959cf7a793 39-43,325-329,355-359,385-389,415-419,445-449,469-473,500-504,530-534,560-564,599-603,637-641,670-674,700-704,734-738,767-771,796-800,827-831,859-863,893-897,925-929,955-959,988-992,1011-1015,1048-1052,1082-1086,1114-1118,1148-1152,1182-1186,1214-1218,1244-1248,1271-1275,1301-1305,1331-1335,1361-1365,1393-1397,1425-1429,1457-1461,1493-1497,1534-1538,1571-1575,1603-1607,1637-1641,1667-1671,1697-1701,1727-1731,1757-1761
qt-restricted-extras/qscintilla6/gen_qscilexerxml.cpp
  s_64fea63fed100b::t_c7bde738547503 1-2,23,81,85,91,98,102,108,115,119,125,132,136,140,145,149,153,160,164,168,175,179,183,190,194,198,217,221,226,233,237,241,248,252,257,264,268,273,280,284,288,295,299,303,310,314,319,326,330,335,342,346,351,358,362,366,373,377,382,389,393,397,404,408,413,420,424,429,436,440,445,452,456,461,468,472,477,484,488,493,500,504,510,517,521,526,533,537,541,548,552,556,563,567,573,580,584,593,600,604,611,618,622,631,638,642,651,658,662,677,684,688,703,710,714,719,726,730,736,743,747,753,760,764,770,777,781,787,794,798,806,813,817,825,934,940,949,955,964,970,979,985,990,996,1005,1011,1020,1026,1035,1041,1066,1072,1081,1087,1096,1102,1111,1117,1126,1132,1141,1147,1156,1162,1171,1177,1186,1192,1201,1207,1216,1222,1231,1237,1246,1252,1257,1263,1272,1278,1287,1293,1302,1308,1317,1323,1332,1338,1347,1353,1362,1368,1377,1383,1392,1398,1407,1413,1422,1428,1437,1443,1452,1458,1467,1473,1483,1489,1499,1505,1514,1520,1529,1535,1544,1550,1559,1565,1574,1580,1589,1595
qt-restricted-extras/qscintilla6/gen_qscilexerxml.go
  s_64fea63fed100b::t_f4a583be801288 18-22,261-265,291-295,321-325,345-349,376-380,406-410,436-440,475-479,513-517,546-550,576-580,610-614,643-647,672-676,703-707,735-739,769-773,801-805,831-835,864-868,887-891,924-928,958-962,990-994,1024-1028,1058-1062,1090-1094,1120-1124,1147-1151,1177-1181,1207-1211,1237-1241,1269-1273,1301-1305,1333-1337,1369-1373,1410-1414,1447-1451,1479-1483,1513-1517,1543-1547,1573-1577,1603-1607,1633-1637
qt-restricted-extras/qscintilla6/gen_qscilexeryaml.cpp
  s_64fea63fed100b::t_312fdde92b5914 1-2,23,79,83,89,96,100,104,109,113,117,124,128,132,139,143,147,154,158,162,181,185,190,197,201,205,212,216,221,228,232,237,244,248,252,259,263,267,274,278,283,290,294,299,306,310,315,322,326,330,337,341,346,353,357,361,368,372,377,384,388,393,400,404,409,416,420,425,432,436,441,448,452,457,464,468,474,481,485,490,497,501,505,512,516,520,527,531,537,544,548,557,564,568,575,582,586,595,602,606,615,622,626,641,648,652,667,674,678,683,690,694,700,707,711,717,724,728,734,741,745,751,758,762,770,777,781,789,909,915,924,930,935,941,950,956,965,971,980,986,1011,1017,1026,1032,1041,1047,1056,1062,1071,1077,1086,1092,1101,1107,1116,1122,1131,1137,1146,1152,1161,1167,1176,1182,1191,1197,1202,1208,1217,1223,1232,1238,1247,1253,1262,1268,1277,1283,1292,1298,1307,1313,1322,1328,1337,1343,1352,1358,1367,1373,1382,1388,1397,1403,1412,1418,1428,1434,1444,1450,1459,1465,1474,1480,1489,1495,1504,1510,1519,1525,1534,1540
qt-restricted-extras/qscintilla6/gen_qscilexeryaml.go
  s_64fea63fed100b::t_80e5bc44a6b1f2 33-37,283-287,307-311,338-342,368-372,398-402,437-441,475-479,508-512,538-542,572-576,605-609,634-638,665-669,697-701,731-735,763-767,793-797,826-830,849-853,886-890,920-924,952-956,986-990,1020-1024,1052-1056,1082-1086,1109-1113,1139-1143,1169-1173,1199-1203,1231-1235,1263-1267,1295-1299,1331-1335,1372-1376,1409-1413,1441-1445,1475-1479,1505-1509,1535-1539,1565-1569,1595-1599
qt-restricted-extras/qscintilla6/gen_qscimacro.cpp
  s_64fea63fed100b::t_9b4a8bf1c3dcac 1-2,19,43,47,52,59,63,68,75,79,84,91,95,100,107,111,117,124,128,134,141,145,151,158,162,168,175,179,187,194,198,206,306,312,321,327,336,342,351,357,366,372,381,387,396,402,411,417,426,432,441,447
qt-restricted-extras/qscintilla6/gen_qscimacro.go
  s_64fea63fed100b::t_66196ffbcfe29d 18-22,211-215,238-242,265-269,292-296,324-328,358-362,388-392,418-422,448-452,478-482
qt-restricted-extras/qscintilla6/gen_qsciprinter.cpp
  s_64fea63fed100b::t_885473569ae9ad 1-2,22,53,57,70,77,81,87,94,98,108,115,119,126,133,137,144,151,155,159,166,170,174,181,185,189,196,200,206,213,217,224,231,235,242,249,253,259,266,270,279,286,290,298,305,309,315,322,326,331,338,342,346,398,404,413,419,428,434,443,449,458,464,473,479,488,494,503,509,518,524,533,539,548,554,563,569,578,584,593,599,608,614,623,629,638,644
qt-restricted-extras/qscintilla6/gen_qsciprinter.go
  s_64fea63fed100b::t_b8c9a7a07c14b3 19-23,118-122,154-158,184-188,222-226,258-262,288-292,317-321,346-350,375-379,407-411,439-443,471-475,503-507,537-541,567-571,597-601,629-633
qt-restricted-extras/qscintilla6/gen_qsciscintilla.cpp
  s_64fea63fed100b::t_55c89b8f08e2cb 1-2,58,222,226,233,252,256,278,285,289,308,315,319,323,330,334,341,348,352,365,372,376,389,396,400,405,412,416,421,428,432,437,444,448,453,460,464,469,476,480,485,492,496,501,508,512,517,524,528,534,541,545,551,558,562,568,575,579,585,592,596,609,616,620,635,642,646,651,658,662,667,674,678,683,690,694,699,706,710,723,730,734,739,746,750,755,762,766,772,779,783,788,795,799,805,812,816,822,829,833,839,846,850,857,864,868,874,881,885,892,899,903,909,916,920,927,934,938,944,951,955,963,970,974,982,989,993,999,1006,1010,1016,1023,1027,1033,1040,1044,1052,1059,1063,1070,1077,1081,1088,1095,1099,1105,1112,1116,1124,1131,1135,1142,1149,1153,1159,1166,1170,1178,1185,1189,1197,1204,1208,1214,1221,1225,1231,1238,1242,1248,1255,1259,1267,1274,1278,1286,1293,1297,1305,1312,1316,1323,1330,1334,1341,1348,1352,1359,1366,1370,1377,1384,1388,1402,1409,1413,1419,1426,1430,1438,1445,1449,1455,1462,1466,1475,1482,1486,1494,1501,1505,1513,1520,1524,1530,1537,1541,1547,1554,1558,1571,1578,1582,1588,1595,1599,1606,1613,1617,1624,1631,1635,1640,1647,1651,1657,1664,1668,1674,1681,1685,1690,1697,1701,1707,1714,1718,1723,1730,1734,1740,1747,1751,1756,1763,1767,1773,1780,1784,1790,1797,1801,1807,1814,1818,1823,1830,1834,1840,1849,1853,1864,1871,1875,1881,1888,1892,1898,1905,1909,1915,1922,1926,1932,1939,1943,1949,1956,1960,1966,1973,1977,1982,1989,1993,1999,2006,2010,2016,2023,2027,2033,2040,2044,2050,2057,2061,2067,2074,2078,2084,2091,2095,2101,2108,2112,2118,2125,2129,2135,2142,2146,2153,2160,2164,2168,2175,2179,2183,2190,2194,2200,2207,2211,2217,2224,2228,2233,2240,2244,2248,2255,2259,2265,2272,2276,2280,2287,2291,2297,2304,2308,2313,2320,2324,2328,2335,2339,2343,2350,2354,2360,2367,2371,2377,2384,2388,2394,2401,2405,2411,2418,2422,2428,2435,2439,2445,2452,2456,2462,2469,2473,2479,2486,2490,2496,2503,2507,2520,2527,2531,2537,2544,2548,2554,2561,2565,2570,2577,2581,2585,2592,2596,2602,2609,2613,2619,2626,2630,2636,2643,2647,2655,2662,2666,2674,3896-3899,3903,3910-3913,3916,3923-3926,3932,3939-3942,3948,3955-3958,3960,3967-3970,3976,3983-3986,3992,3999-4002,4004,4011-4014,4017,4024-4027,4029,4036-4039,4041,4049-4052,4063,4161,4167,4192,4198,4208,4214,4224,4230,4239,4245,4254,4260,4270,4276,4286,4292,4301,4307,4316,4322,4331,4337,4346,4352,4361,4367,4376,4382,4391,4397,4406,4412,4421,4427,4436,4442,4451,4457,4466,4472,4482,4488,4498,4504,4513,4519,4528,4534,4543,4549,4558,4564,4574,4580,4589,4595,4604,4610,4619,4625,4634,4640,4649,4655,4664,4670,4679,4685,4694,4700,4709,4715,4724,4730,4739,4745,4754,4760,4769,4775,4784,4790,4799,4805,4814,4820,4829,4835,4844,4850,4859,4865,4874,4880,4889,4895,4904,4910,4919,4925,4934,4940,4949,4955,4964,4970,4979,4985,4994,5000,5009,5015,5024,5030,5039,5045,5054,5060,5069,5075,5084,5090,5099,5105,5114,5120,5129,5135,5145,5151,5160,5166,5175,5181,5190,5196,5205,5211,5220,5226,5235,5241,5250,5256,5265,5271,5281,5287,5296,5302,5311,5317,5326,5332,5341,5347,5356,5362,5371,5377,5386,5392,5401,5407,5416,5422,5431,5437,5446,5452,5461,5467,5476,5482,5491,5497,5506,5512,5526,5532,5542,5548,5557,5563,5572,5578,5587,5593,5602,5608,5617,5623,5632,5638,5647,5653,5662,5668,5677,5683,5692,5698,5707,5713,5722,5728,5737,5743,5752,5758,5767,5773,5782,5788,5797,5803,5812,5818,5827,5833,5842,5848,5857,5863,5872,5878,5887,5893,5902,5908,5917,5923,5932,5938,5947,5953,5962,5968,5977,5983,5992,5998,6007,6013,6022,6028,6037,6043,6052,6058,6067,6073,6082,6088,6097,6103,6112,6118,6128,6134,6143,6149,6158,6164,6173,6179,6188,6194,6203,6209,6218,6224,6233,6239,6248,6254
qt-restricted-extras/qscintilla6/gen_qsciscintilla.go
  s_64fea63fed100b::t_1eea052f232de7 222-226,1463-1466,1487-1490,1509-1512,1535-1538,1561-1564,1580-1583,1606-1609,1632-1635,1651-1654,1673-1676,1692-1695,1715-1718,2074-2078,2122-2126,2180-2184,2228-2232,2257-2261,2293-2297,2330-2334,2363-2367,2390-2394,2417-2421,2444-2448,2471-2475,2498-2502,2525-2529,2552-2556,2579-2583,2609-2613,2639-2643,2669-2673,2703-2707,2740-2744,2776-2780,2803-2807,2830-2834,2857-2861,2888-2892,2921-2925,2948-2952,2975-2979,3005-3009,3032-3036,3062-3066,3092-3096,3122-3126,3152-3156,3182-3186,3212-3216,3242-3246,3272-3276,3302-3306,3332-3336,3362-3366,3392-3396,3422-3426,3452-3456,3482-3486,3514-3518,3544-3548,3574-3578,3606-3610,3638-3642,3668-3672,3698-3702,3728-3732,3758-3762,3788-3792,3818-3822,3848-3852,3878-3882,3908-3912,3940-3944,3972-3976,4004-4008,4040-4044,4075-4079,4105-4109,4135-4139,4165-4169,4201-4205,4231-4235,4261-4265,4291-4295,4325-4329,4358-4362,4388-4392,4418-4422,4448-4452,4475-4479,4505-4509,4535-4539,4562-4566,4592-4596,4619-4623,4649-4653,4681-4685,4711-4715,4741-4745,4771-4775,4805-4809,4853-4857,4889-4893,4919-4923,4949-4953,4979-4983,5009-5013,5039-5043,5069-5073,5101-5105,5131-5135,5163-5167,5195-5199,5225-5229,5255-5259,5285-5289,5315-5319,5345-5349,5375-5379,5409-5413,5440-5444,5469-5473,5499-5503,5533-5537,5567-5571,5596-5600,5626-5630,5655-5659,5685-5689,5717-5721,5746-5750,5775-5779,5805-5809,5835-5839,5865-5869,5895-5899,5925-5929,5955-5959,5985-5989,6015-6019,6052-6056,6090-6094,6122-6126,6152-6156,6184-6188,6213-6217,6243-6247,6273-6277,6303-6307,6333-6337
qt-restricted-extras/qscintilla6/gen_qsciscintilla.h
  s_64fea63fed100b::t_59a97751d736fd 387,389,391,393,395,397,399,401,403,405,407,409
qt-restricted-extras/qscintilla6/gen_qsciscintillabase.cpp
  s_64fea63fed100b::t_e8d4c82a76eefb 1-2,57,162,166,171,178,182,188,197,201,212,219,223,229,236,240,246,253,257,263,270,274,280,287,291,297,304,308,314,321,325,331,338,342,348,355,359,364,371,375,381,388,392,398,405,409,415,422,426,432,439,443,449,456,460,466,473,477,483,490,494,500,507,511,517,524,528,535,542,546,550,557,561,565,572,576,582,589,593,599,606,610,615,622,626,631,638,642,648,655,659,663,670,674,680,687,691,695,702,706,712,719,723,728,735,739,743,750,754,758,765,769,775,782,786,792,799,803,809,816,820,826,833,837,843,850,854,860,867,871,877,884,888,894,901,905,911,918,922,935,942,946,952,959,963,969,976,980,985,992,996,1000,1007,1011,1017,1024,1028,1034,1041,1045,1051,1058,1062,1070,1077,1081,1089,1221-1224,1227,1234-1237,1239,1246-1249,1251,1258-1261,1267,1274-1277,1283,1290-1293,1297,1304-1307,1312,1319-1322,1324,1331-1334,1337,1344-1347,1350,1357-1360,1365,1372-1375,1380,1387-1390,1395,1402-1405,1407,1414-1417,1419,1426-1429,1433,1440-1443,1447,1454-1457,1461,1468-1471,1475,1482-1485,1489,1496-1499,1504,1511-1514,1519,1526-1529,1534,1541-1544,1556,1563-1566,1568,1575-1578,1582,1589-1592,1594,1601-1604,1606,1613-1616,1618,1625-1628,1631,1638-1641,1646,1653-1656,1659,1666-1669,1676,1683-1686,1692,1699-1702,1706,1713-1716,1718,1752,1758,1767,1773,1787,1793,1803,1809,1818,1824,1833,1839,1848,1854,1863,1869,1878,1884,1893,1899,1908,1914,1923,1929,1938,1944,1953,1959,1968,1974,1983,1989,1998,2004,2013,2019,2028,2034,2043,2049,2058,2064,2073,2079,2088,2094,2103,2109,2118,2124,2133,2139,2148,2154,2163,2169,2178,2184,2193,2199,2208,2214,2223,2229,2238,2244,2253,2259,2268,2274,2283,2289,2298,2304,2313,2319,2328,2334,2343,2349,2358,2364,2373,2379,2388,2394,2403,2409,2418,2424,2433,2439,2449,2455,2464,2470,2479,2485,2494,2500,2509,2515,2524,2530,2539,2545,2554,2560,2569,2575
qt-restricted-extras/qscintilla6/gen_qsciscintillabase.go
  s_64fea63fed100b::t_969209a1730a9e 1189-1193,1346-1349,1368-1371,1387-1390,1408-1411,1439-1442,1470-1473,1497-1500,1524-1527,1543-1546,1565-1568,1587-1590,1613-1616,1639-1642,1665-1668,1684-1687,1703-1706,1727-1730,1751-1754,1775-1778,1799-1802,1823-1826,1849-1852,1875-1878,1903-1906,1944-1947,1963-1966,1987-1990,2006-2009,2025-2028,2044-2047,2066-2069,2088-2091,2112-2115,2145-2148,2176-2179,2201-2204,2479-2483,2513-2517,2561-2565,2597-2601,2627-2631,2657-2661,2687-2691,2717-2721,2747-2751,2777-2781,2807-2811,2837-2841,2869-2873,2899-2903,2931-2935,2963-2967,2993-2997,3023-3027,3053-3057,3083-3087,3113-3117,3143-3147,3177-3181,3208-3212,3237-3241,3267-3271,3301-3305,3333-3337,3365-3369,3397-3401,3426-3430,3456-3460,3485-3489,3515-3519,3547-3551,3576-3580,3605-3609,3635-3639,3665-3669,3695-3699,3725-3729,3755-3759,3785-3789,3815-3819,3845-3849,3882-3886,3920-3924,3952-3956,3982-3986,4014-4018,4043-4047,4073-4077,4103-4107,4133-4137,4163-4167
qt-restricted-extras/qscintilla6/gen_qsciscintillabase.h
  s_64fea63fed100b::t_30dc0644a43d0e 134,136,138,140,142,144,146,148,150,152,154,156,158,160,162,164,166,168,170,172,174,176,178,180,182,184,186,188,190,192,194,196,198,200,202,204
qt/designer/gen_abstractactioneditor.cpp
  s_64fea63fed100b::t_1f1f2e2848eb34 1-2,49,114,118,122,129,133,138,143,147,152,157,161,166,171,175,179,186,190,196,203,207,211,218,222,226,233,237,242,249,253,257,264,268,272,279,283,288,295,299,305,312,316,322,329,333,339,346,350,356,363,367,373,380,384,390,397,401,407,414,418,424,431,435,441,448,452,458,465,469,475,482,486,492,499,503,509,516,520,526,533,537,543,550,554,560,567,571,577,584,588,594,601,605,611,618,622,628,635,639,645,652,656,662,669,673,679,686,690,696,703,707,719,726,730,736,743,747,753,760,764,770,777,781,786,793,797,801,808,812,818,825,829,835,842,846,851,858,862,868,875,879,885,892,896,902,909,913,919,926,930,938,945,949,957,1078,1084,1093,1099,1104,1110,1115,1121,1126,1132,1141,1147,1156,1162,1171,1177,1186,1192,1201,1207,1216,1222,1231,1237,1246,1252,1261,1267,1276,1282,1291,1297,1306,1312,1321,1327,1336,1342,1351,1357,1366,1372,1381,1387,1396,1402,1411,1417,1426,1432,1441,1447,1456,1462,1471,1477,1486,1492,1501,1507,1516,1522,1531,1537,1546,1552,1561,1567,1576,1582,1591,1597,1606,1612,1622,1628,1637,1643,1652,1658,1667,1673,1682,1688,1697,1703,1712,1718,1727,1733,1742,1748,1757,1763,1772,1778,1787,1793,1802,1808,1817,1823
qt/designer/gen_abstractactioneditor.go
  s_64fea63fed100b::t_ebb76c82c7f196 18-22,287-291,310-314,334-338,358-362,388-392,417-421,449-453,480-484,509-513,541-545,570-574,599-603,631-635,661-665,691-695,721-725,751-755,781-785,811-815,841-845,871-875,901-905,931-935,961-965,991-995,1021-1025,1051-1055,1081-1085,1111-1115,1141-1145,1171-1175,1201-1205,1231-1235,1261-1265,1291-1295,1321-1325,1358-1362,1396-1400,1426-1430,1458-1462,1488-1492,1520-1524,1549-1553,1581-1585,1613-1617,1645-1649,1679-1683,1709-1713,1739-1743,1769-1773,1799-1803
qt/designer/gen_abstractformbuilder.cpp
  s_64fea63fed100b::t_713b13449f72f1 1-2,25,46,50,56,63,67,74,81,85,91,98,102,123,130,134,155,162,166,179,186,190,203,210,214,227,272,278,287,293,302,308,317,323,334,340,351,357,367,373,383,389
qt/designer/gen_abstractformbuilder.go
  s_64fea63fed100b::t_8c567f37b76120 18-22,184-188,218-222,250-254,288-292,337-341,382-386,423-427,464-468
qt/designer/gen_abstractformeditor.cpp
  s_64fea63fed100b::t_e45a7463a6473d 1-2,36,57,61,66,73,77,83,90,94,100,107,111,117,124,128,134,141,145,153,160,164,172,410,416,425,431,440,446,455,461,470,476,485,491,500,506
qt/designer/gen_abstractformeditor.go
  s_64fea63fed100b::t_ea9da41009e84a 18-22,406-410,438-442,472-476,502-506,532-536,562-566,592-596
qt/designer/gen_abstractformwindow.cpp
  s_64fea63fed100b::t_3fee9903644821 1-2,26,450-453,456,463-466,469,477-480,490,497-500,504,511-514,516,523-526,528,535-538,540,547-550,553,560-563,566,573-576,579,586-589,592,599-602,604,611-614,617,624-627,630
qt/designer/gen_abstractformwindow.go
  s_64fea63fed100b::t_ae19fa15e83f0f 35-39,463-466,485-488,511-514,536-539,558-561,577-580,596-599,615-618,637-640,659-662,681-684,703-706,722-725,744-747
qt/designer/gen_abstractformwindow.h
  s_64fea63fed100b::t_c3810c8b8b7c42 108,110,112,114,116,118,120,122,124,126,128,130,132,134
qt/designer/gen_abstractformwindowmanager.cpp
  s_64fea63fed100b::t_c054548dcb141e 1-2,28,68,72,78,83,87,93,98,102,106,111,115,119,124,128,133,138,142,149,154,158,162,167,171,185,190,194,198,203,207,212,217,221,226,231,235,240,245,249,253,258,262,266,271,275,279,284,288,293,300,304,310,317,321,327,334,338,344,351,355,361,368,372,380,387,391,399,572-575,578,585-588,591,598-601,604,611-614,617,689,695,700,706,711,717,722,728,733,739,744,750,755,761,766,772,777,783,788,794,799,805,810,816,821,827,832,838,843,849,854,860,869,875,884,890,899,905,914,920,929,935,944,950
qt/designer/gen_abstractformwindowmanager.go
  s_64fea63fed100b::t_969f5847aa6753 49-53,249-252,271-274,293-296,315-318,460-464,486-490,512-516,535-539,558-562,584-588,612-616,635-639,665-669,688-692,712-716,736-740,760-764,781-785,802-806,829-833,861-865,895-899,925-929,955-959,985-989,1015-1019
qt/designer/gen_abstractformwindowmanager.h
  s_64fea63fed100b::t_6f8feb0cf50d12 84,86,88,90
qt/designer/gen_abstractformwindowtool.cpp
  s_64fea63fed100b::t_914b935ace23fa 1-2,24,52,56,60,65,69,73,78,82,86,91,95,99,104,108,112,117,121,125,130,134,141,146,150,155,162,166,172,179,183,189,196,200,206,213,217,223,230,234,242,249,253,261,389,395,400,406,411,417,422,428,433,439,444,450,455,461,466,472,481,487,496,502,511,517,526,532,541,547,556,562
qt/designer/gen_abstractformwindowtool.go
  s_64fea63fed100b::t_4912050c2bcf89 18-22,229-233,252-256,275-279,298-302,321-325,342-346,363-367,399-403,431-435,465-469,495-499,525-529,555-559,585-589
qt/designer/gen_abstractintegration.cpp
  s_64fea63fed100b::t_b4b5d9c931df37 1-2,27,60,101,105,110,115,119,124,129,133,137,144,148,160,165,169,173,178,182,187,192,196,200,205,209,213,218,222,228,233,237,241,248,252,258,263,267,283,288,292,307,312,316,328,333,337,352,357,361,373,378,382,387,392,396,401,406,410,414,419,423,427,432,436,441,448,452,458,465,469,475,482,486,492,499,503,509,516,520,528,535,539,547,702-705,719,728-731,751,760-763,781,797-800,835,843-846,856,949,955,960,966,971,977,982,988,993,999,1004,1010,1015,1021,1026,1032,1037,1043,1048,1054,1059,1065,1070,1076,1081,1087,1092,1098,1103,1109,1114,1120,1125,1131,1136,1142,1147,1153,1158,1164,1169,1175,1184,1190,1199,1205,1214,1220,1229,1235,1244,1250,1259,1265,1330,1334,1338,1347,1351,1364,1371,1375,1379,1386,1390,1396,1403,1407,1411,1418,1422,1429,1436,1440,1444,1451,1455,1462,1469,1473,1478,1485,1489,1494,1501,1505,1509,1518,1522,1539,1546,1550,1566,1573,1577,1590,1597,1601,1617,1624,1628,1641,1648,1652,1658,1665,1669,1675,1682,1686,1691,1698,1702,1707,1714,1718,1723,1730,1734,1740,1747,1751,1757,1764,1768,1774,1781,1785,1791,1798,1802,1810,1817,1821,1829,2035,2041,2057,2063,2073,2079,2088,2094,2103,2109,2119,2125,2134,2140,2150,2156,2165,2171,2180,2186,2195,2201,2217,2223,2233,2239,2249,2255,2265,2271,2281,2287,2297,2303,2312,2318,2327,2333,2342,2348,2357,2363,2372,2378,2387,2393,2402,2408,2417,2423,2432,2438,2447,2453
qt/designer/gen_abstractintegration.go
  s_64fea63fed100b::t_d0fbf915c2a1cf 35-39,235-238,271-274,312-315,359-362,402-405,586-590,612-616,638-642,664-668,691-695,714-718,738-742,761-765,784-788,808-812,834-838,858-862,888-892,916-920,943-947,971-975,998-1002,1022-1026,1046-1050,1067-1071,1094-1098,1126-1130,1160-1164,1190-1194,1220-1224,1250-1254,1280-1284,1318-1322,1623-1627,1659-1663,1692-1696,1721-1725,1751-1755,1780-1784,1810-1814,1839-1843,1869-1873,1901-1905,1935-1939,1971-1975,2011-2015,2049-2053,2086-2090,2124-2128,2157-2161,2187-2191,2217-2221,2244-2248,2271-2275,2303-2307,2337-2341,2367-2371,2397-2401,2427-2431,2457-2461
qt/designer/gen_abstractintegration.h
  s_64fea63fed100b::t_14211f0302f909 71,73,75,77,79
qt/designer/gen_abstractmetadatabase.cpp
  s_64fea63fed100b::t_a49a144fd3585c 1-2,24,106,110,115,120,124,129,134,138,143,148,152,156,168,172,176,181,185,190,197,201,207,214,218,224,231,235,241,248,252,258,265,269,277,284,288,296,384-387,389,437,443,448,454,459,465,470,476,481,487,492,498,507,513,522,528,537,543,552,558,567,573,582,588
qt/designer/gen_abstractmetadatabase.go
  s_64fea63fed100b::t_dd1e0741e2eddb 111-115,221-224,339-343,365-369,389-393,413-417,441-445,470-474,502-506,536-540,566-570,596-600,626-630,656-660
qt/designer/gen_abstractmetadatabase.h
  s_64fea63fed100b::t_ada00b848f501e 64
qt/designer/gen_abstractnewformwidget.cpp
  s_64fea63fed100b::t_d77cb2a73bfd25 1-2,20,73-76,78,85-88,91
qt/designer/gen_abstractnewformwidget.go
  s_64fea63fed100b::t_d157adb78b0534 18-22,98-101,117-120
qt/designer/gen_abstractnewformwidget.h
  s_64fea63fed100b::t_dedfc388050f29 43,45
qt/designer/gen_abstractobjectinspector.cpp
  s_64fea63fed100b::t_3cc0526241b305 1-2,48,111,115,119,126,130,135,140,144,148,155,159,165,172,176,180,187,191,195,202,206,211,218,222,226,233,237,241,248,252,257,264,268,274,281,285,291,298,302,308,315,319,325,332,336,342,349,353,359,366,370,376,383,387,393,400,404,410,417,421,427,434,438,444,451,455,461,468,472,478,485,489,495,502,506,512,519,523,529,536,540,546,553,557,563,570,574,580,587,591,597,604,608,614,621,625,631,638,642,648,655,659,665,672,676,688,695,699,705,712,716,722,729,733,739,746,750,755,762,766,770,777,781,787,794,798,804,811,815,820,827,831,837,844,848,854,861,865,871,878,882,888,895,899,907,914,918,926,1039,1045,1054,1060,1065,1071,1080,1086,1095,1101,1110,1116,1125,1131,1140,1146,1155,1161,1170,1176,1185,1191,1200,1206,1215,1221,1230,1236,1245,1251,1260,1266,1275,1281,1290,1296,1305,1311,1320,1326,1335,1341,1350,1356,1365,1371,1380,1386,1395,1401,1410,1416,1425,1431,1440,1446,1455,1461,1470,1476,1485,1491,1500,1506,1515,1521,1530,1536,1545,1551,1561,1567,1576,1582,1591,1597,1606,1612,1621,1627,1636,1642,1651,1657,1666,1672,1681,1687,1696,1702,1711,1717,1726,1732,1741,1747,1756,1762
qt/designer/gen_abstractobjectinspector.go
  s_64fea63fed100b::t_b9b7f4f43ea030 18-22,279-283,302-306,332-336,361-365,393-397,424-428,453-457,485-489,514-518,543-547,575-579,605-609,635-639,665-669,695-699,725-729,755-759,785-789,815-819,845-849,875-879,905-909,935-939,965-969,995-999,1025-1029,1055-1059,1085-1089,1115-1119,1145-1149,1175-1179,1205-1209,1235-1239,1265-1269,1302-1306,1340-1344,1370-1374,1402-1406,1432-1436,1464-1468,1493-1497,1525-1529,1557-1561,1589-1593,1623-1627,1653-1657,1683-1687,1713-1717,1743-1747
qt/designer/gen_abstractpropertyeditor.cpp
  s_64fea63fed100b::t_071eae623dce90 1-2,47,116,120,124,131,135,139,144,148,152,157,161,165,172,176,181,186,190,206,211,215,220,225,229,233,240,244,250,257,261,265,272,276,280,287,291,296,303,307,311,318,322,326,333,337,342,349,353,359,366,370,376,383,387,393,400,404,410,417,421,427,434,438,444,451,455,461,468,472,478,485,489,495,502,506,512,519,523,529,536,540,546,553,557,563,570,574,580,587,591,597,604,608,614,621,625,631,638,642,648,655,659,665,672,676,682,689,693,699,706,710,716,723,727,733,740,744,750,757,761,773,780,784,790,797,801,807,814,818,824,831,835,840,847,851,855,862,866,872,879,883,889,896,900,905,912,916,922,929,933,939,946,950,956,963,967,973,980,984,992,999,1003,1011,1099-1102,1115,1176,1182,1191,1197,1202,1208,1213,1219,1224,1230,1235,1241,1246,1252,1257,1263,1272,1278,1287,1293,1302,1308,1317,1323,1332,1338,1347,1353,1362,1368,1377,1383,1392,1398,1407,1413,1422,1428,1437,1443,1452,1458,1467,1473,1482,1488,1497,1503,1512,1518,1527,1533,1542,1548,1557,1563,1572,1578,1587,1593,1602,1608,1617,1623,1632,1638,1647,1653,1662,1668,1677,1683,1692,1698,1707,1713,1722,1728,1737,1743,1753,1759,1768,1774,1783,1789,1798,1804,1813,1819,1828,1834,1843,1849,1858,1864,1873,1879,1888,1894,1903,1909,1918,1924,1933,1939,1948,1954
qt/designer/gen_abstractpropertyeditor.go
  s_64fea63fed100b::t_4666df9c313ac8 18-22,125-128,336-340,359-363,382-386,405-409,431-435,455-459,485-489,515-519,544-548,576-580,607-611,636-640,668-672,697-701,726-730,758-762,788-792,818-822,848-852,878-882,908-912,938-942,968-972,998-1002,1028-1032,1058-1062,1088-1092,1118-1122,1148-1152,1178-1182,1208-1212,1238-1242,1268-1272,1298-1302,1328-1332,1358-1362,1388-1392,1418-1422,1448-1452,1485-1489,1523-1527,1553-1557,1585-1589,1615-1619,1647-1651,1676-1680,1708-1712,1740-1744,1772-1776,1806-1810,1836-1840,1866-1870,1896-1900,1926-1930
qt/designer/gen_abstractpropertyeditor.h
  s_64fea63fed100b::t_e6473c27f05c84 99
qt/designer/gen_abstractresourcebrowser.cpp
  s_64fea63fed100b::t_5dfb71cdf5919c 1-2,46,111,115,127,132,136,140,147,151,155,162,166,172,179,183,187,194,198,202,209,213,218,225,229,233,240,244,248,255,259,264,271,275,281,288,292,298,305,309,315,322,326,332,339,343,349,356,360,366,373,377,383,390,394,400,407,411,417,424,428,434,441,445,451,458,462,468,475,479,485,492,496,502,509,513,519,526,530,536,543,547,553,560,564,570,577,581,587,594,598,604,611,615,621,628,632,638,645,649,655,662,666,672,679,683,695,702,706,712,719,723,729,736,740,746,753,757,762,769,773,777,784,788,794,801,805,811,818,822,827,834,838,844,851,855,861,868,872,878,885,889,895,902,906,914,921,925,933,1014-1017,1027,1035-1038,1048,1096,1102,1107,1113,1118,1124,1133,1139,1148,1154,1163,1169,1178,1184,1193,1199,1208,1214,1223,1229,1238,1244,1253,1259,1268,1274,1283,1289,1298,1304,1313,1319,1328,1334,1343,1349,1358,1364,1373,1379,1388,1394,1403,1409,1418,1424,1433,1439,1448,1454,1463,1469,1478,1484,1493,1499,1508,1514,1523,1529,1538,1544,1553,1559,1568,1574,1583,1589,1598,1604,1614,1620,1629,1635,1644,1650,1659,1665,1674,1680,1689,1695,1704,1710,1719,1725,1734,1740,1749,1755,1764,1770,1779,1785,1794,1800,1809,1815
qt/designer/gen_abstractresourcebrowser.go
  s_64fea63fed100b::t_81d33450f59bbc 18-22,121-124,150-153,338-342,365-369,397-401,426-430,458-462,489-493,518-522,550-554,579-583,608-612,640-644,670-674,700-704,730-734,760-764,790-794,820-824,850-854,880-884,910-914,940-944,970-974,1000-1004,1030-1034,1060-1064,1090-1094,1120-1124,1150-1154,1180-1184,1210-1214,1240-1244,1270-1274,1300-1304,1330-1334,1367-1371,1405-1409,1435-1439,1467-1471,1497-1501,1529-1533,1558-1562,1590-1594,1622-1626,1654-1658,1688-1692,1718-1722,1748-1752,1778-1782,1808-1812
qt/designer/gen_abstractresourcebrowser.h
  s_64fea63fed100b::t_f3d17c6d474572 95,97
qt/designer/gen_abstractwidgetbox.cpp
  s_64fea63fed100b::t_d0d2ec243a1d4f 1-2,50,125,129,133,138,142,147,152,156,163,168,172,177,182,186,191,196,200,206,211,215,223,228,232,238,243,247,264,269,273,285,290,294,298,305,309,313,318,322,326,331,335,339,346,350,356,363,367,371,378,382,386,393,397,402,409,413,417,424,428,432,439,443,448,455,459,465,472,476,482,489,493,499,506,510,516,523,527,533,540,544,550,557,561,567,574,578,584,591,595,601,608,612,618,625,629,635,642,646,652,659,663,669,676,680,686,693,697,703,710,714,720,727,731,737,744,748,754,761,765,771,778,782,788,795,799,805,812,816,822,829,833,839,846,850,856,863,867,879,886,890,896,903,907,913,920,924,930,937,941,946,953,957,961,968,972,978,985,989,995,1002,1006,1011,1018,1022,1028,1035,1039,1045,1052,1056,1062,1069,1073,1079,1086,1090,1098,1105,1109,1117,1297,1303,1308,1314,1319,1325,1330,1336,1341,1347,1352,1358,1363,1369,1374,1380,1385,1391,1396,1402,1407,1413,1418,1424,1429,1435,1440,1446,1455,1461,1470,1476,1485,1491,1500,1506,1515,1521,1530,1536,1545,1551,1560,1566,1575,1581,1590,1596,1605,1611,1620,1626,1635,1641,1650,1656,1665,1671,1680,1686,1695,1701,1710,1716,1725,1731,1740,1746,1755,1761,1770,1776,1785,1791,1800,1806,1815,1821,1830,1836,1845,1851,1860,1866,1875,1881,1890,1896,1905,1911,1920,1926,1936,1942,1951,1957,1966,1972,1981,1987,1996,2002,2011,2017,2026,2032,2041,2047,2056,2062,2071,2077,2086,2092,2101,2107,2116,2122,2131,2137
qt/designer/gen_abstractwidgetbox.go
  s_64fea63fed100b::t_5d61b8e33ff4e1 32-36,362-366,385-389,411-415,435-439,459-463,485-489,513-517,539-543,565-569,597-601,624-628,650-654,673-677,702-706,731-735,763-767,794-798,823-827,855-859,884-888,913-917,945-949,975-979,1005-1009,1035-1039,1065-1069,1095-1099,1125-1129,1155-1159,1185-1189,1215-1219,1245-1249,1275-1279,1305-1309,1335-1339,1365-1369,1395-1399,1425-1429,1455-1459,1485-1489,1515-1519,1545-1549,1575-1579,1605-1609,1635-1639,1672-1676,1710-1714,1740-1744,1772-1776,1802-1806,1834-1838,1863-1867,1895-1899,1927-1931,1959-1963,1993-1997,2023-2027,2053-2057,2083-2087,2113-2117
qt/designer/gen_abstractwidgetdatabase.cpp
  s_64fea63fed100b::t_7e0347374ae3c1 1-2,25,238,242,246,253,257,262,269,273,278,285,289,296,303,307,313,320,324,330,337,341,354,361,365,369,376,380,385,392,396,402,409,413,419,426,430,436,443,447,453,460,464,472,479,483,491,591-594,596,652,658,667,673,682,688,697,703,712,718,727,733,742,748,758,764,773,779,788,794,803,809,818,824,833,839,848,854,863,869
qt/designer/gen_abstractwidgetdatabase.go
  s_64fea63fed100b::t_bc3509aec963fe 237-241,365-368,497-501,526-530,558-562,590-594,622-626,652-656,690-694,726-730,755-759,787-791,821-825,851-855,881-885,911-915,941-945
qt/designer/gen_abstractwidgetdatabase.h
  s_64fea63fed100b::t_2906021a56c780 91
qt/designer/gen_abstractwidgetfactory.cpp
  s_64fea63fed100b::t_fb506f025fa44b 1-2,23,51,55,59,64,68,73,78,82,87,92,96,109,114,118,125,130,134,139,144,148,153,158,162,167,174,178,184,191,195,201,208,212,218,225,229,235,242,246,254,261,265,273,402,408,413,419,424,430,435,441,446,452,457,463,468,474,479,485,494,500,509,515,524,530,539,545,554,560,569,575
qt/designer/gen_abstractwidgetfactory.go
  s_64fea63fed100b::t_7de2f9eac48966 18-22,233-237,256-260,282-286,308-312,338-342,368-372,394-398,424-428,456-460,490-494,520-524,550-554,580-584,610-614
qt/designer/gen_default_extensionfactory.cpp
  s_64fea63fed100b::t_07bd80b6251d14 1-2,22,45,49,62,69,73,87,94,98,103,110,114,120,127,131,137,144,148,154,161,165,171,178,182,190,197,201,209,319,325,335,341,351,357,366,372,381,387,396,402,411,417,426,432,441,447
qt/designer/gen_default_extensionfactory.go
  s_64fea63fed100b::t_8565d060f185da 18-22,226-230,267-271,305-309,337-341,371-375,401-405,431-435,461-465,491-495
qt/designer/gen_formbuilder.cpp
  s_64fea63fed100b::t_83aff3d0d3373f 1-2,26,48,52,73,80,84,105,112,116,121,128,132,138,145,149,156,163,167,173,180,184,197,204,208,221,228,232,245,307,313,324,330,341,347,356,362,371,377,386,392,401,407,417,423,433,439
qt/designer/gen_formbuilder.go
  s_64fea63fed100b::t_e42b51e15b7670 18-22,210-214,259-263,300-304,327-331,361-365,393-397,427-431,468-472,509-513
qt/designer/gen_qextensionmanager.cpp
  s_64fea63fed100b::t_29934ad568f23c 1-2,22,46,50,64,71,75,89,96,100,113,120,124,129,136,140,146,153,157,163,170,174,180,187,191,197,204,208,216,223,227,235,351,357,367,373,383,389,399,405,414,420,429,435,444,450,459,465,474,480,489,495
qt/designer/gen_qextensionmanager.go
  s_64fea63fed100b::t_853c7443e2078f 18-22,238-242,277-281,316-320,353-357,385-389,419-423,449-453,479-483,509-513,539-543
qt/gen_qabstractanimation.cpp
  s_64fea63fed100b::t_9b67a90eccc5fc 1-2,22,38,65,69,73,78,82,87,94,98,103,108,112,121,128,132,139,146,150,156,163,167,173,180,184,190,197,201,207,214,218,226,233,237,245,350-353,355,362-365,371,378-381,384,391-394,398,474,480,485,491,500,506,511,517,526,532,541,547,556,562,571,577,586,592,601,607,616,622,687,691,696,703,707,711,718,722,727,734,738,743,750,754,759,766,770,776,783,787,793,800,804,810,817,821,827,834,838,846,853,857,865,956-959,961,968-971,973,1021,1027,1036,1042,1052,1058,1067,1073,1082,1088,1097,1103,1112,1118,1127,1133,1142,1148,1157,1163,1172,1178
qt/gen_qabstractanimation.go
  s_64fea63fed100b::t_889d17959f249b 39-43,167-170,186-189,210-213,232-235,381-385,410-414,436-440,466-470,498-502,528-532,562-566,592-596,622-626,652-656,682-686,720-724,832-835,851-854,999-1003,1026-1030,1055-1059,1082-1086,1109-1113,1141-1145,1175-1179,1205-1209,1235-1239,1265-1269,1295-1299
qt/gen_qabstractanimation.h
  s_64fea63fed100b::t_0247e94ce22a76 58,60,62,64,126,128
qt/gen_qabstractbutton.cpp
  s_64fea63fed100b::t_3c4d130e234167 1-2,49,118,122,127,132,136,143,150,154,159,166,170,175,182,186,191,198,202,208,215,219,225,232,236,242,249,253,259,266,270,276,283,287,293,300,304,310,317,321,327,334,338,344,351,355,359,366,370,376,383,387,391,398,402,406,413,417,422,429,433,437,444,448,452,459,463,469,476,480,486,493,497,503,510,514,520,527,531,537,544,548,554,561,565,571,578,582,588,595,599,605,612,616,622,629,633,639,646,650,656,663,667,673,680,684,690,697,701,707,714,718,724,731,735,747,754,758,764,771,775,781,788,792,797,804,808,812,819,823,829,836,840,846,853,857,862,869,873,879,886,890,896,903,907,913,920,924,932,939,943,951,1127-1130,1132,1139-1142,1144,1151-1154,1156,1163-1166,1169,1224-1227,1230,1234,1240,1245,1251,1260,1266,1275,1281,1290,1296,1305,1311,1320,1326,1335,1341,1350,1356,1365,1371,1380,1386,1395,1401,1410,1416,1425,1431,1440,1446,1455,1461,1470,1476,1485,1491,1500,1506,1515,1521,1530,1536,1545,1551,1560,1566,1575,1581,1590,1596,1605,1611,1620,1626,1635,1641,1650,1656,1665,1671,1680,1686,1695,1701,1710,1716,1725,1731,1740,1746,1755,1761,1770,1776,1785,1791,1801,1807,1816,1822,1831,1837,1846,1852,1861,1867,1876,1882,1891,1897,1906,1912,1921,1927,1936,1942,1951,1957,1966,1972
qt/gen_qabstractbutton.go
  s_64fea63fed100b::t_7593e0aa942d4f 17-21,218-221,237-240,256-259,275-278,345-348,486-490,516-520,548-552,575-579,602-606,634-638,664-668,694-698,724-728,754-758,784-788,814-818,844-848,874-878,904-908,933-937,965-969,996-1000,1025-1029,1057-1061,1086-1090,1115-1119,1145-1149,1175-1179,1205-1209,1235-1239,1265-1269,1295-1299,1325-1329,1355-1359,1385-1389,1415-1419,1445-1449,1475-1479,1505-1509,1535-1539,1565-1569,1602-1606,1640-1644,1672-1676,1702-1706,1734-1738,1763-1767,1795-1799,1827-1831,1859-1863,1893-1897,1923-1927,1953-1957,1983-1987
qt/gen_qabstractbutton.h
  s_64fea63fed100b::t_6c1050059468fe 125,127,129,131,152
qt/gen_qabstracteventdispatcher.cpp
  s_64fea63fed100b::t_1b6c8a98f69270 1-2,23,154-157,159,166-169,171
qt/gen_qabstracteventdispatcher.go
  s_64fea63fed100b::t_d2945b37073228 17-21,180-183,199-202
qt/gen_qabstracteventdispatcher.h
  s_64fea63fed100b::t_c1117b9b89d827 66,68
qt/gen_qabstractitemdelegate.cpp
  s_64fea63fed100b::t_3ebd4eb4984bce 1-2,30,65,69,80,85,89,99,104,108,119,126,130,139,146,150,159,166,170,180,187,191,203,210,214,226,233,237,249,256,260,264,278,282,287,294,298,304,311,315,321,328,332,338,345,349,355,362,366,374,381,385,393,513-516,519,526-529,532,539-542,547,598-601,606,610,616,621,627,632,638,647,653,662,668,677,683,692,698,707,713,722,728,737,743,761,767,776,782,791,797,806,812,821,827,836,842,851,857
qt/gen_qabstractitemdelegate.go
  s_64fea63fed100b::t_f344b8e8d6a8cb 27-31,170-173,192-195,214-217,280-283,359-363,387-391,421-425,457-461,489-493,521-525,555-559,589-593,627-631,671-675,705-709,737-741,771-775,801-805,831-835,861-865,891-895
qt/gen_qabstractitemdelegate.h
  s_64fea63fed100b::t_e0a1f26561a673 72,74,76,82
qt/gen_qabstractitemmodel.cpp
  s_64fea63fed100b::t_e5825b07cf54ef 1-2,33,98,138,380,384,393,398,402,409,414,418,427,434,438,445,450,454,461,466,470,477,484,488,496,501,505,516,523,527,535,542,546,557,564,568,575,588,592,614,621,625,629,648,652,666,673,677,689,696,700,712,719,723,727,734,738,742,749,753,762,769,773,782,789,793,802,809,813,822,829,833,846,853,857,870,877,881,889,896,900,907,914,918,925,932,936,944,951,955,962,969,973,987,1001,1005,1012,1019,1023,1027,1042,1046,1050,1057,1061,1066,1073,1077,1082,1089,1093,1099,1106,1110,1116,1123,1127,1133,1140,1144,1150,1157,1161,1169,1176,1180,1188,1503-1506,1514,1521-1524,1530,1537-1540,1542,1549-1552,1554,1643-1646,1664,1677-1680,1692,1705-1708,1722,1735-1738,1750,1763-1766,1780,1784,1790,1795,1801,1806,1812,1821,1827,1832,1838,1843,1849,1858,1864,1869,1875,1884,1890,1899,1905,1914,1920,1943,1949,1964,1970,1995,2001,2016,2022,2031,2037,2046,2052,2062,2068,2078,2084,2093,2099,2108,2114,2123,2129,2138,2144,2153,2159,2168,2174,2183,2189,2198,2204,2214,2220,2229,2235,2244,2250,2268,2274,2283,2289,2317,2323,2332,2338,2347,2353,2362,2368,2377,2383,2392,2398,2407,2413,2422,2428,2437,2443,2775-2778,2785,2788-2791,2798,2801-2804,2811,2814-2817,2824,2827-2830,2837,2840-2843,2850,2853-2856,2863,2866-2869,2876,2879-2882,2884,2887-2890,2892,2895-2898,2909,2912-2915,2926,2929-2932,2943,2946-2949,2960,2976,2980,2989,2996,3000,3009,3016,3020,3032,3039,3043,3050,3057,3061,3068,3073,3077,3084,3089,3093,3101,3106,3110,3121,3128,3132,3140,3147,3151,3162,3169,3173,3180,3193,3197,3219,3226,3230,3234,3253,3257,3271,3278,3282,3294,3301,3305,3309,3316,3320,3324,3331,3335,3344,3351,3355,3364,3371,3375,3384,3391,3395,3404,3411,3415,3428,3435,3439,3452,3459,3463,3471,3478,3482,3489,3496,3500,3508,3515,3519,3526,3533,3537,3551,3565,3569,3576,3583,3587,3591,3606,3610,3614,3621,3625,3630,3637,3641,3646,3653,3657,3663,3670,3674,3680,3687,3691,3697,3704,3708,3714,3721,3725,3733,3740,3744,3752,3890,3896,3905,3911,3920,3926,3935,3941,3951,3957,3962,3968,3973,3979,3984,3990,3999,4005,4014,4020,4029,4035,4058,4064,4079,4085,4110,4116,4131,4137,4146,4152,4162,4168,4178,4184,4193,4199,4208,4214,4223,4229,4238,4244,4253,4259,4268,4274,4283,4289,4298,4304,4313,4319,4328,4334,4352,4358,4367,4373,4401,4407,4416,4422,4431,4437,4446,4452,4461,4467,4476,4482,4491,4497,4506,4512,4521,4527,4850,4854,4863,4870,4874,4883,4890,4894,4906,4913,4917,4924,4931,4935,4942,4947,4951,4959,4964,4968,4979,4986,4990,4998,5005,5009,5020,5027,5031,5038,5051,5055,5077,5084,5088,5092,5111,5115,5129,5136,5140,5152,5159,5163,5167,5174,5178,5182,5189,5193,5202,5209,5213,5222,5229,5233,5242,5249,5253,5262,5269,5273,5286,5293,5297,5310,5317,5321,5329,5336,5340,5347,5354,5358,5366,5373,5377,5384,5391,5395,5409,5423,5427,5434,5441,5445,5449,5464,5468,5472,5479,5483,5488,5495,5499,5504,5511,5515,5521,5528,5532,5538,5545,5549,5555,5562,5566,5572,5579,5583,5591,5598,5602,5610,5748,5754,5763,5769,5778,5784,5793,5799,5809,5815,5820,5826,5831,5837,5846,5852,5861,5867,5876,5882,5905,5911,5926,5932,5957,5963,5978,5984,5993,5999,6009,6015,6025,6031,6040,6046,6055,6061,6070,6076,6085,6091,6100,6106,6115,6121,6130,6136,6145,6151,6160,6166,6175,6181,6199,6205,6214,6220,6248,6254,6263,6269,6278,6284,6293,6299,6308,6314,6323,6329,6338,6344,6353,6359,6368,6374
qt/gen_qabstractitemmodel.go
  s_64fea63fed100b::t_eb2d476709b59d 336-340,658-661,682-685,708-711,727-730,828-831,866-869,902-905,940-943,976-979,1385-1389,1415-1419,1449-1453,1479-1483,1505-1509,1537-1541,1563-1567,1597-1601,1635-1639,1671-1675,1722-1726,1782-1786,1838-1842,1881-1885,1921-1925,1961-1965,2001-2005,2030-2034,2059-2063,2095-2099,2131-2135,2167-2171,2203-2207,2243-2247,2283-2287,2313-2317,2345-2349,2377-2381,2411-2415,2451-2455,2498-2502,2543-2547,2592-2596,2621-2625,2648-2652,2680-2684,2714-2718,2744-2748,2774-2778,2804-2808,2834-2838,2857-2860,2880-2883,2903-2906,2926-2929,2949-2952,2972-2975,2995-2998,3018-3021,3041-3044,3057-3060,3073-3076,3100-3103,3127-3130,3154-3157,3195-3199,3696-3700,3734-3738,3770-3774,3810-3814,3836-3840,3862-3866,3888-3892,3922-3926,3960-3964,3996-4000,4047-4051,4107-4111,4163-4167,4206-4210,4246-4250,4286-4290,4315-4319,4344-4348,4380-4384,4416-4420,4452-4456,4488-4492,4528-4532,4568-4572,4598-4602,4630-4634,4664-4668,4704-4708,4751-4755,4796-4800,4845-4849,4874-4878,4901-4905,4933-4937,4967-4971,4997-5001,5027-5031,5057-5061,5087-5091,5125-5129,5626-5630,5664-5668,5700-5704,5740-5744,5766-5770,5792-5796,5826-5830,5864-5868,5900-5904,5951-5955,6011-6015,6067-6071,6110-6114,6150-6154,6190-6194,6219-6223,6248-6252,6284-6288,6320-6324,6356-6360,6392-6396,6432-6436,6472-6476,6502-6506,6534-6538,6568-6572,6608-6612,6655-6659,6700-6704,6749-6753,6778-6782,6805-6809,6837-6841,6871-6875,6901-6905,6931-6935,6961-6965,6991-6995
qt/gen_qabstractitemmodel.h
  s_64fea63fed100b::t_b608c86e919f96 149,151,153,155,169,171,173,175,177,290-303
qt/gen_qabstractitemview.cpp
  s_64fea63fed100b::t_2618008505b041 1-2,60,170,174,180,187,191,197,204,208,221,228,232,239,244,248,257,262,266,273,278,282,287,294,298,303,310,314,320,327,331,336,343,347,355,362,366,371,378,382,387,394,398,419,426,430,440,447,451,461,468,472,483,490,494,505,512,516,521,528,532,537,544,548,553,560,564,570,577,581,587,594,598,604,611,615,621,628,632,640,647,651,657,664,668,674,681,685,693,698,702,706,711,715,719,724,728,735,740,744,753,758,762,769,774,778,782,796,800,810,817,821,829,836,840,847,854,858,862,869,873,878,885,889,894,901,905,910,917,921,927,934,938,944,951,955,961,968,972,978,985,989,995,1002,1006,1012,1019,1023,1029,1036,1040,1046,1053,1057,1063,1070,1074,1080,1087,1091,1097,1104,1108,1114,1121,1125,1131,1138,1142,1148,1155,1159,1165,1172,1176,1180,1187,1191,1195,1202,1206,1210,1217,1221,1227,1234,1238,1244,1251,1255,1261,1268,1272,1278,1285,1289,1296,1303,1307,1313,1320,1324,1328,1335,1339,1345,1352,1356,1361,1368,1372,1376,1383,1387,1391,1398,1402,1408,1415,1419,1425,1432,1436,1442,1449,1453,1459,1466,1470,1476,1483,1487,1493,1500,1504,1510,1517,1521,1527,1534,1538,1544,1551,1555,1567,1574,1578,1584,1591,1595,1601,1608,1612,1617,1624,1628,1632,1639,1643,1649,1656,1660,1666,1673,1677,1685,1692,1696,1704,2076-2079,2084,2091-2094,2099,2106-2109,2114,2121-2124,2129,2136-2139,2144,2151-2154,2156,2163-2166,2171,2219,2225,2234,2240,2249,2255,2265,2271,2276,2282,2287,2293,2298,2304,2313,2319,2328,2334,2343,2349,2358,2364,2373,2379,2388,2394,2403,2409,2424,2430,2439,2445,2454,2460,2469,2475,2484,2490,2499,2505,2514,2520,2529,2535,2544,2550,2559,2565,2574,2580,2589,2595,2604,2610,2619,2625,2634,2640,2645,2651,2656,2662,2667,2673,2678,2684,2689,2695,2700,2706,2724,2730,2739,2745,2755,2761,2770,2776,2785,2791,2800,2806,2815,2821,2830,2836,2845,2851,2860,2866,2875,2881,2890,2896,2905,2911,2920,2926,2935,2941,2950,2956,2965,2971,2980,2986,2995,3001,3010,3016,3025,3031,3040,3046,3055,3061,3070,3076,3085,3091,3100,3106,3115,3121,3130,3136,3145,3151,3160,3166,3175,3181,3190,3196,3205,3211,3220,3226,3235,3241,3250,3256,3265,3271,3280,3286,3295,3301,3310,3316,3325,3331,3340,3346,3355,3361,3370,3376,3385,3391,3400,3406,3416,3422,3431,3437,3446,3452,3461,3467,3476,3482,3491,3497,3506,3512,3521,3527
qt/gen_qabstractitemview.go
  s_64fea63fed100b::t_cf31c86d22ba9e 109-113,491-494,513-516,535-538,557-560,579-582,601-604,620-623,1055-1059,1085-1089,1119-1123,1146-1150,1172-1176,1198-1202,1230-1234,1262-1266,1296-1300,1328-1332,1355-1359,1385-1389,1412-1416,1445-1449,1485-1489,1519-1523,1553-1557,1585-1589,1617-1621,1644-1648,1671-1675,1698-1702,1728-1732,1758-1762,1788-1792,1818-1822,1850-1854,1880-1884,1904-1908,1932-1936,1955-1959,1978-1982,2004-2008,2030-2034,2070-2074,2104-2108,2140-2144,2174-2178,2206-2210,2235-2239,2267-2271,2299-2303,2331-2335,2361-2365,2391-2395,2421-2425,2451-2455,2481-2485,2511-2515,2541-2545,2571-2575,2601-2605,2631-2635,2661-2665,2691-2695,2721-2725,2751-2755,2787-2791,2818-2822,2849-2853,2878-2882,2908-2912,2938-2942,2968-2972,2998-3002,3030-3034,3060-3064,3089-3093,3119-3123,3151-3155,3180-3184,3209-3213,3239-3243,3269-3273,3299-3303,3329-3333,3359-3363,3389-3393,3419-3423,3449-3453,3486-3490,3524-3528,3556-3560,3586-3590,3618-3622,3647-3651,3677-3681,3707-3711,3737-3741
qt/gen_qabstractitemview.h
  s_64fea63fed100b::t_aa27ff6b211930 202,204,206,208,210,212,214
qt/gen_qabstractnativeeventfilter.cpp
  s_64fea63fed100b::t_74b458337b3a90 1-2,12,26,30,42,58,64
qt/gen_qabstractnativeeventfilter.go
  s_64fea63fed100b::t_1ebf860be68254 17-21,71-75
qt/gen_qabstractproxymodel.cpp
  s_64fea63fed100b::t_e15885456efe2f 1-2,31,92,96,102,109,113,120,125,129,136,141,145,152,159,163,170,177,181,185,192,196,201,208,212,220,227,231,239,246,250,257,270,274,281,288,292,303,310,314,336,343,347,358,365,369,376,383,387,394,401,405,413,420,424,432,439,443,450,457,461,468,475,479,488,495,499,513,520,524,536,543,547,559,566,570,574,593,597,601,608,612,616,623,627,636,641,645,652,657,661,668,673,677,684,689,693,702,709,713,722,729,733,742,749,753,762,769,773,786,793,797,810,817,821,835,849,853,857,872,876,881,888,892,898,905,909,915,922,926,932,939,943,949,956,960,968,975,979,987,1265,1271,1280,1286,1291,1297,1302,1308,1317,1323,1332,1338,1347,1353,1362,1368,1377,1383,1392,1398,1421,1427,1437,1443,1452,1458,1473,1479,1488,1494,1503,1509,1518,1524,1533,1539,1548,1554,1563,1569,1578,1584,1593,1599,1614,1620,1629,1635,1644,1650,1675,1681,1691,1697,1707,1713,1718,1724,1729,1735,1740,1746,1751,1757,1766,1772,1781,1787,1796,1802,1811,1817,1826,1832,1841,1847,1865,1871,1899,1905,1914,1920,1929,1935,1944,1950,1959,1965,1974,1980,1989,1995,2305-2308,2310
qt/gen_qabstractproxymodel.go
  s_64fea63fed100b::t_bc7fe91afdc49c 17-21,669-673,693-697,719-723,753-757,787-791,819-823,848-852,877-881,913-917,962-966,1007-1011,1039-1043,1090-1094,1137-1141,1177-1181,1209-1213,1241-1245,1271-1275,1305-1309,1337-1341,1371-1375,1413-1417,1453-1457,1493-1497,1542-1546,1579-1583,1608-1612,1631-1635,1661-1665,1687-1691,1713-1717,1745-1749,1781-1785,1817-1821,1853-1857,1889-1893,1929-1933,1977-1981,2035-2039,2084-2088,2116-2120,2150-2154,2180-2184,2210-2214,2240-2244,2270-2274,2293-2296
qt/gen_qabstractproxymodel.h
  s_64fea63fed100b::t_7f300c9ba8b775 208
qt/gen_qabstractscrollarea.cpp
  s_64fea63fed100b::t_8246892e799cc3 1-2,51,116,120,124,131,135,139,146,150,156,163,167,173,180,184,189,196,200,205,212,216,222,229,233,239,246,250,256,263,267,273,280,284,290,297,301,307,314,318,324,331,335,341,348,352,358,365,369,375,382,386,392,399,403,409,416,420,426,433,437,444,451,455,459,466,470,476,483,487,491,498,502,508,515,519,524,531,535,539,546,550,554,561,565,571,578,582,588,595,599,605,612,616,622,629,633,639,646,650,656,663,667,673,680,684,690,697,701,707,714,718,724,731,735,741,748,752,764,771,775,781,788,792,798,805,809,814,821,825,829,836,840,846,853,857,863,870,874,879,886,890,896,903,907,913,920,924,930,937,941,949,956,960,968,1170,1176,1185,1191,1200,1206,1215,1221,1230,1236,1245,1251,1260,1266,1275,1281,1290,1296,1305,1311,1320,1326,1335,1341,1350,1356,1365,1371,1380,1386,1395,1401,1410,1416,1425,1431,1440,1446,1455,1461,1470,1476,1485,1491,1500,1506,1515,1521,1530,1536,1545,1551,1560,1566,1575,1581,1590,1596,1605,1611,1620,1626,1635,1641,1650,1656,1665,1671,1680,1686,1695,1701,1710,1716,1725,1731,1740,1746,1756,1762,1771,1777,1786,1792,1801,1807,1816,1822,1831,1837,1846,1852,1861,1867,1876,1882,1891,1897,1906,1912,1921,1927
qt/gen_qabstractscrollarea.go
  s_64fea63fed100b::t_69a0b3c4104c04 25-29,436-440,467-471,496-500,526-530,560-564,592-596,624-628,654-658,684-688,714-718,744-748,774-778,804-808,834-838,864-868,894-898,924-928,954-958,984-988,1014-1018,1048-1052,1077-1081,1107-1111,1136-1140,1166-1170,1198-1202,1227-1231,1256-1260,1286-1290,1316-1320,1346-1350,1376-1380,1406-1410,1436-1440,1466-1470,1496-1500,1526-1530,1556-1560,1593-1597,1631-1635,1663-1667,1693-1697,1725-1729,1754-1758,1786-1790,1818-1822,1850-1854,1880-1884,1910-1914,1940-1944,1970-1974
qt/gen_qabstractslider.cpp
  s_64fea63fed100b::t_db6e7a77c731df 1-2,46,114,118,123,130,134,141,148,152,158,165,169,175,182,186,192,199,203,209,216,220,224,231,235,241,248,252,256,263,267,271,278,282,287,294,298,302,309,313,317,324,328,334,341,345,351,358,362,368,375,379,385,392,396,402,409,413,419,426,430,436,443,447,453,460,464,470,477,481,487,494,498,504,511,515,521,528,532,538,545,549,555,562,566,572,579,583,589,596,600,606,613,617,623,630,634,640,647,651,657,664,668,674,681,685,691,698,702,714,721,725,731,738,742,748,755,759,764,771,775,779,786,790,796,803,807,813,820,824,829,836,840,846,853,857,863,870,874,880,887,891,899,906,910,918,1083-1086,1089,1096-1099,1101,1108-1111,1114,1121-1124,1126,1133-1136,1140,1147-1150,1153,1201,1207,1216,1222,1231,1237,1246,1252,1261,1267,1276,1282,1291,1297,1306,1312,1321,1327,1336,1342,1351,1357,1366,1372,1381,1387,1396,1402,1411,1417,1426,1432,1441,1447,1456,1462,1471,1477,1486,1492,1501,1507,1516,1522,1531,1537,1546,1552,1561,1567,1576,1582,1591,1597,1606,1612,1621,1627,1636,1642,1651,1657,1666,1672,1681,1687,1696,1702,1711,1717,1726,1732,1742,1748,1757,1763,1772,1778,1787,1793,1802,1808,1817,1823,1832,1838,1847,1853,1862,1868,1877,1883,1892,1898,1907,1913
qt/gen_qabstractslider.go
  s_64fea63fed100b::t_616163e4add9ae 39-43,219-222,241-244,260-263,282-285,301-304,325-328,566-570,598-602,628-632,658-662,688-692,718-722,748-752,777-781,809-813,840-844,869-873,901-905,930-934,959-963,989-993,1019-1023,1049-1053,1079-1083,1109-1113,1139-1143,1169-1173,1199-1203,1229-1233,1259-1263,1289-1293,1319-1323,1349-1353,1379-1383,1409-1413,1439-1443,1469-1473,1499-1503,1529-1533,1559-1563,1589-1593,1626-1630,1664-1668,1696-1700,1726-1730,1758-1762,1787-1791,1819-1823,1851-1855,1883-1887,1917-1921,1947-1951,1977-1981,2007-2011
qt/gen_qabstractslider.h
  s_64fea63fed100b::t_bb523d23e7180e 117,119,121,123,125,127
qt/gen_qabstractspinbox.cpp
  s_64fea63fed100b::t_bd852867d02354 1-2,48,115,119,123,130,134,138,145,149,154,161,165,171,178,182,195,202,206,219,226,230,236,243,247,252,259,263,269,276,280,286,293,297,303,310,314,320,327,331,337,344,348,354,361,365,371,378,382,388,395,399,405,412,416,422,429,433,439,446,450,456,463,467,473,480,484,490,497,501,507,514,518,524,531,535,539,546,550,554,561,565,571,578,582,587,594,598,602,609,613,617,624,628,634,641,645,651,658,662,668,675,679,685,692,696,702,709,713,719,726,730,736,743,747,753,760,764,770,777,781,787,794,798,810,817,821,827,834,838,844,851,855,860,867,871,875,882,886,892,899,903,908,915,919,925,932,936,942,949,953,959,966,970,978,985,989,997,1221-1224,1226,1274,1280,1289,1295,1304,1310,1319,1325,1334,1340,1351,1357,1367,1373,1382,1388,1397,1403,1412,1418,1427,1433,1442,1448,1457,1463,1472,1478,1487,1493,1502,1508,1517,1523,1532,1538,1547,1553,1562,1568,1577,1583,1592,1598,1607,1613,1622,1628,1637,1643,1653,1659,1668,1674,1683,1689,1698,1704,1713,1719,1728,1734,1743,1749,1758,1764,1773,1779,1788,1794,1803,1809,1818,1824,1833,1839,1848,1854,1863,1869,1878,1884,1894,1900,1909,1915,1924,1930,1939,1945,1954,1960,1969,1975,1984,1990,1999,2005,2014,2020,2029,2035,2044,2050
qt/gen_qabstractspinbox.go
  s_64fea63fed100b::t_38a1445903bd89 47-51,291-294,519-523,550-554,579-583,613-617,649-653,689-693,722-726,752-756,779-783,809-813,839-843,869-873,899-903,929-933,959-963,989-993,1019-1023,1049-1053,1079-1083,1109-1113,1139-1143,1169-1173,1199-1203,1229-1233,1259-1263,1288-1292,1317-1321,1347-1351,1379-1383,1408-1412,1437-1441,1467-1471,1497-1501,1527-1531,1557-1561,1587-1591,1617-1621,1647-1651,1677-1681,1707-1711,1744-1748,1782-1786,1814-1818,1844-1848,1876-1880,1905-1909,1935-1939,1967-1971,2001-2005,2031-2035,2061-2065,2091-2095
qt/gen_qabstractspinbox.h
  s_64fea63fed100b::t_b57eff381f79e7 148
qt/gen_qabstractstate.cpp
  s_64fea63fed100b::t_708457eaa9e971 1-2,20,78-81,84,131-134,136,139-142,144
qt/gen_qabstractstate.go
  s_64fea63fed100b::t_a93fe8e9e19b4f 17-21,101-104,163-166,179-182
qt/gen_qabstractstate.h
  s_64fea63fed100b::t_74bb119f6f36de 44,53-54
qt/gen_qabstracttextdocumentlayout.cpp
  s_64fea63fed100b::t_bf71d871184d3e 1-2,37,72,76,84,89,93,102,107,111,115,120,124,128,133,137,142,147,151,158,163,167,174,179,183,193,200,204,214,221,225,239,246,250,255,262,266,272,279,283,289,296,300,306,313,317,323,330,334,342,349,353,361,496-499,501,508-511,516,523-526,531,538-541,544,599-602,607,611,617,622,628,633,639,644,650,655,661,666,672,677,683,688,694,703,709,718,724,733,739,748,754,763,769,778,784,793,799,808,814,823,829
qt/gen_qabstracttextdocumentlayout.go
  s_64fea63fed100b::t_fe98a81585302e 17-21,175-178,194-197,216-219,238-241,308-311,415-419,441-445,469-473,492-496,515-519,541-545,567-571,601-605,637-641,673-677,713-717,745-749,779-783,809-813,839-843,869-873,899-903
qt/gen_qabstracttextdocumentlayout.h
  s_64fea63fed100b::t_a9ae7222b99a85 98,100,102,104,115
qt/gen_qabstracttransition.cpp
  s_64fea63fed100b::t_d143c204ec253c 1-2,25,51,55,60,65,69,74,79,83,88,95,99,105,112,116,122,129,133,139,146,150,156,163,167,175,182,186,194,363,369,374,380,385,391,400,406,415,421,430,436,445,451,460,466,475,481,533-536,538,541-544,546,549-552,554
qt/gen_qabstracttransition.go
  s_64fea63fed100b::t_2b405589c4dda2 24-28,269-273,295-299,325-329,357-361,391-395,421-425,451-455,481-485,511-515,534-537,550-553,566-569
qt/gen_qabstracttransition.h
  s_64fea63fed100b::t_e7b88833a029f7 93-95
qt/gen_qaccessible.cpp
  s_64fea63fed100b::t_ea3280a8ff615b 1-2,44,46,48,50,52,54,56,58,60,927,931,935,978,984,1005,1009,1013,1038,1044,1065,1069,1073,1102,1108,1129,1133,1137,1170,1176,1197,1201,1205,1243,1249,1270,1274,1278,1316,1322,1343,1347,1351,1402,1408,1429,1433,1437,1466,1472,1493,1497,1501,1563,1569
qt/gen_qaccessible.go
  s_64fea63fed100b::t_591fba241faec6 1369-1373,1448-1452,1485-1489,1550-1554,1587-1591,1654-1658,1691-1695,1762-1766,1799-1803,1877-1881,1914-1918,1992-1996,2029-2033,2122-2126,2159-2163,2228-2232,2265-2269,2364-2368
qt/gen_qaccessiblebridge.cpp
  s_64fea63fed100b::t_842f2b727dcc5b 1-2,23,61,65,77,82,86,91,98,102,108,115,119,125,132,136,142,149,153,159,166,170,178,185,189,197,302,308,313,319,328,334,343,349,358,364,373,379,388,394,403,409
qt/gen_qaccessiblebridge.go
  s_64fea63fed100b::t_5854d42c36bc94 75-79,266-270,301-305,333-337,367-371,397-401,427-431,457-461,487-491
qt/gen_qaccessibleplugin.cpp
  s_64fea63fed100b::t_e54a10a5f3b516 1-2,21,43,47,60,65,69,74,81,85,91,98,102,108,115,119,125,132,136,142,149,153,161,168,172,180,285,291,296,302,311,317,326,332,341,347,356,362,371,377,386,392
qt/gen_qaccessibleplugin.go
  s_64fea63fed100b::t_c85f63ea4ca89c 17-21,208-212,244-248,276-280,310-314,340-344,370-374,400-404,430-434
qt/gen_qaction.cpp
  s_64fea63fed100b::t_ff9acac8c265c1 1-2,29,59,63,68,75,79,85,92,96,102,109,113,119,126,130,136,143,147,155,162,166,174,553-556,558,565-568,570,577-580,582,589-592,595,650-653,656,660,666,675,681,690,696,705,711,720,726,735,741,750,756
qt/gen_qaction.go
  s_64fea63fed100b::t_34207fbc83a2e4 44-48,461-464,480-483,499-502,518-521,588-591,671-675,703-707,737-741,767-771,797-801,827-831,857-861
qt/gen_qaction.h
  s_64fea63fed100b::t_a01fd8ae1955d3 120,122,124,126,133
qt/gen_qactiongroup.cpp
  s_64fea63fed100b::t_51b6dc90a88259 1-2,23,45,49,54,61,65,71,78,82,88,95,99,105,112,116,122,129,133,141,148,152,160,287-290,293,300-303,306,354,360,369,375,384,390,399,405,414,420,429,435,444,450
qt/gen_qactiongroup.go
  s_64fea63fed100b::t_582cb58417a2b8 25-29,177-180,199-202,326-330,358-362,392-396,422-426,452-456,482-486,512-516
qt/gen_qactiongroup.h
  s_64fea63fed100b::t_c46596a913d9a0 61,63
qt/gen_qanimationgroup.cpp
  s_64fea63fed100b::t_b50c354eae5ed6 1-2,21,46,50,55,62,66,70,75,79,84,89,93,102,109,113,120,127,131,137,144,148,154,161,165,171,178,182,188,195,199,207,214,218,226,358,364,373,379,384,390,395,401,410,416,425,431,440,446,455,461,470,476,485,491,500,506
qt/gen_qanimationgroup.go
  s_64fea63fed100b::t_2197db9ac85fd5 17-21,238-242,264-268,287-291,317-321,349-353,379-383,413-417,443-447,473-477,503-507,533-537
qt/gen_qapplication.cpp
  s_64fea63fed100b::t_f5e2e81fd0e4b6 1-2,32,55,59,65,72,76,81,88,92,98,105,109,115,122,126,132,139,143,149,156,160,168,175,179,187,453-456,460,556,562,571,577,586,592,601,607,616,622,631,637,646,652,661,667
qt/gen_qapplication.go
  s_64fea63fed100b::t_ebe030c9b7b541 25-29,351-354,531-535,565-569,597-601,631-635,661-665,691-695,721-725,751-755
qt/gen_qapplication.h
  s_64fea63fed100b::t_83c2dfb26c5b91 112
qt/gen_qbitmap.cpp
  s_64fea63fed100b::t_4ae1c2f919c2f7 1-2,24,49,53,57,64,68,72,79,83,89,96,100,106,113,117,122,129,133,137,224,230,239,245,254,260,269,275,284,290,299,305
qt/gen_qbitmap.go
  s_64fea63fed100b::t_5340fb764c35b6 17-21,174-178,203-207,232-236,264-268,294-298,326-330
qt/gen_qboxlayout.cpp
  s_64fea63fed100b::t_c124774f10a733 1-2,28,56,84,125,129,135,142,146,150,157,161,165,172,176,180,187,191,195,202,206,211,218,222,227,234,238,242,249,253,258,265,269,274,281,285,290,297,301,305,312,316,324,331,335,339,346,350,355,362,366,370,377,381,385,392,396,400,407,411,417,424,428,433,440,444,450,457,461,467,474,478,484,491,495,503,510,514,522,529,533,537,544,548,552,823,829,838,844,853,859,868,874,883,889,898,904,913,919,928,934,944,950,959,965,974,980,989,995,1004,1010,1019,1025,1034,1040,1049,1055,1064,1070,1080,1086,1095,1101,1110,1116,1125,1131,1140,1146,1155,1161,1170,1176,1185,1191,1200,1206,1215,1221,1341,1345,1351,1358,1362,1366,1373,1377,1381,1388,1392,1396,1403,1407,1411,1418,1422,1427,1434,1438,1443,1450,1454,1458,1465,1469,1474,1481,1485,1490,1497,1501,1506,1513,1517,1521,1528,1532,1540,1547,1551,1555,1562,1566,1571,1578,1582,1586,1593,1597,1601,1608,1612,1616,1623,1627,1633,1640,1644,1649,1656,1660,1666,1673,1677,1683,1690,1694,1700,1707,1711,1719,1726,1730,1738,1745,1749,1753,1760,1764,1768,1873,1879,1888,1894,1903,1909,1918,1924,1933,1939,1948,1954,1963,1969,1978,1984,1994,2000,2009,2015,2024,2030,2039,2045,2054,2060,2069,2075,2084,2090,2099,2105,2114,2120,2130,2136,2145,2151,2160,2166,2175,2181,2190,2196,2205,2211,2220,2226,2235,2241,2250,2256,2265,2271,2391,2395,2401,2408,2412,2416,2423,2427,2431,2438,2442,2446,2453,2457,2461,2468,2472,2477,2484,2488,2493,2500,2504,2508,2515,2519,2524,2531,2535,2540,2547,2551,2556,2563,2567,2571,2578,2582,2590,2597,2601,2605,2612,2616,2621,2628,2632,2636,2643,2647,2651,2658,2662,2666,2673,2677,2683,2690,2694,2699,2706,2710,2716,2723,2727,2733,2740,2744,2750,2757,2761,2769,2776,2780,2788,2795,2799,2803,2810,2814,2818,2923,2929,2938,2944,2953,2959,2968,2974,2983,2989,2998,3004,3013,3019,3028,3034,3044,3050,3059,3065,3074,3080,3089,3095,3104,3110,3119,3125,3134,3140,3149,3155,3164,3170,3180,3186,3195,3201,3210,3216,3225,3231,3240,3246,3255,3261,3270,3276,3285,3291,3300,3306,3315,3321
qt/gen_qboxlayout.go
  s_64fea63fed100b::t_dd50f9d07e0104 28-32,453-457,485-489,516-520,547-551,576-580,605-609,637-641,669-673,698-702,725-729,757-761,789-793,818-822,850-854,879-883,911-915,940-944,969-973,998-1002,1028-1032,1060-1064,1094-1098,1124-1128,1154-1158,1184-1188,1214-1218,1243-1247,1280-1284,1535-1539,1567-1571,1598-1602,1629-1633,1658-1662,1687-1691,1719-1723,1751-1755,1780-1784,1807-1811,1839-1843,1871-1875,1900-1904,1932-1936,1961-1965,1993-1997,2022-2026,2051-2055,2080-2084,2110-2114,2142-2146,2176-2180,2206-2210,2236-2240,2266-2270,2296-2300,2325-2329,2362-2366,2617-2621,2649-2653,2680-2684,2711-2715,2740-2744,2769-2773,2801-2805,2833-2837,2862-2866,2889-2893,2921-2925,2953-2957,2982-2986,3014-3018,3043-3047,3075-3079,3104-3108,3133-3137,3162-3166,3192-3196,3224-3228,3258-3262,3288-3292,3318-3322,3348-3352,3378-3382,3407-3411
qt/gen_qbuffer.cpp
  s_64fea63fed100b::t_ae19b561b870c8 1-2,22,59,63,69,76,80,85,92,96,100,107,111,115,122,126,132,139,143,147,154,158,162,169,173,181,188,192,200,207,211,218,225,229,236,243,247,251,258,262,266,273,277,281,288,292,296,303,307,312,319,323,328,335,339,346,353,357,362,369,373,379,386,390,396,403,407,413,420,424,430,598,604,613,619,628,634,644,650,660,666,675,681,690,696,705,711,720,726,735,741,751,757,767,773,782,788,797,803,813,819,829,835,844,850,859,865,875,881,890,896,905,911,920,926,935,941
qt/gen_qbuffer.go
  s_64fea63fed100b::t_5a1399dd7d2513 17-21,300-304,332-336,359-363,388-392,417-421,449-453,478-482,507-511,537-541,569-573,606-610,641-645,670-674,699-703,728-732,757-761,789-793,823-827,858-862,890-894,924-928,954-958,984-988
qt/gen_qbuttongroup.cpp
  s_64fea63fed100b::t_45b906744ce773 1-2,22,55,59,64,71,75,81,88,92,98,105,109,115,122,126,132,139,143,151,158,162,170,278-281,284,291-294,297,304-307,310,317-320,324,331-334,337,344-347,350,357-360,363,370-373,377,384-387,390,397-400,403,410-413,416,423-426,430,482,488,497,503,512,518,527,533,542,548,557,563,572,578
qt/gen_qbuttongroup.go
  s_64fea63fed100b::t_17c90e03a5ccfa 17-21,147-150,169-172,191-194,213-216,237-240,259-262,281-284,303-306,327-330,349-352,371-374,393-396,526-530,558-562,592-596,622-626,652-656,682-686,712-716
qt/gen_qbuttongroup.h
  s_64fea63fed100b::t_f40b10f50c95a0 55,57,59,61,63,65,67,69,71,73,75,77
qt/gen_qcalendarwidget.cpp
  s_64fea63fed100b::t_a3ecf4798e4f48 1-2,51,117,121,125,132,136,140,147,151,156,163,167,173,180,184,190,197,201,207,214,218,224,231,235,247,254,258,262,269,273,279,286,290,295,302,306,310,317,321,325,332,336,342,349,353,359,366,370,376,383,387,393,400,404,410,417,421,427,434,438,444,451,455,461,468,472,478,485,489,495,502,506,512,519,523,529,536,540,546,553,557,563,570,574,580,587,591,597,604,608,614,621,625,631,638,642,648,655,659,665,672,676,682,689,693,705,712,716,722,729,733,739,746,750,756,763,767,772,779,783,787,794,798,804,811,815,821,828,832,837,844,848,854,861,865,871,878,882,888,895,899,907,914,918,926,1182-1185,1187,1194-1197,1202,1209-1212,1217,1224-1227,1231,1279,1285,1294,1300,1309,1315,1324,1330,1339,1345,1354,1360,1369,1375,1384,1390,1399,1405,1414,1420,1429,1435,1444,1450,1459,1465,1474,1480,1489,1495,1504,1510,1519,1525,1534,1540,1549,1555,1564,1570,1579,1585,1594,1600,1609,1615,1624,1630,1639,1645,1654,1660,1669,1675,1684,1690,1699,1705,1714,1720,1729,1735,1744,1750,1759,1765,1774,1780,1789,1795,1805,1811,1820,1826,1835,1841,1850,1856,1865,1871,1880,1886,1895,1901,1910,1916,1925,1931,1940,1946,1955,1961,1970,1976,1985,1991
qt/gen_qcalendarwidget.go
  s_64fea63fed100b::t_12dafbd7e1a6cb 40-44,329-332,348-351,370-373,392-395,611-615,642-646,671-675,703-707,737-741,767-771,797-801,827-831,861-865,890-894,920-924,952-956,981-985,1010-1014,1040-1044,1070-1074,1100-1104,1130-1134,1160-1164,1190-1194,1220-1224,1250-1254,1280-1284,1310-1314,1340-1344,1370-1374,1400-1404,1430-1434,1460-1464,1490-1494,1520-1524,1550-1554,1580-1584,1610-1614,1647-1651,1685-1689,1715-1719,1747-1751,1777-1781,1809-1813,1838-1842,1870-1874,1902-1906,1934-1938,1964-1968,1994-1998,2024-2028,2054-2058
qt/gen_qcalendarwidget.h
  s_64fea63fed100b::t_157abe0b51af7f 150,152,154,156
qt/gen_qcheckbox.cpp
  s_64fea63fed100b::t_8186430521946b 1-2,48,115,119,123,130,134,138,145,149,154,161,165,172,179,183,188,195,199,204,211,215,221,228,232,238,245,249,255,262,266,272,279,283,289,296,300,306,313,317,323,330,334,340,347,351,357,364,368,374,381,385,389,396,400,406,413,417,422,429,433,437,444,448,452,459,463,469,476,480,486,493,497,503,510,514,520,527,531,537,544,548,554,561,565,571,578,582,588,595,599,605,612,616,622,629,633,639,646,650,656,663,667,673,680,684,690,697,701,707,714,718,724,731,735,747,754,758,764,771,775,781,788,792,797,804,808,812,819,823,829,836,840,846,853,857,862,869,873,879,886,890,896,903,907,913,920,924,932,939,943,951,1051-1054,1057,1109,1115,1124,1130,1139,1145,1154,1160,1169,1175,1184,1190,1199,1205,1214,1220,1229,1235,1244,1250,1259,1265,1274,1280,1289,1295,1304,1310,1319,1325,1334,1340,1349,1355,1364,1370,1379,1385,1394,1400,1409,1415,1424,1430,1439,1445,1454,1460,1469,1475,1484,1490,1499,1505,1514,1520,1529,1535,1544,1550,1559,1565,1574,1580,1589,1595,1604,1610,1619,1625,1634,1640,1649,1655,1664,1670,1680,1686,1695,1701,1710,1716,1725,1731,1740,1746,1755,1761,1770,1776,1785,1791,1800,1806,1815,1821,1830,1836,1845,1851
qt/gen_qcheckbox.go
  s_64fea63fed100b::t_9287bdf6797660 17-21,149-152,358-362,389-393,418-422,450-454,482-486,509-513,536-540,566-570,596-600,626-630,656-660,686-690,716-720,746-750,776-780,806-810,836-840,865-869,895-899,927-931,956-960,985-989,1015-1019,1045-1049,1075-1079,1105-1109,1135-1139,1165-1169,1195-1199,1225-1229,1255-1259,1285-1289,1315-1319,1345-1349,1375-1379,1405-1409,1435-1439,1472-1476,1510-1514,1542-1546,1572-1576,1604-1608,1633-1637,1665-1669,1697-1701,1729-1733,1763-1767,1793-1797,1823-1827,1853-1857
qt/gen_qcheckbox.h
  s_64fea63fed100b::t_56d1b0d0ecddf8 105
qt/gen_qclipboard.cpp
  s_64fea63fed100b::t_dd19afe90f2223 1-2,20,143-146,150,157-160,162,169-172,174,181-184,186
qt/gen_qclipboard.go
  s_64fea63fed100b::t_9e563a8782098f 25-29,175-178,197-200,216-219,235-238
qt/gen_qclipboard.h
  s_64fea63fed100b::t_f4ac7e479820a5 56,58,60,62
qt/gen_qcolordialog.cpp
  s_64fea63fed100b::t_4cff440b061008 1-2,48,118,122,128,135,139,145,152,156,162,169,173,177,184,188,192,199,203,208,215,219,223,230,234,239,246,250,255,262,266,272,279,283,289,296,300,306,313,317,323,330,334,340,347,351,357,364,368,372,379,383,388,395,399,403,410,414,418,425,429,434,441,445,451,458,462,468,475,479,485,492,496,502,509,513,519,526,530,536,543,547,553,560,564,570,577,581,587,594,598,604,611,615,621,628,632,638,645,649,655,662,666,672,679,683,689,696,700,706,713,717,723,730,734,740,747,751,757,764,768,780,787,791,797,804,808,814,821,825,830,837,841,845,852,856,862,869,873,879,886,890,895,902,906,912,919,923,929,936,940,946,953,957,965,972,976,984,1119-1122,1127,1134-1137,1142,1227,1233,1242,1248,1257,1263,1272,1278,1287,1293,1302,1308,1317,1323,1332,1338,1347,1353,1362,1368,1377,1383,1392,1398,1407,1413,1422,1428,1437,1443,1452,1458,1467,1473,1482,1488,1497,1503,1512,1518,1527,1533,1542,1548,1557,1563,1572,1578,1587,1593,1602,1608,1617,1623,1632,1638,1647,1653,1662,1668,1677,1683,1692,1698,1707,1713,1722,1728,1737,1743,1752,1758,1767,1773,1782,1788,1797,1803,1812,1818,1828,1834,1843,1849,1858,1864,1873,1879,1888,1894,1903,1909,1918,1924,1933,1939,1948,1954,1963,1969,1978,1984,1993,1999
qt/gen_qcolordialog.go
  s_64fea63fed100b::t_e991bba6e79061 25-29,191-194,213-216,464-468,494-498,524-528,556-560,587-591,616-620,643-647,672-676,699-703,726-730,756-760,786-790,816-820,846-850,876-880,910-914,939-943,971-975,1000-1004,1029-1033,1061-1065,1091-1095,1121-1125,1151-1155,1181-1185,1211-1215,1241-1245,1271-1275,1301-1305,1331-1335,1361-1365,1391-1395,1421-1425,1451-1455,1481-1485,1511-1515,1541-1545,1571-1575,1601-1605,1638-1642,1676-1680,1708-1712,1738-1742,1770-1774,1799-1803,1831-1835,1863-1867,1895-1899,1925-1929,1955-1959,1985-1989,2015-2019
qt/gen_qcolordialog.h
  s_64fea63fed100b::t_600f0c27cb9757 114,116
qt/gen_qcolumnview.cpp
  s_64fea63fed100b::t_cf772feeef0ef8 1-2,60,165,169,176,183,187,197,204,208,212,219,223,230,237,241,247,254,258,264,271,275,283,290,294,299,306,310,317,324,328,336,343,347,353,360,364,374,381,385,392,399,403,407,414,418,422,429,433,443,450,454,465,472,476,483,490,494,501,508,512,525,532,536,541,548,552,557,564,568,574,581,585,590,597,601,606,613,617,638,645,649,659,666,670,681,688,692,697,704,708,713,720,724,729,736,740,746,753,757,763,770,774,780,787,791,797,804,808,816,823,827,833,840,844,850,857,861,865,879,883,893,900,904,912,919,923,930,937,941,945,952,956,961,968,972,977,984,988,993,1000,1004,1010,1017,1021,1027,1034,1038,1044,1051,1055,1061,1068,1072,1078,1085,1089,1095,1102,1106,1112,1119,1123,1129,1136,1140,1146,1153,1157,1163,1170,1174,1180,1187,1191,1197,1204,1208,1214,1221,1225,1231,1238,1242,1246,1253,1257,1261,1268,1272,1278,1285,1289,1295,1302,1306,1312,1319,1323,1329,1336,1340,1346,1353,1357,1361,1368,1372,1378,1385,1389,1394,1401,1405,1409,1416,1420,1424,1431,1435,1441,1448,1452,1458,1465,1469,1475,1482,1486,1492,1499,1503,1509,1516,1520,1526,1533,1537,1543,1550,1554,1560,1567,1571,1577,1584,1588,1600,1607,1611,1617,1624,1628,1634,1641,1645,1650,1657,1661,1665,1672,1676,1682,1689,1693,1699,1706,1710,1718,1725,1729,1737,1821-1824,1829,1948,1954,1963,1969,1978,1984,1993,1999,2008,2014,2023,2029,2038,2044,2053,2059,2068,2074,2083,2089,2098,2104,2113,2119,2128,2134,2143,2149,2158,2164,2173,2179,2188,2194,2203,2209,2218,2224,2233,2239,2249,2255,2264,2270,2279,2285,2294,2300,2309,2315,2324,2330,2345,2351,2360,2366,2375,2381,2390,2396,2405,2411,2420,2426,2435,2441,2450,2456,2465,2471,2480,2486,2495,2501,2510,2516,2525,2531,2549,2555,2564,2570,2580,2586,2595,2601,2610,2616,2625,2631,2640,2646,2655,2661,2670,2676,2685,2691,2700,2706,2715,2721,2730,2736,2745,2751,2760,2766,2775,2781,2790,2796,2805,2811,2820,2826,2835,2841,2850,2856,2865,2871,2880,2886,2895,2901,2910,2916,2925,2931,2940,2946,2955,2961,2970,2976,2985,2991,3000,3006,3015,3021,3030,3036,3045,3051,3060,3066,3075,3081,3090,3096,3105,3111,3120,3126,3135,3141,3150,3156,3165,3171,3180,3186,3196,3202,3211,3217,3226,3232,3241,3247,3256,3262,3271,3277,3286,3292,3301,3307
qt/gen_qcolumnview.go
  s_64fea63fed100b::t_15a75d8584f273 17-21,101-104,624-628,656-660,690-694,721-725,753-757,783-787,813-817,843-847,870-874,904-908,938-942,968-972,1002-1006,1034-1038,1063-1067,1092-1096,1126-1130,1158-1162,1190-1194,1226-1230,1259-1263,1291-1295,1325-1329,1357-1361,1384-1388,1417-1421,1457-1461,1491-1495,1523-1527,1550-1554,1577-1581,1604-1608,1634-1638,1664-1668,1694-1698,1724-1728,1756-1760,1786-1790,1824-1828,1858-1862,1894-1898,1928-1932,1960-1964,1989-1993,2021-2025,2053-2057,2085-2089,2115-2119,2145-2149,2175-2179,2205-2209,2235-2239,2265-2269,2295-2299,2325-2329,2355-2359,2385-2389,2415-2419,2445-2449,2475-2479,2511-2515,2542-2546,2571-2575,2601-2605,2631-2635,2661-2665,2691-2695,2721-2725,2750-2754,2780-2784,2812-2816,2841-2845,2870-2874,2900-2904,2930-2934,2960-2964,2990-2994,3020-3024,3050-3054,3080-3084,3110-3114,3147-3151,3185-3189,3217-3221,3247-3251,3279-3283,3308-3312,3338-3342,3368-3372,3398-3402
qt/gen_qcolumnview.h
  s_64fea63fed100b::t_1db2c9f7551494 117
qt/gen_qcombobox.cpp
  s_64fea63fed100b::t_6af4e295b00076 1-2,56,129,133,137,144,148,152,159,163,168,175,179,184,191,195,200,207,211,217,224,228,234,241,245,251,258,262,268,275,279,285,292,296,302,309,313,319,326,330,336,343,347,353,360,364,370,377,381,387,394,398,404,411,415,421,428,432,438,445,449,455,462,466,470,477,481,487,494,498,503,510,514,518,525,529,533,540,544,550,557,561,567,574,578,584,591,595,601,608,612,618,625,629,635,642,646,652,659,663,669,676,680,686,693,697,703,710,714,720,727,731,737,744,748,760,767,771,777,784,788,794,801,805,810,817,821,825,832,836,841,848,852,858,865,869,875,882,886,892,899,903,909,916,920,928,935,939,947,1348-1351,1361,1368-1371,1374,1382-1385,1395,1402-1405,1408,1416-1419,1429,1436-1439,1442,1450-1453,1463,1471-1474,1484,1492-1495,1505,1513-1516,1526,1619,1625,1634,1640,1649,1655,1664,1670,1679,1685,1694,1700,1709,1715,1724,1730,1739,1745,1754,1760,1769,1775,1784,1790,1799,1805,1814,1820,1829,1835,1844,1850,1859,1865,1874,1880,1889,1895,1904,1910,1919,1925,1934,1940,1949,1955,1964,1970,1979,1985,1994,2000,2009,2015,2024,2030,2039,2045,2054,2060,2069,2075,2084,2090,2099,2105,2114,2120,2129,2135,2144,2150,2159,2165,2174,2180,2190,2196,2205,2211,2220,2226,2235,2241,2250,2256,2265,2271,2280,2286,2295,2301,2310,2316,2325,2331,2340,2346
qt/gen_qcombobox.go
  s_64fea63fed100b::t_15ed686d602aef 38-42,497-500,522-525,548-551,573-576,599-602,624-627,650-653,679-682,708-711,737-740,1009-1013,1040-1044,1069-1073,1096-1100,1123-1127,1157-1161,1189-1193,1219-1223,1249-1253,1279-1283,1309-1313,1339-1343,1369-1373,1399-1403,1429-1433,1459-1463,1489-1493,1519-1523,1549-1553,1579-1583,1609-1613,1638-1642,1668-1672,1700-1704,1729-1733,1758-1762,1788-1792,1818-1822,1848-1852,1878-1882,1908-1912,1938-1942,1968-1972,1998-2002,2028-2032,2058-2062,2088-2092,2125-2129,2163-2167,2195-2199,2225-2229,2257-2261,2286-2290,2318-2322,2352-2356,2382-2386,2412-2416,2442-2446,2472-2476
qt/gen_qcombobox.h
  s_64fea63fed100b::t_f26bcd9ad98181 183,185,187,189,191,193,195,197,199,201
qt/gen_qcommandlinkbutton.cpp
  s_64fea63fed100b::t_90abda195f7b5a 1-2,49,117,121,125,132,136,141,148,152,156,163,167,172,179,183,189,196,200,206,213,217,223,230,234,240,247,251,258,265,269,274,281,285,290,297,301,307,314,318,324,331,335,341,348,352,358,365,369,375,382,386,392,399,403,407,414,418,424,431,435,439,446,450,454,461,465,471,478,482,488,495,499,505,512,516,522,529,533,539,546,550,556,563,567,573,580,584,590,597,601,607,614,618,624,631,635,641,648,652,658,665,669,675,682,686,692,699,703,709,716,720,726,733,737,749,756,760,766,773,777,783,790,794,799,806,810,814,821,825,831,838,842,848,855,859,864,871,875,881,888,892,898,905,909,915,922,926,934,941,945,953,1097,1103,1112,1118,1127,1133,1142,1148,1157,1163,1172,1178,1187,1193,1202,1208,1217,1223,1232,1238,1247,1253,1262,1268,1277,1283,1292,1298,1307,1313,1322,1328,1337,1343,1352,1358,1367,1373,1382,1388,1397,1403,1412,1418,1427,1433,1442,1448,1457,1463,1472,1478,1487,1493,1502,1508,1517,1523,1532,1538,1547,1553,1562,1568,1577,1583,1592,1598,1607,1613,1622,1628,1637,1643,1652,1658,1668,1674,1683,1689,1698,1704,1713,1719,1728,1734,1743,1749,1758,1764,1773,1779,1788,1794,1803,1809,1818,1824,1833,1839
qt/gen_qcommandlinkbutton.go
  s_64fea63fed100b::t_47f0fdf4a61b8e 17-21,347-351,376-380,410-414,439-443,471-475,501-505,531-535,561-565,591-595,623-627,650-654,677-681,707-711,737-741,767-771,797-801,827-831,857-861,886-890,916-920,945-949,974-978,1004-1008,1034-1038,1064-1068,1094-1098,1124-1128,1154-1158,1184-1188,1214-1218,1244-1248,1274-1278,1304-1308,1334-1338,1364-1368,1394-1398,1424-1428,1461-1465,1499-1503,1531-1535,1561-1565,1593-1597,1622-1626,1654-1658,1686-1690,1718-1722,1752-1756,1782-1786,1812-1816,1842-1846
qt/gen_qcommonstyle.cpp
  s_64fea63fed100b::t_eeadf29564658f 1-2,34,77,81,91,98,102,112,119,123,131,138,142,152,159,163,174,181,185,195,202,206,217,224,228,236,243,247,256,263,267,275,282,286,294,301,305,315,322,326,338,345,349,357,364,368,374,381,385,391,398,402,408,415,419,425,432,436,456,463,467,478,485,489,513,520,524,537,544,548,552,559,563,568,575,579,585,592,596,602,609,613,619,626,630,636,643,647,655,662,666,674,843,849,858,864,873,879,888,894,903,909,919,925,934,940,949,955,964,970,979,985,994,1000,1009,1015,1024,1030,1039,1045,1054,1060,1069,1075,1084,1090,1099,1105,1114,1120,1130,1136,1145,1151,1161,1167,1176,1182,1191,1197,1206,1212,1221,1227,1236,1242,1251,1257,1266,1272,1281,1287
qt/gen_qcommonstyle.go
  s_64fea63fed100b::t_d876c247b16be6 17-21,284-288,320-324,358-362,394-398,430-434,470-474,510-514,548-552,584-588,624-628,662-666,700-704,736-740,776-780,806-810,836-840,866-870,896-900,932-936,977-981,1017-1021,1061-1065,1099-1103,1128-1132,1160-1164,1194-1198,1224-1228,1254-1258,1284-1288,1314-1318
qt/gen_qcompleter.cpp
  s_64fea63fed100b::t_14b87aec2d5d79 1-2,26,57,61,68,77,81,93,112,116,122,129,133,138,145,149,155,162,166,172,179,183,189,196,200,208,215,219,227,492-495,505,512-515,520,528-531,541,548-551,556,608,614,630,636,662,668,677,683,692,698,707,713,722,728,737,743,752,758
qt/gen_qcompleter.go
  s_64fea63fed100b::t_4afeee27db1268 33-37,325-328,350-353,376-379,401-404,534-538,582-586,625-629,659-663,691-695,721-725,751-755,781-785,811-815
qt/gen_qcompleter.h
  s_64fea63fed100b::t_84fe96ea82d8bb 92,94,96,98
qt/gen_qconcatenatetablesproxymodel.cpp
  s_64fea63fed100b::t_a84d02e77c6754 1-2,30,85,89,97,104,108,119,126,130,137,150,154,176,183,187,194,201,205,214,221,225,232,239,243,250,257,261,269,276,280,287,294,298,302,321,325,339,346,350,362,369,373,385,392,396,403,410,414,423,430,434,441,448,452,463,470,474,478,485,489,493,500,504,513,520,524,533,540,544,553,560,564,573,580,584,597,604,608,621,628,632,640,647,651,658,665,669,677,684,688,695,702,706,720,734,738,742,757,761,765,772,776,781,788,792,797,804,808,814,821,825,831,838,842,848,855,859,865,872,876,884,891,895,903,1156,1162,1171,1177,1186,1192,1215,1221,1236,1242,1252,1258,1267,1273,1282,1288,1297,1303,1312,1318,1327,1333,1358,1364,1379,1385,1394,1400,1409,1415,1424,1430,1439,1445,1454,1460,1469,1475,1485,1491,1501,1507,1516,1522,1531,1537,1546,1552,1561,1567,1576,1582,1591,1597,1606,1612,1621,1627,1636,1642,1651,1657,1675,1681,1709,1715,1724,1730,1739,1745,1754,1760,1769,1775,1784,1790,1799,1805,1814,1820,1829,1835
qt/gen_qconcatenatetablesproxymodel.go
  s_64fea63fed100b::t_09cc4693d56bbe 17-21,641-645,675-679,724-728,784-788,831-835,865-869,903-907,935-939,969-973,1005-1009,1046-1050,1089-1093,1129-1133,1169-1173,1211-1215,1245-1249,1281-1285,1313-1317,1351-1355,1380-1384,1409-1413,1445-1449,1481-1485,1517-1521,1553-1557,1593-1597,1633-1637,1663-1667,1695-1699,1729-1733,1769-1773,1827-1831,1876-1880,1905-1909,1932-1936,1964-1968,1998-2002,2028-2032,2058-2062,2088-2092,2118-2122
qt/gen_qcoreapplication.cpp
  s_64fea63fed100b::t_abea659e147c21 1-2,24,51,55,61,68,72,77,84,88,94,101,105,111,118,122,128,135,139,145,152,156,164,171,175,183,513-516,518,525-528,530,537-540,542,549-552,554,652,658,667,673,682,688,697,703,712,718,727,733,742,748,757,763,815-818,820
qt/gen_qcoreapplication.go
  s_64fea63fed100b::t_248862c8b523cc 23-27,378-381,397-400,416-419,435-438,613-617,647-651,679-683,713-717,743-747,773-777,803-807,833-837,856-859
qt/gen_qcoreapplication.h
  s_64fea63fed100b::t_867e4efb3e42bc 93,95,97,99,137
qt/gen_qdatawidgetmapper.cpp
  s_64fea63fed100b::t_2a355cb146eada 1-2,25,48,52,58,65,69,74,81,85,91,98,102,108,115,119,125,132,136,142,149,153,161,168,172,180,351-354,357,405,411,420,426,435,441,450,456,465,471,480,486,495,501,510,516
qt/gen_qdatawidgetmapper.go
  s_64fea63fed100b::t_23f440b731ef22 24-28,224-227,351-355,381-385,413-417,447-451,477-481,507-511,537-541,567-571
qt/gen_qdatawidgetmapper.h
  s_64fea63fed100b::t_e01b6161290624 77
qt/gen_qdatetimeedit.cpp
  s_64fea63fed100b::t_9c4e63c3443d43 1-2,56,114,170,245,249,253,260,264,269,276,280,286,293,297,302,309,313,319,326,330,336,343,347,353,360,364,369,376,380,393,400,404,417,424,428,440,447,451,458,467,471,475,482,486,492,499,503,509,516,520,524,531,535,541,548,552,558,565,569,575,582,586,592,599,603,609,616,620,626,633,637,643,650,654,660,667,671,677,684,688,694,701,705,711,718,722,728,735,739,743,750,754,760,767,771,776,783,787,791,798,802,806,813,817,823,830,834,840,847,851,857,864,868,874,881,885,891,898,902,908,915,919,925,932,936,942,949,953,959,966,970,976,983,987,999,1006,1010,1016,1023,1027,1033,1040,1044,1049,1056,1060,1064,1071,1075,1081,1088,1092,1098,1105,1109,1115,1122,1126,1132,1139,1143,1151,1158,1162,1170,1468-1471,1476,1483-1486,1491,1498-1501,1506,1566,1572,1581,1587,1596,1602,1611,1617,1626,1632,1641,1647,1656,1662,1671,1677,1686,1692,1703,1709,1719,1725,1735,1741,1757,1763,1773,1779,1788,1794,1803,1809,1818,1824,1833,1839,1848,1854,1863,1869,1878,1884,1893,1899,1908,1914,1923,1929,1938,1944,1953,1959,1968,1974,1983,1989,1998,2004,2013,2019,2028,2034,2043,2049,2058,2064,2073,2079,2088,2094,2103,2109,2118,2124,2133,2139,2148,2154,2163,2169,2178,2184,2193,2199,2208,2214,2223,2229,2239,2245,2254,2260,2269,2275,2284,2290,2299,2305,2314,2320,2329,2335,2344,2350,2359,2365,2374,2380,2535,2539,2543,2550,2554,2559,2566,2570,2576,2583,2587,2592,2599,2603,2609,2616,2620,2626,2633,2637,2643,2650,2654,2659,2666,2670,2683,2690,2694,2707,2714,2718,2730,2737,2741,2748,2757,2761,2765,2772,2776,2782,2789,2793,2799,2806,2810,2814,2821,2825,2831,2838,2842,2848,2855,2859,2865,2872,2876,2882,2889,2893,2899,2906,2910,2916,2923,2927,2933,2940,2944,2950,2957,2961,2967,2974,2978,2984,2991,2995,3001,3008,3012,3018,3025,3029,3033,3040,3044,3050,3057,3061,3066,3073,3077,3081,3088,3092,3096,3103,3107,3113,3120,3124,3130,3137,3141,3147,3154,3158,3164,3171,3175,3181,3188,3192,3198,3205,3209,3215,3222,3226,3232,3239,3243,3249,3256,3260,3266,3273,3277,3289,3296,3300,3306,3313,3317,3323,3330,3334,3339,3346,3350,3354,3361,3365,3371,3378,3382,3388,3395,3399,3405,3412,3416,3422,3429,3433,3441,3448,3452,3460,3535-3538,3543,3591,3597,3606,3612,3621,3627,3636,3642,3651,3657,3666,3672,3681,3687,3696,3702,3711,3717,3728,3734,3744,3750,3760,3766,3782,3788,3798,3804,3813,3819,3828,3834,3843,3849,3858,3864,3873,3879,3888,3894,3903,3909,3918,3924,3933,3939,3948,3954,3963,3969,3978,3984,3993,3999,4008,4014,4023,4029,4038,4044,4053,4059,4068,4074,4083,4089,4098,4104,4113,4119,4128,4134,4143,4149,4158,4164,4173,4179,4188,4194,4203,4209,4218,4224,4233,4239,4248,4254,4264,4270,4279,4285,4294,4300,4309,4315,4324,4330,4339,4345,4354,4360,4369,4375,4384,4390,4399,4405,4560,4564,4568,4575,4579,4584,4591,4595,4601,4608,4612,4617,4624,4628,4634,4641,4645,4651,4658,4662,4668,4675,4679,4684,4691,4695,4708,4715,4719,4732,4739,4743,4755,4762,4766,4773,4782,4786,4790,4797,4801,4807,4814,4818,4824,4831,4835,4839,4846,4850,4856,4863,4867,4873,4880,4884,4890,4897,4901,4907,4914,4918,4924,4931,4935,4941,4948,4952,4958,4965,4969,4975,4982,4986,4992,4999,5003,5009,5016,5020,5026,5033,5037,5043,5050,5054,5058,5065,5069,5075,5082,5086,5091,5098,5102,5106,5113,5117,5121,5128,5132,5138,5145,5149,5155,5162,5166,5172,5179,5183,5189,5196,5200,5206,5213,5217,5223,5230,5234,5240,5247,5251,5257,5264,5268,5274,5281,5285,5291,5298,5302,5314,5321,5325,5331,5338,5342,5348,5355,5359,5364,5371,5375,5379,5386,5390,5396,5403,5407,5413,5420,5424,5430,5437,5441,5447,5454,5458,5466,5473,5477,5485,5560-5563,5568,5616,5622,5631,5637,5646,5652,5661,5667,5676,5682,5691,5697,5706,5712,5721,5727,5736,5742,5753,5759,5769,5775,5785,5791,5807,5813,5823,5829,5838,5844,5853,5859,5868,5874,5883,5889,5898,5904,5913,5919,5928,5934,5943,5949,5958,5964,5973,5979,5988,5994,6003,6009,6018,6024,6033,6039,6048,6054,6063,6069,6078,6084,6093,6099,6108,6114,6123,6129,6138,6144,6153,6159,6168,6174,6183,6189,6198,6204,6213,6219,6228,6234,6243,6249,6258,6264,6273,6279,6289,6295,6304,6310,6319,6325,6334,6340,6349,6355,6364,6370,6379,6385,6394,6400,6409,6415,6424,6430
qt/gen_qdatetimeedit.go
  s_64fea63fed100b::t_fc5f0217a8b9b4 33-37,373-376,395-398,417-420,660-664,689-693,716-720,746-750,778-782,808-812,838-842,868-872,904-908,944-948,983-987,1020-1024,1055-1059,1084-1088,1114-1118,1146-1150,1177-1181,1209-1213,1239-1243,1269-1273,1299-1303,1329-1333,1359-1363,1389-1393,1419-1423,1449-1453,1479-1483,1509-1513,1539-1543,1568-1572,1598-1602,1630-1634,1659-1663,1688-1692,1718-1722,1748-1752,1778-1782,1808-1812,1838-1842,1868-1872,1898-1902,1928-1932,1958-1962,1995-1999,2033-2037,2065-2069,2095-2099,2127-2131,2156-2160,2186-2190,2220-2224,2250-2254,2280-2284,2310-2314,2348-2352,2444-2447,2675-2679,2704-2708,2731-2735,2761-2765,2793-2797,2823-2827,2853-2857,2883-2887,2919-2923,2959-2963,2998-3002,3035-3039,3070-3074,3099-3103,3129-3133,3161-3165,3192-3196,3224-3228,3254-3258,3284-3288,3314-3318,3344-3348,3374-3378,3404-3408,3434-3438,3464-3468,3494-3498,3524-3528,3554-3558,3583-3587,3613-3617,3645-3649,3674-3678,3703-3707,3733-3737,3763-3767,3793-3797,3823-3827,3853-3857,3883-3887,3913-3917,3943-3947,3973-3977,4010-4014,4048-4052,4080-4084,4110-4114,4142-4146,4171-4175,4201-4205,4235-4239,4265-4269,4295-4299,4325-4329,4363-4367,4459-4462,4690-4694,4719-4723,4746-4750,4776-4780,4808-4812,4838-4842,4868-4872,4898-4902,4934-4938,4974-4978,5013-5017,5050-5054,5085-5089,5114-5118,5144-5148,5176-5180,5207-5211,5239-5243,5269-5273,5299-5303,5329-5333,5359-5363,5389-5393,5419-5423,5449-5453,5479-5483,5509-5513,5539-5543,5569-5573,5598-5602,5628-5632,5660-5664,5689-5693,5718-5722,5748-5752,5778-5782,5808-5812,5838-5842,5868-5872,5898-5902,5928-5932,5958-5962,5988-5992,6025-6029,6063-6067,6095-6099,6125-6129,6157-6161,6186-6190,6216-6220,6250-6254,6280-6284,6310-6314,6340-6344
qt/gen_qdatetimeedit.h
  s_64fea63fed100b::t_01aef5b253df0c 166,168,170,324,464
qt/gen_qdesktopwidget.cpp
  s_64fea63fed100b::t_62de3fcd5d6aa9 1-2,47,111,115,121,128,132,136,143,147,153,160,164,168,175,179,183,190,194,199,206,210,214,221,225,229,236,240,245,252,256,262,269,273,279,286,290,296,303,307,313,320,324,330,337,341,347,354,358,364,371,375,381,388,392,398,405,409,415,422,426,432,439,443,449,456,460,466,473,477,483,490,494,500,507,511,517,524,528,534,541,545,551,558,562,568,575,579,585,592,596,602,609,613,619,626,630,636,643,647,659,666,670,676,683,687,693,700,704,710,717,721,726,733,737,741,748,752,758,765,769,775,782,786,791,798,802,808,815,819,825,832,836,842,849,853,859,866,870,878,885,889,897,1009-1012,1015,1022-1025,1028,1035-1038,1041,1048-1051,1053,1117,1123,1132,1138,1147,1153,1162,1168,1177,1183,1192,1198,1207,1213,1222,1228,1237,1243,1252,1258,1267,1273,1282,1288,1297,1303,1312,1318,1327,1333,1342,1348,1357,1363,1372,1378,1387,1393,1402,1408,1417,1423,1432,1438,1447,1453,1462,1468,1477,1483,1492,1498,1507,1513,1522,1528,1537,1543,1552,1558,1567,1573,1582,1588,1597,1603,1613,1619,1628,1634,1643,1649,1658,1664,1673,1679,1688,1694,1703,1709,1718,1724,1733,1739,1748,1754,1763,1769,1778,1784,1793,1799,1808,1814
qt/gen_qdesktopwidget.go
  s_64fea63fed100b::t_ace01cee288286 17-21,159-162,181-184,203-206,225-228,433-437,463-467,492-496,524-528,555-559,584-588,616-620,645-649,674-678,706-710,736-740,766-770,796-800,826-830,856-860,886-890,916-920,946-950,976-980,1006-1010,1036-1040,1066-1070,1096-1100,1126-1130,1156-1160,1186-1190,1216-1220,1246-1250,1276-1280,1306-1310,1336-1340,1366-1370,1403-1407,1441-1445,1471-1475,1503-1507,1533-1537,1565-1569,1594-1598,1626-1630,1658-1662,1690-1694,1724-1728,1754-1758,1784-1788,1814-1818,1844-1848
qt/gen_qdesktopwidget.h
  s_64fea63fed100b::t_5aae6d5e26a9bf 107,109,111,113
qt/gen_qdial.cpp
  s_64fea63fed100b::t_886a1a0cb90ed6 1-2,48,110,114,118,125,129,133,140,144,149,156,160,166,173,177,183,190,194,200,207,211,217,224,228,234,241,245,252,259,263,269,276,280,286,293,297,303,310,314,320,327,331,335,342,346,352,359,363,368,375,379,383,390,394,398,405,409,415,422,426,432,439,443,449,456,460,466,473,477,483,490,494,500,507,511,517,524,528,534,541,545,551,558,562,568,575,579,585,592,596,602,609,613,619,626,630,636,643,647,653,660,664,670,677,681,687,694,698,710,717,721,727,734,738,744,751,755,760,767,771,775,782,786,792,799,803,809,816,820,825,832,836,842,849,853,859,866,870,876,883,887,895,902,906,914,1059,1065,1074,1080,1089,1095,1104,1110,1119,1125,1134,1140,1149,1155,1164,1170,1179,1185,1194,1200,1209,1215,1224,1230,1239,1245,1254,1260,1269,1275,1284,1290,1299,1305,1314,1320,1329,1335,1344,1350,1359,1365,1374,1380,1389,1395,1404,1410,1419,1425,1434,1440,1449,1455,1464,1470,1479,1485,1494,1500,1509,1515,1524,1530,1539,1545,1554,1560,1569,1575,1584,1590,1600,1606,1615,1621,1630,1636,1645,1651,1660,1666,1675,1681,1690,1696,1705,1711,1720,1726,1735,1741,1750,1756,1765,1771
qt/gen_qdial.go
  s_64fea63fed100b::t_a0a032e75eb072 17-21,350-354,381-385,410-414,442-446,472-476,502-506,532-536,562-566,592-596,622-626,652-656,682-686,712-716,742-746,771-775,801-805,833-837,862-866,891-895,921-925,951-955,981-985,1011-1015,1041-1045,1071-1075,1101-1105,1131-1135,1161-1165,1191-1195,1221-1225,1251-1255,1281-1285,1311-1315,1341-1345,1371-1375,1408-1412,1446-1450,1478-1482,1508-1512,1540-1544,1569-1573,1601-1605,1633-1637,1665-1669,1699-1703,1729-1733,1759-1763,1789-1793
qt/gen_qdialog.cpp
  s_64fea63fed100b::t_86e34e80bc2061 1-2,46,116,120,126,133,137,141,148,152,156,163,167,172,179,183,187,194,198,204,211,215,220,227,231,236,243,247,253,260,264,270,277,281,287,294,298,304,311,315,321,328,332,338,345,349,353,360,364,369,376,380,384,391,395,399,406,410,415,422,426,432,439,443,449,456,460,466,473,477,483,490,494,500,507,511,517,524,528,534,541,545,551,558,562,568,575,579,585,592,596,602,609,613,619,626,630,636,643,647,653,660,664,670,677,681,687,694,698,704,711,715,721,728,732,738,745,749,761,768,772,778,785,789,795,802,806,812,819,823,828,835,839,843,850,854,860,867,871,877,884,888,893,900,904,910,917,921,927,934,938,944,951,955,963,970,974,982,1100-1103,1106,1113-1116,1118,1125-1128,1130,1202,1208,1217,1223,1232,1238,1247,1253,1262,1268,1277,1283,1292,1298,1307,1313,1322,1328,1337,1343,1352,1358,1367,1373,1382,1388,1397,1403,1412,1418,1427,1433,1442,1448,1457,1463,1472,1478,1487,1493,1502,1508,1517,1523,1532,1538,1547,1553,1562,1568,1577,1583,1592,1598,1607,1613,1622,1628,1637,1643,1652,1658,1667,1673,1682,1688,1697,1703,1712,1718,1727,1733,1742,1748,1757,1763,1772,1778,1788,1794,1803,1809,1818,1824,1833,1839,1848,1854,1863,1869,1878,1884,1893,1899,1908,1914,1923,1929,1938,1944,1953,1959,1968,1974
qt/gen_qdialog.go
  s_64fea63fed100b::t_d48d58fdb5860b 24-28,166-169,188-191,207-210,431-435,463-467,494-498,523-527,550-554,579-583,609-613,636-640,663-667,693-697,723-727,753-757,783-787,813-817,847-851,876-880,908-912,937-941,966-970,998-1002,1028-1032,1058-1062,1088-1092,1118-1122,1148-1152,1178-1182,1208-1212,1238-1242,1268-1272,1298-1302,1328-1332,1358-1362,1388-1392,1418-1422,1448-1452,1478-1482,1508-1512,1538-1542,1575-1579,1613-1617,1643-1647,1675-1679,1705-1709,1737-1741,1766-1770,1798-1802,1830-1834,1862-1866,1892-1896,1922-1926,1952-1956,1982-1986
qt/gen_qdialog.h
  s_64fea63fed100b::t_729ad55e57e30c 106,108,110
qt/gen_qdialogbuttonbox.cpp
  s_64fea63fed100b::t_e6886f0aa8b164 1-2,49,120,124,130,137,141,146,153,157,161,168,172,178,185,189,193,200,204,208,215,219,224,231,235,239,246,250,254,261,265,271,278,282,288,295,299,305,312,316,322,329,333,339,346,350,356,363,367,373,380,384,390,397,401,407,414,418,424,431,435,441,448,452,458,465,469,475,482,486,492,499,503,509,516,520,526,533,537,543,550,554,560,567,571,577,584,588,594,601,605,611,618,622,628,635,639,645,652,656,662,669,673,685,692,696,702,709,713,719,726,730,735,742,746,750,757,761,767,774,778,784,791,795,800,807,811,817,824,828,834,841,845,851,858,862,868,875,879,887,894,898,906,1068-1071,1074,1081-1084,1086,1093-1096,1098,1105-1108,1110,1158,1164,1173,1179,1188,1194,1203,1209,1218,1224,1233,1239,1248,1254,1263,1269,1278,1284,1293,1299,1308,1314,1323,1329,1338,1344,1353,1359,1368,1374,1383,1389,1398,1404,1413,1419,1428,1434,1443,1449,1458,1464,1473,1479,1488,1494,1503,1509,1518,1524,1533,1539,1548,1554,1563,1569,1578,1584,1593,1599,1608,1614,1623,1629,1638,1644,1653,1659,1669,1675,1684,1690,1699,1705,1714,1720,1729,1735,1744,1750,1759,1765,1774,1780,1789,1795,1804,1810,1819,1825,1834,1840,1849,1855
qt/gen_qdialogbuttonbox.go
  s_64fea63fed100b::t_da72bcbe202a26 69-73,259-262,281-284,300-303,319-322,507-511,537-541,569-573,598-602,630-634,661-665,690-694,722-726,751-755,780-784,810-814,840-844,870-874,900-904,930-934,960-964,990-994,1020-1024,1050-1054,1080-1084,1110-1114,1140-1144,1170-1174,1200-1204,1230-1234,1260-1264,1290-1294,1320-1324,1350-1354,1380-1384,1410-1414,1440-1444,1470-1474,1507-1511,1545-1549,1577-1581,1607-1611,1639-1643,1668-1672,1700-1704,1732-1736,1764-1768,1798-1802,1828-1832,1858-1862,1888-1892,1918-1922
qt/gen_qdialogbuttonbox.h
  s_64fea63fed100b::t_305a3c31a96038 118,120,122,124
qt/gen_qdirmodel.cpp
  s_64fea63fed100b::t_d0946a9788f8df 1-2,33,90,94,103,110,114,121,128,132,139,146,150,157,164,168,176,183,187,198,205,209,217,224,228,235,242,246,253,260,264,272,279,283,287,306,310,324,331,335,347,354,358,362,369,373,382,389,393,404,411,415,422,435,439,461,468,472,484,491,495,499,506,510,519,526,530,539,546,550,559,566,570,579,586,590,603,610,614,627,634,638,646,653,657,664,671,675,682,689,693,707,721,725,732,739,743,747,762,766,770,777,781,786,793,797,802,809,813,819,826,830,836,843,847,853,860,864,870,877,881,889,896,900,908,1277,1283,1292,1298,1307,1313,1322,1328,1337,1343,1352,1358,1367,1373,1382,1388,1397,1403,1413,1419,1428,1434,1459,1465,1480,1486,1495,1501,1511,1517,1526,1532,1541,1547,1570,1576,1591,1597,1606,1612,1622,1628,1637,1643,1652,1658,1667,1673,1682,1688,1697,1703,1712,1718,1727,1733,1742,1748,1757,1763,1781,1787,1796,1802,1830,1836,1845,1851,1860,1866,1875,1881,1890,1896,1905,1911,1920,1926,1935,1941,1950,1956
qt/gen_qdirmodel.go
  s_64fea63fed100b::t_879d05f13d4489 25-29,768-772,806-810,838-842,870-874,904-908,938-942,976-980,1012-1016,1044-1048,1076-1080,1117-1121,1160-1164,1200-1204,1240-1244,1271-1275,1307-1311,1358-1362,1418-1422,1465-1469,1505-1509,1534-1538,1570-1574,1606-1610,1642-1646,1678-1682,1718-1722,1758-1762,1788-1792,1822-1826,1862-1866,1909-1913,1954-1958,2003-2007,2032-2036,2059-2063,2091-2095,2125-2129,2155-2159,2185-2189,2215-2219,2245-2249
qt/gen_qdockwidget.cpp
  s_64fea63fed100b::t_f7972815cf7768 1-2,48,118,122,128,135,139,145,152,156,162,169,173,178,185,189,193,200,204,210,217,221,225,232,236,240,247,251,256,263,267,271,278,282,286,293,297,303,310,314,320,327,331,337,344,348,354,361,365,371,378,382,388,395,399,405,412,416,422,429,433,439,446,450,456,463,467,473,480,484,490,497,501,507,514,518,524,531,535,541,548,552,558,565,569,575,582,586,592,599,603,609,616,620,626,633,637,643,650,654,660,667,671,683,690,694,700,707,711,717,724,728,733,740,744,748,755,759,765,772,776,782,789,793,798,805,809,815,822,826,832,839,843,849,856,860,866,873,877,885,892,896,904,1038-1041,1045,1052-1055,1058,1065-1068,1072,1079-1082,1085,1092-1095,1099,1147,1153,1162,1168,1177,1183,1192,1198,1207,1213,1222,1228,1237,1243,1252,1258,1267,1273,1282,1288,1297,1303,1312,1318,1327,1333,1342,1348,1357,1363,1372,1378,1387,1393,1402,1408,1417,1423,1432,1438,1447,1453,1462,1468,1477,1483,1492,1498,1507,1513,1522,1528,1537,1543,1552,1558,1567,1573,1582,1588,1597,1603,1612,1618,1627,1633,1642,1648,1658,1664,1673,1679,1688,1694,1703,1709,1718,1724,1733,1739,1748,1754,1763,1769,1778,1784,1793,1799,1808,1814,1823,1829,1838,1844
qt/gen_qdockwidget.go
  s_64fea63fed100b::t_6214deaa7da724 30-34,198-201,220-223,242-245,264-267,286-289,489-493,519-523,549-553,579-583,611-615,640-644,672-676,703-707,732-736,764-768,793-797,822-826,852-856,882-886,912-916,942-946,972-976,1002-1006,1032-1036,1062-1066,1092-1096,1122-1126,1152-1156,1182-1186,1212-1216,1242-1246,1272-1276,1302-1306,1332-1336,1362-1366,1392-1396,1422-1426,1452-1456,1489-1493,1527-1531,1559-1563,1589-1593,1621-1625,1650-1654,1682-1686,1714-1718,1746-1750,1780-1784,1810-1814,1840-1844,1870-1874,1900-1904
qt/gen_qdockwidget.h
  s_64fea63fed100b::t_2b2c2b6b7e95c1 113,115,117,119,121
qt/gen_qdrag.cpp
  s_64fea63fed100b::t_5115cc0d43e6b2 1-2,23,45,49,54,61,65,71,78,82,88,95,99,105,112,116,122,129,133,141,148,152,160,284-287,291,298-301,304,362,368,377,383,392,398,407,413,422,428,437,443,452,458
qt/gen_qdrag.go
  s_64fea63fed100b::t_88857bdeac9793 17-21,165-168,187-190,322-326,354-358,388-392,418-422,448-452,478-482,508-512
qt/gen_qdrag.h
  s_64fea63fed100b::t_96989559a42a3e 64,66
qt/gen_qerrormessage.cpp
  s_64fea63fed100b::t_1d77bfc1bca3dc 1-2,47,113,117,123,130,134,140,147,151,157,164,168,172,179,183,187,194,198,203,210,214,218,225,229,234,241,245,250,257,261,267,274,278,284,291,295,301,308,312,318,325,329,335,342,346,352,359,363,367,374,378,383,390,394,398,405,409,413,420,424,429,436,440,446,453,457,463,470,474,480,487,491,497,504,508,514,521,525,531,538,542,548,555,559,565,572,576,582,589,593,599,606,610,616,623,627,633,640,644,650,657,661,667,674,678,684,691,695,701,708,712,718,725,729,735,742,746,752,759,763,775,782,786,792,799,803,809,816,820,825,832,836,840,847,851,857,864,868,874,881,885,890,897,901,907,914,918,924,931,935,941,948,952,960,967,971,979,1100,1106,1115,1121,1130,1136,1145,1151,1160,1166,1175,1181,1190,1196,1205,1211,1220,1226,1235,1241,1250,1256,1265,1271,1280,1286,1295,1301,1310,1316,1325,1331,1340,1346,1355,1361,1370,1376,1385,1391,1400,1406,1415,1421,1430,1436,1445,1451,1460,1466,1475,1481,1490,1496,1505,1511,1520,1526,1535,1541,1550,1556,1565,1571,1580,1586,1595,1601,1610,1616,1625,1631,1640,1646,1655,1661,1670,1676,1685,1691,1701,1707,1716,1722,1731,1737,1746,1752,1761,1767,1776,1782,1791,1797,1806,1812,1821,1827,1836,1842,1851,1857,1866,1872
qt/gen_qerrormessage.go
  s_64fea63fed100b::t_2a6418adc0e469 17-21,306-310,336-340,366-370,398-402,429-433,458-462,485-489,514-518,541-545,568-572,598-602,628-632,658-662,688-692,718-722,752-756,781-785,813-817,842-846,871-875,903-907,933-937,963-967,993-997,1023-1027,1053-1057,1083-1087,1113-1117,1143-1147,1173-1177,1203-1207,1233-1237,1263-1267,1293-1297,1323-1327,1353-1357,1383-1387,1413-1417,1443-1447,1480-1484,1518-1522,1550-1554,1580-1584,1612-1616,1641-1645,1673-1677,1705-1709,1737-1741,1767-1771,1797-1801,1827-1831,1857-1861
qt/gen_qeventloop.cpp
  s_64fea63fed100b::t_06966fdb7a1b23 1-2,22,43,47,52,59,63,69,76,80,86,93,97,103,110,114,120,127,131,139,146,150,158,302,308,317,323,332,338,347,353,362,368,377,383,392,398
qt/gen_qeventloop.go
  s_64fea63fed100b::t_aa6498aeeb3894 29-33,262-266,294-298,328-332,358-362,388-392,418-422,448-452
qt/gen_qeventtransition.cpp
  s_64fea63fed100b::t_c20a2c7c241b98 1-2,22,47,51,56,63,67,73,80,84,89,96,100,106,113,117,123,130,134,140,147,151,157,164,168,176,183,187,195,320,326,335,341,350,356,365,371,380,386,395,401,410,416,425,431,440,446
qt/gen_qeventtransition.go
  s_64fea63fed100b::t_0b210fc61b23d3 17-21,234-238,266-270,296-300,328-332,362-366,392-396,422-426,452-456,482-486
qt/gen_qfile.cpp
  s_64fea63fed100b::t_de9373549445a9 1-2,23,66,70,74,83,87,93,100,104,108,115,119,125,132,136,140,147,151,157,164,168,173,180,184,188,195,199,203,210,214,220,227,231,235,242,246,253,260,264,271,278,282,289,296,300,304,311,315,319,326,330,334,341,345,349,356,360,365,372,376,381,388,392,397,404,408,414,421,425,431,438,442,448,455,459,465,472,476,484,491,495,503,816,822,838,844,853,859,869,875,884,890,900,906,915,921,930,936,945,951,961,967,976,982,991,997,1007,1013,1023,1029,1039,1045,1054,1060,1070,1076,1086,1092,1101,1107,1116,1122,1131,1137,1146,1152,1161,1167,1176,1182,1191,1197,1206,1212,1221,1227
qt/gen_qfile.go
  s_64fea63fed100b::t_eec72084775b54 17-21,489-493,521-525,553-557,582-586,614-618,643-647,675-679,702-706,731-735,760-764,792-796,823-827,860-864,897-901,932-936,961-965,990-994,1019-1023,1048-1052,1080-1084,1112-1116,1144-1148,1178-1182,1208-1212,1238-1242,1268-1272,1298-1302
qt/gen_qfiledialog.cpp
  s_64fea63fed100b::t_01236b6256be44 1-2,53,132,136,142,149,153,159,166,170,175,182,186,192,199,203,207,214,218,222,229,233,238,245,249,253,260,264,269,276,280,286,293,297,303,310,314,320,327,331,337,344,348,354,361,365,371,378,382,386,393,397,402,409,413,417,424,428,432,439,443,448,455,459,465,472,476,482,489,493,499,506,510,516,523,527,533,540,544,550,557,561,567,574,578,584,591,595,601,608,612,618,625,629,635,642,646,652,659,663,669,676,680,686,693,697,703,710,714,720,727,731,737,744,748,754,761,765,771,778,782,794,801,805,811,818,822,828,835,839,844,851,855,859,866,870,876,883,887,893,900,904,909,916,920,926,933,937,943,950,954,960,967,971,979,986,990,998,1492-1495,1505,1519-1522,1541,1549-1552,1562,1570-1573,1583,1590-1593,1598,1611-1614,1626,1633-1636,1641,1648-1651,1656,1664-1667,1677,2175,2181,2190,2196,2205,2211,2220,2226,2235,2241,2250,2256,2265,2271,2280,2286,2295,2301,2310,2316,2325,2331,2340,2346,2355,2361,2370,2376,2385,2391,2400,2406,2415,2421,2430,2436,2445,2451,2460,2466,2475,2481,2490,2496,2505,2511,2520,2526,2535,2541,2550,2556,2565,2571,2580,2586,2595,2601,2610,2616,2625,2631,2640,2646,2655,2661,2670,2676,2685,2691,2700,2706,2715,2721,2730,2736,2745,2751,2760,2766,2776,2782,2791,2797,2806,2812,2821,2827,2836,2842,2851,2857,2866,2872,2881,2887,2896,2902,2911,2917,2926,2932,2941,2947
qt/gen_qfiledialog.go
  s_64fea63fed100b::t_100925a7ac3778 64-68,589-592,624-627,659-662,688-691,713-716,741-744,771-774,793-796,819-822,1536-1540,1566-1570,1596-1600,1623-1627,1655-1659,1686-1690,1715-1719,1742-1746,1771-1775,1798-1802,1828-1832,1858-1862,1888-1892,1918-1922,1948-1952,1982-1986,2011-2015,2043-2047,2072-2076,2101-2105,2133-2137,2163-2167,2193-2197,2223-2227,2253-2257,2283-2287,2313-2317,2343-2347,2373-2377,2403-2407,2433-2437,2463-2467,2493-2497,2523-2527,2553-2557,2583-2587,2613-2617,2643-2647,2673-2677,2710-2714,2748-2752,2780-2784,2810-2814,2842-2846,2871-2875,2903-2907,2935-2939,2967-2971,2997-3001,3027-3031,3057-3061,3087-3091
qt/gen_qfiledialog.h
  s_64fea63fed100b::t_2a07a7a009b2e6 166,168,170,172,174,176,178,180,182
qt/gen_qfileiconprovider.cpp
  s_64fea63fed100b::t_be574d9f232748 1-2,16,32,36,42,49,53,60,67,71,78,121,127,136,142,151,157
qt/gen_qfileiconprovider.go
  s_64fea63fed100b::t_8ba86648c02fb9 35-39,113-117,147-151,181-185
qt/gen_qfileselector.cpp
  s_64fea63fed100b::t_f04fbc8565265b 1-2,22,43,47,52,59,63,69,76,80,86,93,97,103,110,114,120,127,131,139,146,150,158,325,331,340,346,355,361,370,376,385,391,400,406,415,421
qt/gen_qfileselector.go
  s_64fea63fed100b::t_df2e8a572f9287 17-21,263-267,295-299,329-333,359-363,389-393,419-423,449-453
qt/gen_qfilesystemmodel.cpp
  s_64fea63fed100b::t_6e22e3086e6322 1-2,35,93,97,106,113,117,124,131,135,144,151,155,162,169,173,180,187,191,199,206,210,217,224,228,235,242,246,254,261,265,276,283,287,295,302,306,313,320,324,332,339,343,347,366,370,384,391,395,407,414,418,422,429,433,439,446,450,455,462,466,477,484,488,495,508,512,534,541,545,557,564,568,572,579,583,592,599,603,612,619,623,632,639,643,652,659,663,676,683,687,700,707,711,718,725,729,743,757,761,768,775,779,783,798,802,806,813,817,822,829,833,839,846,850,856,863,867,873,880,884,892,899,903,911,992-995,1005,1015-1018,1044,1052-1055,1065,1408,1414,1423,1429,1438,1444,1453,1459,1468,1474,1483,1489,1498,1504,1513,1519,1528,1534,1543,1549,1558,1564,1573,1579,1589,1595,1604,1610,1635,1641,1656,1662,1671,1677,1687,1693,1702,1708,1717,1723,1732,1738,1761,1767,1782,1788,1797,1803,1813,1819,1828,1834,1843,1849,1858,1864,1873,1879,1888,1894,1903,1909,1918,1924,1942,1948,1957,1963,1991,1997,2006,2012,2021,2027,2036,2042,2051,2057,2066,2072,2081,2087
qt/gen_qfilesystemmodel.go
  s_64fea63fed100b::t_224c9663f0bb95 34-38,122-125,159-162,196-199,922-926,960-964,994-998,1030-1034,1062-1066,1094-1098,1124-1128,1156-1160,1190-1194,1224-1228,1262-1266,1298-1302,1330-1334,1371-1375,1414-1418,1454-1458,1494-1498,1523-1527,1553-1557,1585-1589,1636-1640,1696-1700,1743-1747,1783-1787,1812-1816,1848-1852,1884-1888,1920-1924,1956-1960,1996-2000,2038-2042,2078-2082,2125-2129,2170-2174,2219-2223,2248-2252,2275-2279,2309-2313,2339-2343,2369-2373,2399-2403
qt/gen_qfilesystemmodel.h
  s_64fea63fed100b::t_32d9412b3898ad 65,67,69
qt/gen_qfilesystemwatcher.cpp
  s_64fea63fed100b::t_f8cfe75d5cd267 1-2,21,46,50,55,62,66,72,79,83,89,96,100,106,113,117,123,130,134,142,149,153,161,387,393,402,408,417,423,432,438,447,453,462,468,477,483,535-538,548,551-554,564
qt/gen_qfilesystemwatcher.go
  s_64fea63fed100b::t_94f7052be7683b 17-21,326-330,358-362,392-396,422-426,452-456,482-486,512-516,535-538,557-560
qt/gen_qfilesystemwatcher.h
  s_64fea63fed100b::t_8092f72e371782 75-76
qt/gen_qfinalstate.cpp
  s_64fea63fed100b::t_41826c3b490f23 1-2,22,45,49,55,62,66,72,79,83,88,95,99,105,112,116,122,129,133,139,146,150,156,163,167,175,182,186,194,294,300,309,315,324,330,339,345,354,360,369,375,384,390,399,405,414,420
qt/gen_qfinalstate.go
  s_64fea63fed100b::t_1e72cc3afa7a09 17-21,206-210,236-240,266-270,298-302,332-336,362-366,392-396,422-426,452-456
qt/gen_qfocusframe.cpp
  s_64fea63fed100b::t_ce6e6c8bcd1a13 1-2,47,108,112,117,124,128,134,141,145,151,158,162,166,173,177,183,190,194,198,205,209,213,220,224,229,236,240,244,251,255,259,266,270,276,283,287,293,300,304,310,317,321,327,334,338,344,351,355,361,368,372,378,385,389,395,402,406,412,419,423,429,436,440,446,453,457,463,470,474,480,487,491,497,504,508,514,521,525,531,538,542,548,555,559,565,572,576,582,589,593,599,606,610,616,623,627,633,640,644,650,657,661,673,680,684,690,697,701,707,714,718,724,731,735,740,747,751,755,762,766,772,779,783,789,796,800,805,812,816,822,829,833,839,846,850,856,863,867,875,882,886,894,1008,1014,1023,1029,1038,1044,1053,1059,1068,1074,1083,1089,1098,1104,1113,1119,1128,1134,1143,1149,1158,1164,1173,1179,1188,1194,1203,1209,1218,1224,1233,1239,1248,1254,1263,1269,1278,1284,1293,1299,1308,1314,1323,1329,1338,1344,1353,1359,1368,1374,1383,1389,1398,1404,1413,1419,1428,1434,1443,1449,1458,1464,1473,1479,1488,1494,1503,1509,1519,1525,1534,1540,1549,1555,1564,1570,1579,1585,1594,1600,1609,1615,1624,1630,1639,1645,1654,1660,1669,1675,1684,1690,1699,1705
qt/gen_qfocusframe.go
  s_64fea63fed100b::t_eaabce933e2982 17-21,290-294,322-326,356-360,386-390,415-419,447-451,478-482,507-511,539-543,568-572,597-601,627-631,657-661,687-691,717-721,747-751,777-781,807-811,837-841,867-871,897-901,927-931,957-961,987-991,1017-1021,1047-1051,1077-1081,1107-1111,1137-1141,1167-1171,1197-1201,1227-1231,1257-1261,1294-1298,1332-1336,1362-1366,1394-1398,1424-1428,1456-1460,1485-1489,1517-1521,1549-1553,1581-1585,1611-1615,1641-1645,1671-1675,1701-1705
qt/gen_qfontcombobox.cpp
  s_64fea63fed100b::t_9fb23374bba638 1-2,49,113,117,121,128,132,137,144,148,152,159,163,168,175,179,184,191,195,201,208,212,218,225,229,235,242,246,252,259,263,269,276,280,286,293,297,303,310,314,320,327,331,337,344,348,354,361,365,371,378,382,388,395,399,405,412,416,422,429,433,439,446,450,454,461,465,471,478,482,487,494,498,502,509,513,517,524,528,534,541,545,551,558,562,568,575,579,585,592,596,602,609,613,619,626,630,636,643,647,653,660,664,670,677,681,687,694,698,704,711,715,721,728,732,744,751,755,761,768,772,778,785,789,794,801,805,809,816,820,825,832,836,842,849,853,859,866,870,876,883,887,893,900,904,912,919,923,931,1026-1029,1034,1082,1088,1097,1103,1112,1118,1127,1133,1142,1148,1157,1163,1172,1178,1187,1193,1202,1208,1217,1223,1232,1238,1247,1253,1262,1268,1277,1283,1292,1298,1307,1313,1322,1328,1337,1343,1352,1358,1367,1373,1382,1388,1397,1403,1412,1418,1427,1433,1442,1448,1457,1463,1472,1478,1487,1493,1502,1508,1517,1523,1532,1538,1547,1553,1562,1568,1577,1583,1592,1598,1607,1613,1622,1628,1637,1643,1653,1659,1668,1674,1683,1689,1698,1704,1713,1719,1728,1734,1743,1749,1758,1764,1773,1779,1788,1794,1803,1809
qt/gen_qfontcombobox.go
  s_64fea63fed100b::t_728c4d1a6639d1 27-31,143-146,348-352,377-381,411-415,440-444,467-471,496-500,528-532,558-562,588-592,618-622,648-652,678-682,708-712,738-742,768-772,798-802,828-832,858-862,888-892,918-922,948-952,977-981,1007-1011,1039-1043,1068-1072,1097-1101,1127-1131,1157-1161,1187-1191,1217-1221,1247-1251,1277-1281,1307-1311,1337-1341,1367-1371,1397-1401,1427-1431,1464-1468,1502-1506,1534-1538,1564-1568,1596-1600,1625-1629,1657-1661,1691-1695,1721-1725,1751-1755,1781-1785,1811-1815
qt/gen_qfontcombobox.h
  s_64fea63fed100b::t_a8d54f2d7c9d7e 106
qt/gen_qfontdialog.cpp
  s_64fea63fed100b::t_bad3dfbc54ee2b 1-2,48,118,122,128,135,139,145,152,156,162,169,173,179,186,190,194,201,205,209,216,220,225,232,236,240,247,251,256,263,267,272,279,283,289,296,300,306,313,317,323,330,334,340,347,351,357,364,368,372,379,383,388,395,399,403,410,414,418,425,429,434,441,445,451,458,462,468,475,479,485,492,496,502,509,513,519,526,530,536,543,547,553,560,564,570,577,581,587,594,598,604,611,615,621,628,632,638,645,649,655,662,666,672,679,683,689,696,700,706,713,717,723,730,734,740,747,751,757,764,768,780,787,791,797,804,808,814,821,825,830,837,841,845,852,856,862,869,873,879,886,890,895,902,906,912,919,923,929,936,940,946,953,957,965,972,976,984,1098-1101,1106,1113-1116,1121,1191,1197,1206,1212,1221,1227,1236,1242,1251,1257,1266,1272,1281,1287,1296,1302,1311,1317,1326,1332,1341,1347,1356,1362,1371,1377,1386,1392,1401,1407,1416,1422,1431,1437,1446,1452,1461,1467,1476,1482,1491,1497,1506,1512,1521,1527,1536,1542,1551,1557,1566,1572,1581,1587,1596,1602,1611,1617,1626,1632,1641,1647,1656,1662,1671,1677,1686,1692,1701,1707,1716,1722,1731,1737,1746,1752,1761,1767,1776,1782,1792,1798,1807,1813,1822,1828,1837,1843,1852,1858,1867,1873,1882,1888,1897,1903,1912,1918,1927,1933,1942,1948,1957,1963
qt/gen_qfontdialog.go
  s_64fea63fed100b::t_b54bd4e38a0e44 28-32,172-175,194-197,433-437,463-467,493-497,523-527,559-563,590-594,619-623,646-650,675-679,702-706,729-733,759-763,789-793,819-823,849-853,879-883,908-912,940-944,969-973,998-1002,1030-1034,1060-1064,1090-1094,1120-1124,1150-1154,1180-1184,1210-1214,1240-1244,1270-1274,1300-1304,1330-1334,1360-1364,1390-1394,1420-1424,1450-1454,1480-1484,1510-1514,1540-1544,1570-1574,1607-1611,1645-1649,1677-1681,1707-1711,1739-1743,1768-1772,1800-1804,1832-1836,1864-1868,1894-1898,1924-1928,1954-1958,1984-1988
qt/gen_qfontdialog.h
  s_64fea63fed100b::t_c0ff306a72200d 109,111
qt/gen_qformlayout.cpp
  s_64fea63fed100b::t_66ebd57810e369 1-2,27,68,72,78,85,89,94,101,105,110,117,121,129,136,140,144,151,155,159,166,170,175,182,186,190,197,201,206,213,217,221,228,232,236,243,247,251,258,262,266,273,277,282,289,293,297,304,308,312,319,323,327,334,338,344,351,355,360,367,371,377,384,388,394,401,405,411,418,422,430,437,441,449,456,460,465,472,476,480,487,491,495,809,815,824,830,839,845,854,860,869,875,884,890,899,905,914,920,929,935,944,950,960,966,975,981,990,996,1005,1011,1020,1026,1035,1041,1051,1057,1066,1072,1081,1087,1096,1102,1111,1117,1126,1132,1141,1147,1156,1162,1171,1177,1186,1192,1201,1207
qt/gen_qformlayout.go
  s_64fea63fed100b::t_e5187fd42f3ade 41-45,522-526,552-556,584-588,616-620,648-652,679-683,708-712,735-739,764-768,796-800,825-829,856-860,887-891,916-920,948-952,977-981,1006-1010,1035-1039,1065-1069,1097-1101,1131-1135,1161-1165,1191-1195,1221-1225,1251-1255,1283-1287,1312-1316
qt/gen_qframe.cpp
  s_64fea63fed100b::t_9947da23c2c544 1-2,48,110,114,118,125,129,134,141,145,151,158,162,168,175,179,183,190,194,200,207,211,215,222,226,231,238,242,246,253,257,261,268,272,278,285,289,295,302,306,312,319,323,329,336,340,346,353,357,363,370,374,380,387,391,397,404,408,414,421,425,431,438,442,448,455,459,465,472,476,482,489,493,499,506,510,516,523,527,533,540,544,550,557,561,567,574,578,584,591,595,601,608,612,618,625,629,635,642,646,652,659,663,675,682,686,692,699,703,709,716,720,725,732,736,740,747,751,757,764,768,774,781,785,790,797,801,807,814,818,824,831,835,841,848,852,858,865,869,877,884,888,896,1065,1071,1080,1086,1095,1101,1110,1116,1125,1131,1140,1146,1155,1161,1170,1176,1185,1191,1200,1206,1215,1221,1230,1236,1245,1251,1260,1266,1275,1281,1290,1296,1305,1311,1320,1326,1335,1341,1350,1356,1365,1371,1380,1386,1395,1401,1410,1416,1425,1431,1440,1446,1455,1461,1470,1476,1485,1491,1500,1506,1515,1521,1530,1536,1545,1551,1560,1566,1576,1582,1591,1597,1606,1612,1621,1627,1636,1642,1651,1657,1666,1672,1681,1687,1696,1702,1711,1717,1726,1732,1741,1747,1756,1762
qt/gen_qframe.go
  s_64fea63fed100b::t_fce27b0b22fd98 44-48,389-393,418-422,450-454,480-484,510-514,539-543,571-575,600-604,632-636,661-665,690-694,720-724,750-754,780-784,810-814,840-844,870-874,900-904,930-934,960-964,990-994,1020-1024,1050-1054,1080-1084,1110-1114,1140-1144,1170-1174,1200-1204,1230-1234,1260-1264,1290-1294,1320-1324,1350-1354,1387-1391,1425-1429,1457-1461,1487-1491,1519-1523,1548-1552,1580-1584,1612-1616,1644-1648,1678-1682,1708-1712,1738-1742,1768-1772,1798-1802
qt/gen_qfuturewatcher.cpp
  s_64fea63fed100b::t_269b22df9ca794 1-2,18,126-129,131,138-141,143,150-153,155,162-165,167,174-177,179,186-189,192,199-202,206,213-216,220,227-230,233,241-244,254
qt/gen_qfuturewatcher.go
  s_64fea63fed100b::t_fd16328de0657a 17-21,140-143,159-162,178-181,197-200,216-219,235-238,257-260,281-284,305-308,331-334
qt/gen_qfuturewatcher.h
  s_64fea63fed100b::t_17e17b459163ff 49,51,53,55,57,59,61,63,65,67
qt/gen_qgenericplugin.cpp
  s_64fea63fed100b::t_3617eb7e2e2738 1-2,20,42,46,66,71,75,80,87,91,97,104,108,114,121,125,131,138,142,148,155,159,167,174,178,186,292,298,303,309,318,324,333,339,348,354,363,369,378,384,393,399
qt/gen_qgenericplugin.go
  s_64fea63fed100b::t_8d94fd8f23b210 17-21,212-216,251-255,283-287,317-321,347-351,377-381,407-411,437-441
qt/gen_qgesture.cpp
  s_64fea63fed100b::t_e9a1b3c05eaff3 1-2,29,37,45,53,61,69,90,94,99,106,110,116,123,127,133,140,144,150,157,161,167,174,178,186,193,197,205,340,346,355,361,370,376,385,391,400,406,415,421,430,436,501,505,510,517,521,527,534,538,544,551,555,561,568,572,578,585,589,597,604,608,616,745,751,760,766,775,781,790,796,805,811,820,826,835,841,906,910,915,922,926,932,939,943,949,956,960,966,973,977,983,990,994,1002,1009,1013,1021,1217,1223,1232,1238,1247,1253,1262,1268,1277,1283,1292,1298,1307,1313,1378,1382,1387,1394,1398,1404,1411,1415,1421,1428,1432,1438,1445,1449,1455,1462,1466,1474,1481,1485,1493,1612,1618,1627,1633,1642,1648,1657,1663,1672,1678,1687,1693,1702,1708,1773,1777,1782,1789,1793,1799,1806,1810,1816,1823,1827,1833,1840,1844,1850,1857,1861,1869,1876,1880,1888,1996,2002,2011,2017,2026,2032,2041,2047,2056,2062,2071,2077,2086,2092,2157,2161,2166,2173,2177,2183,2190,2194,2200,2207,2211,2217,2224,2228,2234,2241,2245,2253,2260,2264,2272,2388,2394,2403,2409,2418,2424,2433,2439,2448,2454,2463,2469,2478,2484
qt/gen_qgesture.go
  s_64fea63fed100b::t_da72f79f70eb1a 42-46,265-269,297-301,331-335,361-365,391-395,421-425,451-455,489-493,712-716,744-748,778-782,808-812,838-842,868-872,898-902,936-940,1219-1223,1251-1255,1285-1289,1315-1319,1345-1349,1375-1379,1405-1409,1443-1447,1648-1652,1680-1684,1714-1718,1744-1748,1774-1778,1804-1808,1834-1838,1872-1876,2071-2075,2103-2107,2137-2141,2167-2171,2197-2201,2227-2231,2257-2261,2295-2299,2502-2506,2534-2538,2568-2572,2598-2602,2628-2632,2658-2662,2688-2692
qt/gen_qgesturerecognizer.cpp
  s_64fea63fed100b::t_bda0d36ae8283c 1-2,14,30,34,39,46,50,57,62,66,72,111,117,126,132,137,143
qt/gen_qgesturerecognizer.go
  s_64fea63fed100b::t_67c7c2e892f5cf 30-34,103-107,129-133,165-169
qt/gen_qgraphicsanchorlayout.cpp
  s_64fea63fed100b::t_ea004d4bfad15c 1-2,24,151,155,161,168,172,180,187,191,195,202,206,211,218,222,227,234,238,247,254,258,271,278,282,287,294,298,304,391,397,406,412,421,427,436,442,451,457,466,472,481,487,496,502,511,517
qt/gen_qgraphicsanchorlayout.go
  s_64fea63fed100b::t_1004116c5ffee4 159-163,314-318,344-348,374-378,403-407,435-439,464-468,498-502,534-538,561-565
qt/gen_qgraphicseffect.cpp
  s_64fea63fed100b::t_7d2c662b0c7b46 1-2,31,43,56,69,83,109,113,120,127,131,136,141,145,152,159,163,168,175,179,185,192,196,202,209,213,219,226,230,236,243,247,255,262,266,274,362-365,368,416,422,431,437,442,448,457,463,472,478,487,493,502,508,517,523,532,538,547,553,717,721,727,734,738,745,752,756,763,770,774,779,786,790,796,803,807,813,820,824,830,837,841,847,854,858,866,873,877,885,966-969,974,981-984,988,1036,1042,1051,1057,1066,1072,1081,1087,1096,1102,1111,1117,1126,1132,1141,1147,1156,1162,1171,1177,1297,1301,1308,1315,1319,1325,1332,1336,1343,1350,1354,1359,1366,1370,1376,1383,1387,1393,1400,1404,1410,1417,1421,1427,1434,1438,1446,1453,1457,1465,1551-1554,1558,1565-1568,1572,1620,1626,1635,1641,1650,1656,1665,1671,1680,1686,1695,1701,1710,1716,1725,1731,1740,1746,1755,1761,1881,1885,1892,1899,1903,1909,1916,1920,1927,1934,1938,1943,1950,1954,1960,1967,1971,1977,1984,1988,1994,2001,2005,2011,2018,2022,2030,2037,2041,2049,2168-2171,2176,2183-2186,2190,2197-2200,2205,2253,2259,2268,2274,2283,2289,2298,2304,2313,2319,2328,2334,2343,2349,2358,2364,2373,2379,2388,2394,2514,2518,2524,2531,2535,2542,2549,2553,2560,2567,2571,2576,2583,2587,2593,2600,2604,2610,2617,2621,2627,2634,2638,2644,2651,2655,2663,2670,2674,2682,2763-2766,2770,2777-2780,2785,2833,2839,2848,2854,2863,2869,2878,2884,2893,2899,2908,2914,2923,2929,2938,2944,2953,2959,2968,2974
qt/gen_qgraphicseffect.go
  s_64fea63fed100b::t_795629852c0354 42-46,150-153,413-417,439-443,469-473,499-503,531-535,565-569,595-599,625-629,655-659,685-689,723-727,825-828,847-850,1044-1048,1076-1080,1108-1112,1138-1142,1170-1174,1204-1208,1234-1238,1264-1268,1294-1298,1324-1328,1362-1366,1468-1471,1490-1493,1689-1693,1721-1725,1751-1755,1781-1785,1813-1817,1847-1851,1877-1881,1907-1911,1937-1941,1967-1971,2005-2009,2147-2150,2169-2172,2191-2194,2390-2394,2422-2426,2452-2456,2482-2486,2514-2518,2548-2552,2578-2582,2608-2612,2638-2642,2668-2672,2706-2710,2808-2811,2830-2833,3027-3031,3059-3063,3091-3095,3121-3125,3153-3157,3187-3191,3217-3221,3247-3251,3277-3281,3307-3311
qt/gen_qgraphicseffect.h
  s_64fea63fed100b::t_fe928857a777c2 70,127,129,182,184,245,247,249,301,303
qt/gen_qgraphicsgridlayout.cpp
  s_64fea63fed100b::t_805155a7a0b491 1-2,17,40,44,48,55,59,64,71,75,81,88,92,97,104,108,116,123,127,136,143,147,160,167,171,176,183,187,193,419,425,434,440,449,455,464,470,479,485,494,500,509,515,524,530,539,545
qt/gen_qgraphicsgridlayout.go
  s_64fea63fed100b::t_a57bb4e8ebe186 17-21,302-306,331-335,363-367,393-397,420-424,452-456,486-490,522-526,549-553
qt/gen_qgraphicsitem.cpp
  s_64fea63fed100b::t_b7c2dde0866997 1-2,64,100,155,191,227,263,299,335,371,407,452,488,537,541,547,554,558,562,567,571,575,582,586,593,600,604,611,618,622,631,638,642,647,654,658,662,669,673,680,685,689,693,700,704,710,717,721,726,733,737,743,750,754,760,767,771,777,784,788,794,801,805,811,818,822,828,835,839,845,852,856,862,869,873,879,886,890,896,903,907,913,920,924,930,937,941,947,954,958,964,971,975,981,988,992,998,1005,1009,1015,1022,1026,1032,1039,1043,1049,1056,1060,1069,1076,1080,1086,1093,1097,1107,1114,1118,1125,1930,1936,1945,1951,1956,1962,1971,1977,1986,1992,2001,2007,2016,2022,2031,2037,2046,2052,2057,2063,2072,2078,2087,2093,2102,2108,2117,2123,2132,2138,2147,2153,2162,2168,2177,2183,2192,2198,2207,2213,2222,2228,2237,2243,2252,2258,2267,2273,2282,2288,2297,2303,2312,2318,2327,2333,2342,2348,2357,2363,2372,2378,2387,2393,2402,2408,2417,2423,2432,2438,2503,2507,2512,2519,2523,2529,2536,2540,2546,2553,2557,2563,2570,2574,2580,2587,2591,2599,2606,2610,2618,2625,2629,2635,2642,2646,2650,2655,2659,2663,2670,2674,2681,2688,2692,2699,2706,2710,2719,2726,2730,2735,2742,2746,2750,2757,2761,2768,2773,2777,2781,2788,2792,2798,2805,2809,2814,2821,2825,2831,2838,2842,2848,2855,2859,2865,2872,2876,2882,2889,2893,2899,2906,2910,2916,2923,2927,2933,2940,2944,2950,2957,2961,2967,2974,2978,2984,2991,2995,3001,3008,3012,3018,3025,3029,3035,3042,3046,3052,3059,3063,3069,3076,3080,3086,3093,3097,3103,3110,3114,3120,3127,3131,3137,3144,3148,3157,3164,3168,3174,3181,3185,3195,3202,3206,3213,3285-3288,3290,3297-3300,3302,3309-3312,3314,3321-3324,3326,3333-3336,3338,3345-3348,3350,3357-3360,3362,3369-3372,3374,3381-3384,3386,3393-3396,3398,3405-3408,3410,3417-3420,3422,3474,3480,3489,3495,3504,3510,3519,3525,3534,3540,3549,3555,3564,3570,3579,3585,3594,3600,3605,3611,3620,3626,3635,3641,3650,3656,3665,3671,3680,3686,3695,3701,3706,3712,3721,3727,3736,3742,3751,3757,3766,3772,3781,3787,3796,3802,3811,3817,3826,3832,3841,3847,3856,3862,3871,3877,3886,3892,3901,3907,3916,3922,3931,3937,3946,3952,3961,3967,3976,3982,3991,3997,4006,4012,4021,4027,4036,4042,4051,4057,4066,4072,4081,4087,4196,4200,4205,4212,4216,4220,4227,4231,4237,4244,4248,4252,4257,4261,4265,4272,4276,4283,4290,4294,4301,4308,4312,4321,4328,4332,4339,4344,4348,4352,4359,4363,4369,4376,4380,4385,4392,4396,4402,4409,4413,4419,4426,4430,4436,4443,4447,4453,4460,4464,4470,4477,4481,4487,4494,4498,4504,4511,4515,4521,4528,4532,4538,4545,4549,4555,4562,4566,4572,4579,4583,4589,4596,4600,4606,4613,4617,4623,4630,4634,4640,4647,4651,4657,4664,4668,4674,4681,4685,4691,4698,4702,4708,4715,4719,4728,4735,4739,4745,4752,4756,4766,4773,4777,4784,4834,4840,4849,4855,4864,4870,4879,4885,4890,4896,4905,4911,4920,4926,4935,4941,4950,4956,4961,4967,4976,4982,4991,4997,5006,5012,5021,5027,5036,5042,5051,5057,5066,5072,5081,5087,5096,5102,5111,5117,5126,5132,5141,5147,5156,5162,5171,5177,5186,5192,5201,5207,5216,5222,5231,5237,5246,5252,5261,5267,5276,5282,5291,5297,5306,5312,5321,5327,5336,5342,5409,5413,5417,5424,5428,5432,5439,5443,5450,5457,5461,5469,5476,5480,5485,5492,5496,5500,5507,5511,5515,5522,5526,5532,5539,5543,5553,5560,5564,5571,5578,5582,5588,5595,5599,5606,5613,5617,5626,5633,5637,5643,5650,5654,5659,5666,5670,5676,5683,5687,5693,5700,5704,5710,5717,5721,5727,5734,5738,5744,5751,5755,5761,5768,5772,5778,5785,5789,5795,5802,5806,5812,5819,5823,5829,5836,5840,5846,5853,5857,5863,5870,5874,5880,5887,5891,5897,5904,5908,5914,5921,5925,5931,5938,5942,5948,5955,5959,5965,5972,5976,5982,5989,5993,6002,6072,6078,6087,6093,6102,6108,6117,6123,6132,6138,6147,6153,6162,6168,6177,6183,6192,6198,6207,6213,6222,6228,6237,6243,6252,6258,6267,6273,6282,6288,6297,6303,6312,6318,6327,6333,6342,6348,6357,6363,6372,6378,6387,6393,6402,6408,6417,6423,6432,6438,6447,6453,6462,6468,6477,6483,6492,6498,6507,6513,6522,6528,6537,6543,6552,6558,6567,6573,6582,6588,6657,6661,6665,6672,6676,6680,6687,6691,6698,6705,6709,6717,6724,6728,6733,6740,6744,6748,6755,6759,6763,6770,6774,6780,6787,6791,6801,6808,6812,6819,6826,6830,6836,6843,6847,6854,6861,6865,6874,6881,6885,6891,6898,6902,6907,6914,6918,6924,6931,6935,6941,6948,6952,6958,6965,6969,6975,6982,6986,6992,6999,7003,7009,7016,7020,7026,7033,7037,7043,7050,7054,7060,7067,7071,7077,7084,7088,7094,7101,7105,7111,7118,7122,7128,7135,7139,7145,7152,7156,7162,7169,7173,7179,7186,7190,7196,7203,7207,7213,7220,7224,7230,7237,7241,7250,7332,7338,7347,7353,7362,7368,7377,7383,7392,7398,7407,7413,7422,7428,7437,7443,7452,7458,7467,7473,7482,7488,7497,7503,7512,7518,7527,7533,7542,7548,7557,7563,7572,7578,7587,7593,7602,7608,7617,7623,7632,7638,7647,7653,7662,7668,7677,7683,7692,7698,7707,7713,7722,7728,7737,7743,7752,7758,7767,7773,7782,7788,7797,7803,7812,7818,7827,7833,7842,7848,7917,7921,7925,7932,7936,7940,7947,7951,7958,7965,7969,7977,7984,7988,7993,8000,8004,8008,8015,8019,8023,8030,8034,8040,8047,8051,8061,8068,8072,8079,8086,8090,8096,8103,8107,8114,8121,8125,8134,8141,8145,8151,8158,8162,8167,8174,8178,8184,8191,8195,8201,8208,8212,8218,8225,8229,8235,8242,8246,8252,8259,8263,8269,8276,8280,8286,8293,8297,8303,8310,8314,8320,8327,8331,8337,8344,8348,8354,8361,8365,8371,8378,8382,8388,8395,8399,8405,8412,8416,8422,8429,8433,8439,8446,8450,8456,8463,8467,8473,8480,8484,8490,8497,8501,8510,8608,8614,8623,8629,8638,8644,8653,8659,8668,8674,8683,8689,8698,8704,8713,8719,8728,8734,8743,8749,8758,8764,8773,8779,8788,8794,8803,8809,8818,8824,8833,8839,8848,8854,8863,8869,8878,8884,8893,8899,8908,8914,8923,8929,8938,8944,8953,8959,8968,8974,8983,8989,8998,9004,9013,9019,9028,9034,9043,9049,9058,9064,9073,9079,9088,9094,9103,9109,9118,9124,9189,9193,9197,9204,9208,9212,9219,9223,9230,9237,9241,9249,9256,9260,9265,9272,9276,9280,9287,9291,9295,9302,9306,9312,9319,9323,9333,9340,9344,9351,9358,9362,9368,9375,9379,9386,9393,9397,9406,9413,9417,9423,9430,9434,9439,9446,9450,9456,9463,9467,9473,9480,9484,9490,9497,9501,9507,9514,9518,9524,9531,9535,9541,9548,9552,9558,9565,9569,9575,9582,9586,9592,9599,9603,9609,9616,9620,9626,9633,9637,9643,9650,9654,9660,9667,9671,9677,9684,9688,9694,9701,9705,9711,9718,9722,9728,9735,9739,9745,9752,9756,9762,9769,9773,9782,9845,9851,9860,9866,9875,9881,9890,9896,9905,9911,9920,9926,9935,9941,9950,9956,9965,9971,9980,9986,9995,10001,10010,10016,10025,10031,10040,10046,10055,10061,10070,10076,10085,10091,10100,10106,10115,10121,10130,10136,10145,10151,10160,10166,10175,10181,10190,10196,10205,10211,10220,10226,10235,10241,10250,10256,10265,10271,10280,10286,10295,10301,10310,10316,10325,10331,10340,10346,10355,10361,10430,10434,10438,10445,10449,10453,10460,10464,10471,10478,10482,10490,10497,10501,10506,10513,10517,10521,10528,10532,10536,10543,10547,10553,10560,10564,10574,10581,10585,10592,10599,10603,10609,10616,10620,10627,10634,10638,10647,10654,10658,10664,10671,10675,10680,10687,10691,10697,10704,10708,10714,10721,10725,10731,10738,10742,10748,10755,10759,10765,10772,10776,10782,10789,10793,10799,10806,10810,10816,10823,10827,10833,10840,10844,10850,10857,10861,10867,10874,10878,10884,10891,10895,10901,10908,10912,10918,10925,10929,10935,10942,10946,10952,10959,10963,10969,10976,10980,10986,10993,10997,11003,11010,11014,11023,11113,11119,11128,11134,11143,11149,11158,11164,11173,11179,11188,11194,11203,11209,11218,11224,11233,11239,11248,11254,11263,11269,11278,11284,11293,11299,11308,11314,11323,11329,11338,11344,11353,11359,11368,11374,11383,11389,11398,11404,11413,11419,11428,11434,11443,11449,11458,11464,11473,11479,11488,11494,11503,11509,11518,11524,11533,11539,11548,11554,11563,11569,11578,11584,11593,11599,11608,11614,11623,11629,11696,11700,11704,11711,11715,11719,11726,11730,11737,11744,11748,11756,11763,11767,11772,11779,11783,11787,11794,11798,11802,11809,11813,11819,11826,11830,11840,11847,11851,11858,11865,11869,11875,11882,11886,11893,11900,11904,11913,11920,11924,11930,11937,11941,11946,11953,11957,11963,11970,11974,11980,11987,11991,11997,12004,12008,12014,12021,12025,12031,12038,12042,12048,12055,12059,12065,12072,12076,12082,12089,12093,12099,12106,12110,12116,12123,12127,12133,12140,12144,12150,12157,12161,12167,12174,12178,12184,12191,12195,12201,12208,12212,12218,12225,12229,12235,12242,12246,12252,12259,12263,12269,12276,12280,12289,12389,12395,12404,12410,12419,12425,12434,12440,12449,12455,12464,12470,12479,12485,12494,12500,12509,12515,12524,12530,12539,12545,12554,12560,12569,12575,12584,12590,12599,12605,12614,12620,12629,12635,12644,12650,12659,12665,12674,12680,12689,12695,12704,12710,12719,12725,12734,12740,12749,12755,12764,12770,12779,12785,12794,12800,12809,12815,12824,12830,12839,12845,12854,12860,12869,12875,12884,12890,12899,12905,12972,12976,12980,12987,12991,12995,13002,13006,13013,13020,13024,13032,13039,13043,13048,13055,13059,13063,13070,13074,13078,13085,13089,13094,13101,13105,13111,13118,13122,13128,13135,13139,13145,13152,13156,13162,13169,13173,13179,13186,13190,13196,13203,13207,13213,13220,13224,13230,13237,13241,13247,13254,13258,13264,13271,13275,13281,13288,13292,13298,13305,13309,13315,13322,13326,13332,13339,13343,13349,13356,13360,13366,13373,13377,13383,13390,13394,13400,13407,13411,13417,13424,13428,13438,13445,13449,13456,13463,13467,13472,13479,13483,13489,13496,13500,13506,13513,13517,13523,13530,13534,13540,13547,13551,13559,13566,13570,13578,13585,13589,13595,13602,13606,13613,13620,13624,13633,13640,13644,13650,13657,13661,13667,13674,13678,13687,13891-13894,13904,13912-13915,13925,13973,13979,13988,13994,14003,14009,14018,14024,14033,14039,14048,14054,14063,14069,14078,14084,14093,14099,14108,14114,14123,14129,14138,14144,14153,14159,14168,14174,14183,14189,14198,14204,14213,14219,14228,14234,14243,14249,14258,14264,14273,14279,14288,14294,14303,14309,14318,14324,14333,14339,14348,14354,14363,14369,14378,14384,14393,14399,14408,14414,14423,14429,14438,14444,14453,14459,14468,14474,14483,14489,14498,14504,14513,14519,14528,14534,14543,14549,14558,14564,14573,14579,14588,14594,14705,14709,14713,14720,14724,14728,14735,14739,14746,14753,14757,14765,14772,14776,14781,14788,14792,14796,14803,14807,14811,14818,14822,14828,14835,14839,14849,14856,14860,14867,14874,14878,14884,14891,14895,14902,14909,14913,14922,14929,14933,14939,14946,14950,14955,14962,14966,14972,14979,14983,14989,14996,15000,15006,15013,15017,15023,15030,15034,15040,15047,15051,15057,15064,15068,15074,15081,15085,15091,15098,15102,15108,15115,15119,15125,15132,15136,15142,15149,15153,15159,15166,15170,15176,15183,15187,15193,15200,15204,15210,15217,15221,15227,15234,15238,15244,15251,15255,15261,15268,15272,15278,15285,15289,15298,15386,15392,15401,15407,15416,15422,15431,15437,15446,15452,15461,15467,15476,15482,15491,15497,15506,15512,15521,15527,15536,15542,15551,15557,15566,15572,15581,15587,15596,15602,15611,15617,15626,15632,15641,15647,15656,15662,15671,15677,15686,15692,15701,15707,15716,15722,15731,15737,15746,15752,15761,15767,15776,15782,15791,15797,15806,15812,15821,15827,15836,15842,15851,15857,15866,15872,15881,15887,15896,15902,15967,15971,15975,15982,15986,15994,16001,16005,16010,16017,16021,16025,16032,16036,16040,16047,16051,16057,16064,16068,16072,16079,16083,16090,16097,16101,16108,16115,16119,16128,16135,16139,16145,16152,16156,16161,16168,16172,16178,16185,16189,16195,16202,16206,16212,16219,16223,16229,16236,16240,16246,16253,16257,16263,16270,16274,16280,16287,16291,16297,16304,16308,16314,16321,16325,16331,16338,16342,16348,16355,16359,16365,16372,16376,16382,16389,16393,16399,16406,16410,16416,16423,16427,16433,16440,16444,16450,16457,16461,16467,16474,16478,16484,16491,16495,16504,16511,16515,16521,16528,16532,16542,16549,16553,16560,16614,16620,16629,16635,16644,16650,16659,16665,16674,16680,16689,16695,16704,16710,16719,16725,16734,16740,16749,16755,16764,16770,16779,16785,16794,16800,16809,16815,16824,16830,16839,16845,16854,16860,16869,16875,16884,16890,16899,16905,16914,16920,16929,16935,16944,16950,16959,16965,16974,16980,16989,16995,17004,17010,17019,17025,17034,17040,17049,17055,17064,17070,17079,17085,17094,17100,17109,17115,17124,17130
qt/gen_qgraphicsitem.go
  s_64fea63fed100b::t_688994d2a02f36 172-176,1130-1134,1154-1158,1185-1189,1214-1218,1246-1250,1280-1284,1314-1318,1348-1352,1371-1375,1405-1409,1434-1438,1468-1472,1500-1504,1530-1534,1560-1564,1590-1594,1620-1624,1650-1654,1680-1684,1710-1714,1740-1744,1770-1774,1800-1804,1830-1834,1860-1864,1890-1894,1920-1924,1950-1954,1980-1984,2010-2014,2042-2046,2076-2080,2110-2114,2142-2146,2176-2180,2216-2220,2311-2314,2330-2333,2349-2352,2368-2371,2387-2390,2406-2409,2425-2428,2444-2447,2463-2466,2482-2485,2501-2504,2520-2523,2696-2700,2728-2732,2762-2766,2792-2796,2822-2826,2852-2856,2882-2886,2912-2916,2936-2940,2967-2971,2996-3000,3028-3032,3062-3066,3096-3100,3130-3134,3153-3157,3187-3191,3216-3220,3250-3254,3282-3286,3312-3316,3342-3346,3372-3376,3402-3406,3432-3436,3462-3466,3492-3496,3522-3526,3552-3556,3582-3586,3612-3616,3642-3646,3672-3676,3702-3706,3732-3736,3762-3766,3792-3796,3824-3828,3858-3862,3892-3896,3924-3928,3958-3962,3998-4002,4135-4139,4169-4173,4198-4202,4222-4226,4253-4257,4282-4286,4314-4318,4348-4352,4376-4380,4410-4414,4439-4443,4473-4477,4505-4509,4535-4539,4565-4569,4595-4599,4625-4629,4655-4659,4685-4689,4715-4719,4745-4749,4775-4779,4805-4809,4835-4839,4865-4869,4895-4899,4925-4929,4955-4959,4985-4989,5015-5019,5047-5051,5081-5085,5115-5119,5147-5151,5181-5185,5221-5225,5386-5390,5417-5421,5446-5450,5478-5482,5512-5516,5546-5550,5575-5579,5604-5608,5636-5640,5670-5674,5702-5706,5732-5736,5766-5770,5800-5804,5834-5838,5866-5870,5896-5900,5926-5930,5956-5960,5986-5990,6016-6020,6046-6050,6076-6080,6106-6110,6136-6140,6166-6170,6196-6200,6226-6230,6256-6260,6286-6290,6316-6320,6346-6350,6376-6380,6408-6412,6442-6446,6484-6488,6665-6669,6696-6700,6725-6729,6757-6761,6791-6795,6825-6829,6854-6858,6883-6887,6915-6919,6949-6953,6981-6985,7011-7015,7045-7049,7079-7083,7113-7117,7145-7149,7175-7179,7205-7209,7235-7239,7265-7269,7295-7299,7325-7329,7355-7359,7385-7389,7415-7419,7445-7449,7475-7479,7505-7509,7535-7539,7565-7569,7595-7599,7625-7629,7655-7659,7687-7691,7721-7725,7763-7767,7960-7964,7991-7995,8020-8024,8052-8056,8086-8090,8120-8124,8149-8153,8178-8182,8210-8214,8244-8248,8276-8280,8306-8310,8340-8344,8374-8378,8408-8412,8440-8444,8470-8474,8500-8504,8530-8534,8560-8564,8590-8594,8620-8624,8650-8654,8680-8684,8710-8714,8740-8744,8770-8774,8800-8804,8830-8834,8860-8864,8890-8894,8920-8924,8950-8954,8982-8986,9016-9020,9058-9062,9209-9213,9240-9244,9269-9273,9301-9305,9335-9339,9369-9373,9398-9402,9427-9431,9459-9463,9493-9497,9525-9529,9555-9559,9589-9593,9623-9627,9657-9661,9689-9693,9719-9723,9749-9753,9779-9783,9809-9813,9839-9843,9869-9873,9899-9903,9929-9933,9959-9963,9989-9993,10019-10023,10049-10053,10079-10083,10109-10113,10139-10143,10169-10173,10199-10203,10231-10235,10265-10269,10307-10311,10498-10502,10529-10533,10558-10562,10590-10594,10624-10628,10658-10662,10687-10691,10716-10720,10748-10752,10782-10786,10814-10818,10844-10848,10878-10882,10912-10916,10946-10950,10978-10982,11008-11012,11038-11042,11068-11072,11098-11102,11128-11132,11158-11162,11188-11192,11218-11222,11248-11252,11278-11282,11308-11312,11338-11342,11368-11372,11398-11402,11428-11432,11458-11462,11488-11492,11520-11524,11554-11558,11596-11600,11791-11795,11822-11826,11851-11855,11883-11887,11917-11921,11951-11955,11980-11984,12009-12013,12041-12045,12075-12079,12107-12111,12137-12141,12171-12175,12205-12209,12239-12243,12271-12275,12301-12305,12331-12335,12361-12365,12391-12395,12421-12425,12451-12455,12481-12485,12511-12515,12541-12545,12571-12575,12601-12605,12631-12635,12661-12665,12691-12695,12721-12725,12751-12755,12781-12785,12813-12817,12847-12851,12889-12893,13135-13138,13164-13167,13344-13348,13375-13379,13404-13408,13436-13440,13470-13474,13504-13508,13533-13537,13562-13566,13594-13598,13624-13628,13654-13658,13684-13688,13714-13718,13744-13748,13774-13778,13804-13808,13834-13838,13864-13868,13894-13898,13924-13928,13954-13958,13984-13988,14014-14018,14044-14048,14074-14078,14106-14110,14138-14142,14170-14174,14204-14208,14236-14240,14268-14272,14302-14306,14332-14336,14362-14366,14392-14396,14422-14426,14452-14456,14482-14486,14516-14520,14550-14554,14584-14588,14616-14620,14658-14662,14846-14850,14877-14881,14906-14910,14938-14942,14972-14976,15006-15010,15035-15039,15064-15068,15096-15100,15130-15134,15162-15166,15192-15196,15226-15230,15260-15264,15294-15298,15326-15330,15356-15360,15386-15390,15416-15420,15446-15450,15476-15480,15506-15510,15536-15540,15566-15570,15596-15600,15626-15630,15656-15660,15686-15690,15716-15720,15746-15750,15776-15780,15806-15810,15836-15840,15868-15872,15902-15906,15944-15948,16085-16089,16114-16118,16148-16152,16182-16186,16211-16215,16240-16244,16272-16276,16301-16305,16333-16337,16367-16371,16401-16405,16435-16439,16467-16471,16497-16501,16527-16531,16557-16561,16587-16591,16617-16621,16647-16651,16677-16681,16707-16711,16737-16741,16767-16771,16797-16801,16827-16831,16857-16861,16887-16891,16917-16921,16947-16951,16977-16981,17009-17013,17043-17047,17077-17081,17109-17113,17143-17147
qt/gen_qgraphicsitem.h
  s_64fea63fed100b::t_0babbbc4cb2919 417,419,421,423,425,427,429,431,433,435,437,439,1265,1267
qt/gen_qgraphicsitemanimation.cpp
  s_64fea63fed100b::t_3fe338e3b05059 1-2,27,50,54,61,68,72,79,86,90,95,102,106,112,119,123,129,136,140,146,153,157,163,170,174,182,189,193,201,511,517,526,532,541,547,556,562,571,577,586,592,601,607,616,622,631,637
qt/gen_qgraphicsitemanimation.go
  s_64fea63fed100b::t_ef5b9010991151 17-21,438-442,468-472,498-502,530-534,564-568,594-598,624-628,654-658,684-688
qt/gen_qgraphicslayout.cpp
  s_64fea63fed100b::t_09592d85b5f399 1-2,16,39,43,56,63,67,72,79,83,88,95,99,105,112,116,120,125,129,134,139,143,148,153,157,165,172,176,185,256,262,271,277,286,292,301,307,316,322,327,333,338,344,349,355,364,370
qt/gen_qgraphicslayout.go
  s_64fea63fed100b::t_c122875ab5af83 17-21,160-164,196-200,223-227,250-254,274-278,297-301,323-327,353-357,377-381
qt/gen_qgraphicslayoutitem.cpp
  s_64fea63fed100b::t_f88e3ae006c8cd 1-2,15,34,38,46,53,57,70,77,81,86,93,97,106,282,288,297,303,312,318,327,333
qt/gen_qgraphicslayoutitem.go
  s_64fea63fed100b::t_63391373ae7fc2 17-21,266-270,296-300,332-336,353-357
qt/gen_qgraphicslinearlayout.cpp
  s_64fea63fed100b::t_b508bfc4a9fb0a 1-2,17,42,46,52,59,63,71,78,82,86,93,97,102,109,113,118,125,129,138,145,149,162,169,173,178,185,189,195,332,338,347,353,362,368,377,383,392,398,407,413,422,428,437,443,452,458
qt/gen_qgraphicslinearlayout.go
  s_64fea63fed100b::t_741d2197422448 17-21,226-230,256-260,286-290,315-319,347-351,376-380,410-414,446-450,473-477
qt/gen_qgraphicsproxywidget.cpp
  s_64fea63fed100b::t_7d2143eee39365 1-2,46,124,128,136,143,147,155,162,166,170,177,181,190,197,201,206,213,217,223,230,234,240,247,251,257,264,268,274,281,285,291,298,302,308,315,319,325,332,336,342,349,353,359,366,370,376,383,387,393,400,404,410,417,421,427,434,438,444,451,455,461,468,472,478,485,489,495,502,506,512,519,523,529,536,540,546,553,557,563,570,574,580,587,591,596,603,607,613,620,624,630,637,641,650,657,661,667,674,678,691,698,702,710,717,721,725,732,736,740,747,751,757,764,768,773,780,784,799,806,810,815,822,826,831,838,842,849,856,860,866,873,877,883,890,894,900,907,911,916,923,927,933,940,944,950,957,961,967,974,978,984,991,995,1001,1008,1012,1020,1027,1031,1039,1046,1050,1056,1063,1067,1074,1081,1085,1092,1099,1103,1112,1119,1123,1128,1135,1139,1143,1150,1154,1160,1167,1171,1177,1184,1188,1198,1205,1209,1216,1355,1361,1370,1376,1385,1391,1400,1406,1415,1421,1430,1436,1445,1451,1460,1466,1475,1481,1490,1496,1505,1511,1520,1526,1535,1541,1550,1556,1565,1571,1580,1586,1595,1601,1610,1616,1625,1631,1640,1646,1655,1661,1670,1676,1685,1691,1700,1706,1715,1721,1730,1736,1745,1751,1760,1766,1775,1781,1790,1796,1805,1811,1820,1826,1835,1841,1850,1856,1865,1871,1880,1886,1895,1901,1910,1916,1925,1931,1941,1947,1956,1962,1971,1977,1987,1993,2002,2008,2017,2023,2032,2038,2047,2053,2062,2068,2077,2083,2092,2098,2107,2113,2122,2128,2137,2143,2152,2158,2167,2173,2182,2188,2197,2203,2212,2218,2227,2233,2242,2248,2257,2263,2272,2278,2287,2293
qt/gen_qgraphicsproxywidget.go
  s_64fea63fed100b::t_ba4273c284cd73 23-27,334-338,364-368,398-402,429-433,463-467,495-499,529-533,559-563,589-593,619-623,649-653,679-683,709-713,739-743,769-773,799-803,829-833,859-863,889-893,919-923,949-953,979-983,1009-1013,1039-1043,1069-1073,1099-1103,1129-1133,1159-1163,1193-1197,1225-1229,1257-1261,1291-1295,1321-1325,1357-1361,1393-1397,1424-1428,1453-1457,1483-1487,1516-1520,1552-1556,1584-1588,1616-1620,1648-1652,1678-1682,1708-1712,1738-1742,1765-1769,1795-1799,1825-1829,1855-1859,1885-1889,1915-1919,1945-1949,1975-1979,2005-2009,2037-2041,2071-2075,2105-2109,2139-2143,2168-2172,2202-2206,2234-2238,2268-2272
qt/gen_qgraphicsscene.cpp
  s_64fea63fed100b::t_1034e2f1d527e4 1-2,55,103,107,113,120,124,129,136,140,146,153,157,163,170,174,180,187,191,197,204,208,214,221,225,231,238,242,248,255,259,265,272,276,282,289,293,299,306,310,316,323,327,333,340,344,350,357,361,367,374,378,384,391,395,401,408,412,418,425,429,438,445,449,458,465,469,475,482,486,492,499,503,509,516,520,528,535,539,547,1025-1028,1040,1047-1050,1055,1062-1065,1067,1074-1077,1083,1401,1407,1416,1422,1431,1437,1446,1452,1461,1467,1476,1482,1491,1497,1506,1512,1521,1527,1536,1542,1551,1557,1566,1572,1581,1587,1596,1602,1611,1617,1626,1632,1641,1647,1656,1662,1671,1677,1686,1692,1701,1707,1716,1722,1731,1737,1746,1752,1761,1767,1776,1782
qt/gen_qgraphicsscene.go
  s_64fea63fed100b::t_054038fc2c9668 33-37,537-540,567-570,589-592,608-611,995-999,1027-1031,1059-1063,1093-1097,1123-1127,1153-1157,1183-1187,1213-1217,1243-1247,1273-1277,1303-1307,1333-1337,1363-1367,1393-1397,1423-1427,1453-1457,1483-1487,1513-1517,1543-1547,1573-1577,1605-1609,1637-1641,1667-1671,1697-1701,1727-1731,1757-1761
qt/gen_qgraphicsscene.h
  s_64fea63fed100b::t_95904de4624b4e 213,215,217,219
qt/gen_qgraphicstransform.cpp
  s_64fea63fed100b::t_3df836356b6f6c 1-2,24,33,47,72,76,81,86,90,95,102,106,112,119,123,129,136,140,146,153,157,163,170,174,182,189,193,201,306,312,317,323,332,338,347,353,362,368,377,383,392,398,407,413,489,493,499,506,510,515,522,526,532,539,543,549,556,560,566,573,577,583,590,594,602,609,613,621,720-723,725,732-735,737,744-747,749,756-759,761,768-771,773,821,827,836,842,851,857,866,872,881,887,896,902,911,917,926,932,1008,1012,1018,1025,1029,1034,1041,1045,1051,1058,1062,1068,1075,1079,1085,1092,1096,1102,1109,1113,1121,1128,1132,1140,1233-1236,1238,1245-1248,1250,1257-1260,1262,1310,1316,1325,1331,1340,1346,1355,1361,1370,1376,1385,1391,1400,1406,1415,1421
qt/gen_qgraphicstransform.go
  s_64fea63fed100b::t_fe5d4b293ca199 17-21,216-220,246-250,278-282,312-316,342-346,372-376,402-406,432-436,470-474,592-595,611-614,630-633,649-652,668-671,804-808,834-838,866-870,900-904,930-934,960-964,990-994,1020-1024,1058-1062,1178-1181,1197-1200,1216-1219,1352-1356,1382-1386,1414-1418,1448-1452,1478-1482,1508-1512,1538-1542,1568-1572
qt/gen_qgraphicstransform.h
  s_64fea63fed100b::t_c2fa823df75096 98,100,102,104,106,153,155,157
qt/gen_qgraphicsview.cpp
  s_64fea63fed100b::t_89699a04ef91e8 1-2,60,130,134,138,145,149,155,162,166,172,179,183,188,195,199,204,211,215,221,228,232,238,245,249,255,262,266,272,279,283,289,296,300,306,313,317,322,329,333,339,346,350,356,363,367,373,380,384,390,397,401,407,414,418,424,431,435,441,448,452,458,465,469,475,482,486,492,499,503,510,517,521,527,534,538,544,551,555,564,571,575,584,591,595,599,606,610,616,623,627,631,638,642,648,655,659,663,670,674,680,687,691,696,703,707,711,718,722,726,733,737,743,750,754,760,767,771,777,784,788,794,801,805,811,818,822,828,835,839,845,852,856,868,875,879,885,892,896,902,909,913,918,925,929,933,940,944,950,957,961,967,974,978,984,991,995,1003,1010,1014,1022,1463-1466,1471,1630,1636,1645,1651,1660,1666,1675,1681,1690,1696,1705,1711,1720,1726,1735,1741,1750,1756,1765,1771,1780,1786,1795,1801,1810,1816,1825,1831,1840,1846,1855,1861,1870,1876,1885,1891,1900,1906,1915,1921,1930,1936,1945,1951,1960,1966,1975,1981,1990,1996,2005,2011,2020,2026,2035,2041,2050,2056,2065,2071,2080,2086,2095,2101,2110,2116,2125,2131,2140,2146,2155,2161,2170,2176,2185,2191,2200,2206,2215,2221,2230,2236,2245,2251,2260,2266,2275,2281,2291,2297,2306,2312,2321,2327,2336,2342,2351,2357,2366,2372,2381,2387,2396,2402,2411,2417
qt/gen_qgraphicsview.go
  s_64fea63fed100b::t_a1d55df90b8488 59-63,523-526,880-884,911-915,943-947,973-977,1005-1009,1037-1041,1067-1071,1097-1101,1127-1131,1157-1161,1187-1191,1217-1221,1249-1253,1279-1283,1309-1313,1339-1343,1369-1373,1399-1403,1429-1433,1459-1463,1489-1493,1519-1523,1549-1553,1581-1585,1611-1615,1641-1645,1673-1677,1707-1711,1736-1740,1772-1776,1801-1805,1831-1835,1860-1864,1890-1894,1922-1926,1951-1955,1980-1984,2010-2014,2040-2044,2070-2074,2100-2104,2130-2134,2160-2164,2197-2201,2235-2239,2267-2271,2297-2301,2329-2333,2358-2362,2388-2392,2418-2422,2448-2452,2478-2482
qt/gen_qgraphicsview.h
  s_64fea63fed100b::t_4c9940ce5a3b78 195
qt/gen_qgraphicswidget.cpp
  s_64fea63fed100b::t_1a9ded483b2882 1-2,53,133,137,145,152,156,169,176,180,184,191,195,203,210,214,222,229,233,237,244,248,252,259,263,269,276,280,289,296,300,305,312,316,325,332,336,351,358,362,367,374,378,383,390,394,401,408,412,417,424,428,434,441,445,451,458,462,468,475,479,484,491,495,501,508,512,518,525,529,535,542,546,551,558,562,568,575,579,585,592,596,602,609,613,619,626,630,636,643,647,653,660,664,670,677,681,687,694,698,704,711,715,721,728,732,738,745,749,755,762,766,774,781,785,793,800,804,810,817,821,828,835,839,846,853,857,866,873,877,882,889,893,897,904,908,914,921,925,931,938,942,948,955,959,965,972,976,982,989,993,999,1006,1010,1016,1023,1027,1033,1040,1044,1050,1057,1061,1067,1074,1078,1084,1091,1095,1101,1108,1112,1118,1125,1129,1135,1142,1146,1152,1159,1163,1169,1176,1180,1186,1193,1197,1207,1214,1218,1225,1552-1555,1557,1564-1567,1569,1637,1643,1652,1658,1667,1673,1682,1688,1697,1703,1712,1718,1727,1733,1742,1748,1757,1763,1772,1778,1787,1793,1802,1808,1818,1824,1833,1839,1848,1854,1864,1870,1879,1885,1894,1900,1909,1915,1924,1930,1939,1945,1954,1960,1969,1975,1984,1990,1999,2005,2014,2020,2029,2035,2044,2050,2059,2065,2074,2080,2089,2095,2104,2110,2119,2125,2134,2140,2149,2155,2164,2170,2179,2185,2194,2200,2209,2215,2224,2230,2239,2245,2254,2260,2269,2275,2284,2290,2299,2305,2314,2320,2329,2335,2344,2350,2359,2365,2374,2380,2389,2395,2404,2410,2419,2425,2434,2440,2449,2455,2464,2470,2479,2485,2494,2500,2509,2515,2524,2530,2539,2545,2554,2560,2569,2575
qt/gen_qgraphicswidget.go
  s_64fea63fed100b::t_f47a2ec1fdf06b 23-27,381-384,400-403,616-620,646-650,682-686,711-715,745-749,781-785,812-816,841-845,873-877,907-911,936-940,976-980,1012-1016,1044-1048,1076-1080,1108-1112,1140-1144,1170-1174,1200-1204,1230-1234,1262-1266,1292-1296,1322-1326,1352-1356,1379-1383,1409-1413,1439-1443,1469-1473,1499-1503,1529-1533,1559-1563,1589-1593,1619-1623,1653-1657,1683-1687,1713-1717,1743-1747,1773-1777,1803-1807,1833-1837,1865-1869,1899-1903,1933-1937,1967-1971,1996-2000,2030-2034,2060-2064,2090-2094,2120-2124,2150-2154,2180-2184,2210-2214,2240-2244,2270-2274,2300-2304,2330-2334,2360-2364,2390-2394,2420-2424,2452-2456,2484-2488,2516-2520,2550-2554
qt/gen_qgraphicswidget.h
  s_64fea63fed100b::t_7c43f42b5a4e90 164,166
qt/gen_qgridlayout.cpp
  s_64fea63fed100b::t_7483554bfa5aa4 1-2,26,67,71,75,82,86,90,97,101,105,112,116,120,127,131,136,143,147,152,159,163,167,174,178,183,190,194,199,206,210,215,222,226,230,237,241,249,256,260,266,273,277,281,288,292,297,304,308,312,319,323,327,334,338,342,349,353,359,366,370,375,382,386,392,399,403,409,416,420,426,433,437,445,452,456,464,471,475,479,486,490,494,789,795,804,810,819,825,834,840,849,855,864,870,879,885,895,901,910,916,925,931,940,946,955,961,970,976,985,991,1000,1006,1015,1021,1030,1036,1046,1052,1061,1067,1076,1082,1091,1097,1106,1112,1121,1127,1136,1142,1151,1157,1166,1172,1181,1187
qt/gen_qgridlayout.go
  s_64fea63fed100b::t_f12ce17daa6deb 17-21,470-474,501-505,532-536,561-565,590-594,622-626,654-658,683-687,710-714,742-746,774-778,803-807,833-837,865-869,894-898,926-930,955-959,984-988,1013-1017,1043-1047,1075-1079,1109-1113,1139-1143,1169-1173,1199-1203,1229-1233,1258-1262
qt/gen_qgroupbox.cpp
  s_64fea63fed100b::t_d8700a0a2976e2 1-2,47,113,117,121,128,132,137,144,148,154,161,165,171,178,182,188,195,199,205,212,216,222,229,233,239,246,250,256,263,267,273,280,284,288,295,299,305,312,316,320,327,331,336,343,347,351,358,362,366,373,377,383,390,394,400,407,411,417,424,428,434,441,445,451,458,462,468,475,479,485,492,496,502,509,513,519,526,530,536,543,547,553,560,564,570,577,581,587,594,598,604,611,615,621,628,632,638,645,649,655,662,666,672,679,683,695,702,706,712,719,723,729,736,740,745,752,756,760,767,771,777,784,788,794,801,805,810,817,821,827,834,838,844,851,855,861,868,872,880,887,891,899,1027-1030,1032,1039-1042,1045,1096-1099,1102,1106,1112,1121,1127,1136,1142,1151,1157,1166,1172,1181,1187,1196,1202,1211,1217,1226,1232,1241,1247,1256,1262,1271,1277,1286,1292,1301,1307,1316,1322,1331,1337,1346,1352,1361,1367,1376,1382,1391,1397,1406,1412,1421,1427,1436,1442,1451,1457,1466,1472,1481,1487,1496,1502,1511,1517,1526,1532,1541,1547,1556,1562,1571,1577,1586,1592,1601,1607,1616,1622,1632,1638,1647,1653,1662,1668,1677,1683,1692,1698,1707,1713,1722,1728,1737,1743,1752,1758,1767,1773,1782,1788,1797,1803
qt/gen_qgroupbox.go
  s_64fea63fed100b::t_e2c7ac00af3d2f 17-21,174-177,193-196,259-262,420-424,449-453,481-485,511-515,541-545,571-575,601-605,631-635,661-665,691-695,721-725,750-754,782-786,811-815,843-847,872-876,901-905,931-935,961-965,991-995,1021-1025,1051-1055,1081-1085,1111-1115,1141-1145,1171-1175,1201-1205,1231-1235,1261-1265,1291-1295,1321-1325,1351-1355,1381-1385,1411-1415,1448-1452,1486-1490,1518-1522,1548-1552,1580-1584,1609-1613,1641-1645,1673-1677,1705-1709,1739-1743,1769-1773,1799-1803,1829-1833
qt/gen_qgroupbox.h
  s_64fea63fed100b::t_f2a771901fb057 108,110,125
qt/gen_qguiapplication.cpp
  s_64fea63fed100b::t_32f3144180a2fd 1-2,33,69,73,79,86,90,95,102,106,112,119,123,129,136,140,146,153,157,163,170,174,182,189,193,201,535-538,540,547-550,553,560-563,566,573-576,579,586-589,591,598-601,604,611-614,617,624-627,631,638-641,645,652-655,660,667-670,675,682-685,690,697-700,702,709-712,717,765,771,780,786,795,801,810,816,825,831,840,846,855,861,870,876
qt/gen_qguiapplication.go
  s_64fea63fed100b::t_5936ad25c738b4 17-21,370-373,389-392,411-414,433-436,455-458,474-477,496-499,518-521,540-543,562-565,584-587,606-609,628-631,647-650,774-778,808-812,840-844,874-878,904-908,934-938,964-968,994-998
qt/gen_qguiapplication.h
  s_64fea63fed100b::t_158d57208bfb1f 118,120,122,124,126,128,130,132,134,136,138,140,142,144
qt/gen_qheaderview.cpp
  s_64fea63fed100b::t_d2a705acd076d2 1-2,60,175,179,185,192,196,200,207,211,217,224,228,233,240,244,249,256,260,271,278,282,287,294,298,304,311,315,321,328,332,338,345,349,355,362,366,372,379,383,388,395,399,409,416,420,425,432,436,440,447,451,455,462,466,471,478,482,489,496,500,521,528,532,542,549,553,560,567,571,581,588,592,599,606,610,617,624,628,636,643,647,657,664,668,675,682,686,692,699,703,716,723,727,732,739,743,748,755,759,765,772,776,784,791,795,800,807,811,821,828,832,843,850,854,859,866,870,875,882,886,892,899,903,909,916,920,926,933,937,943,950,954,962,969,973,979,986,990,996,1003,1007,1011,1025,1029,1039,1046,1050,1058,1065,1069,1076,1083,1087,1091,1098,1102,1107,1114,1118,1124,1131,1135,1141,1148,1152,1158,1165,1169,1175,1182,1186,1192,1199,1203,1209,1216,1220,1226,1233,1237,1243,1250,1254,1260,1267,1271,1277,1284,1288,1294,1301,1305,1309,1316,1320,1324,1331,1335,1341,1348,1352,1358,1365,1369,1375,1382,1386,1392,1399,1403,1407,1414,1418,1423,1430,1434,1438,1445,1449,1453,1460,1464,1470,1477,1481,1487,1494,1498,1504,1511,1515,1521,1528,1532,1538,1545,1549,1555,1562,1566,1572,1579,1583,1589,1596,1600,1606,1613,1617,1629,1636,1640,1646,1653,1657,1663,1670,1674,1679,1686,1690,1694,1701,1705,1711,1718,1722,1728,1735,1739,1747,1754,1758,1766,2138-2141,2146,2153-2156,2161,2168-2171,2174,2181-2184,2187,2194-2197,2200,2207-2210,2213,2220-2223,2227,2234-2237,2240,2247-2250,2252,2259-2262,2267,2315,2321,2330,2336,2345,2351,2360,2366,2375,2381,2390,2396,2405,2411,2420,2426,2435,2441,2450,2456,2465,2471,2480,2486,2495,2501,2510,2516,2525,2531,2540,2546,2555,2561,2570,2576,2585,2591,2600,2606,2621,2627,2636,2642,2651,2657,2666,2672,2681,2687,2696,2702,2711,2717,2726,2732,2741,2747,2756,2762,2772,2778,2787,2793,2802,2808,2817,2823,2832,2838,2847,2853,2862,2868,2877,2883,2892,2898,2907,2913,2922,2928,2937,2943,2952,2958,2967,2973,2982,2988,2997,3003,3012,3018,3036,3042,3051,3057,3067,3073,3082,3088,3097,3103,3112,3118,3127,3133,3142,3148,3157,3163,3172,3178,3187,3193,3202,3208,3217,3223,3232,3238,3247,3253,3262,3268,3277,3283,3292,3298,3307,3313,3322,3328,3337,3343,3352,3358,3367,3373,3382,3388,3397,3403,3412,3418,3427,3433,3442,3448,3457,3463,3472,3478,3487,3493,3502,3508,3517,3523,3532,3538,3547,3553,3562,3568,3578,3584,3593,3599,3608,3614,3623,3629,3638,3644,3653,3659,3668,3674,3683,3689
qt/gen_qheaderview.go
  s_64fea63fed100b::t_0d84ade3b46602 27-31,395-398,421-424,447-450,469-472,491-494,513-516,535-538,559-562,581-584,600-603,1121-1125,1153-1157,1182-1186,1212-1216,1239-1243,1266-1270,1298-1302,1330-1334,1360-1364,1390-1394,1420-1424,1450-1454,1480-1484,1512-1516,1548-1552,1580-1584,1609-1613,1638-1642,1665-1669,1703-1707,1743-1747,1779-1783,1811-1815,1845-1849,1877-1881,1911-1915,1945-1949,1979-1983,2011-2015,2045-2049,2078-2082,2110-2114,2144-2148,2176-2180,2206-2210,2233-2237,2267-2271,2299-2303,2326-2330,2353-2357,2383-2387,2413-2417,2443-2447,2473-2477,2505-2509,2535-2539,2573-2577,2607-2611,2643-2647,2677-2681,2709-2713,2738-2742,2770-2774,2800-2804,2830-2834,2860-2864,2890-2894,2920-2924,2950-2954,2980-2984,3010-3014,3040-3044,3070-3074,3106-3110,3137-3141,3166-3170,3196-3200,3226-3230,3256-3260,3286-3290,3315-3319,3347-3351,3376-3380,3405-3409,3435-3439,3465-3469,3495-3499,3525-3529,3555-3559,3585-3589,3615-3619,3645-3649,3682-3686,3720-3724,3752-3756,3782-3786,3814-3818,3843-3847,3873-3877,3903-3907,3933-3937
qt/gen_qheaderview.h
  s_64fea63fed100b::t_b87cdfa2603898 185,187,189,191,193,195,197,199,201,203
qt/gen_qhistorystate.cpp
  s_64fea63fed100b::t_ca67fde0e4ecf2 1-2,23,51,55,61,68,72,78,85,89,94,101,105,111,118,122,128,135,139,145,152,156,162,169,173,181,188,192,200,333,339,348,354,363,369,378,384,393,399,408,414,423,429,438,444,453,459,511-514,516,519-522,524,527-530,532
qt/gen_qhistorystate.go
  s_64fea63fed100b::t_9fa6c7cea6b042 24-28,249-253,279-283,309-313,341-345,375-379,405-409,435-439,465-469,495-499,518-521,534-537,550-553
qt/gen_qhistorystate.h
  s_64fea63fed100b::t_91bf793a280f99 88-90
qt/gen_qiconengine.cpp
  s_64fea63fed100b::t_80811910cbe531 1-2,22,48,52,64,69,73,84,91,95,106,113,117,129,136,140,160,167,171,175,184,188,192,197,201,208,215,219,226,233,237,245,259,263,267,276,280,287,384,390,395,401,410,416,425,431,440,446,456,462,478,484,489,495,504,510,519,525,543,549,565,571
qt/gen_qiconengine.go
  s_64fea63fed100b::t_f34e926e9dadd7 26-30,155-159,193-197,231-235,267-271,305-309,345-349,371-375,400-404,432-436,472-476,513-517,545-549
qt/gen_qiconengineplugin.cpp
  s_64fea63fed100b::t_4508412c119bbb 1-2,21,43,47,59,64,68,73,80,84,90,97,101,107,114,118,124,131,135,141,148,152,160,167,171,179,284,290,295,301,310,316,325,331,340,346,355,361,370,376,385,391
qt/gen_qiconengineplugin.go
  s_64fea63fed100b::t_5c7f68ea30b715 17-21,208-212,243-247,275-279,309-313,339-343,369-373,399-403,429-433
qt/gen_qidentityproxymodel.cpp
  s_64fea63fed100b::t_e5070fd7f35431 1-2,32,92,96,103,110,114,123,130,134,141,148,152,159,166,170,177,184,188,195,202,206,214,221,225,237,244,248,257,264,268,275,282,286,293,300,304,318,332,336,342,349,353,362,369,373,382,389,393,402,409,413,422,429,433,446,453,457,470,477,481,485,492,496,501,508,512,520,527,531,538,551,555,562,569,573,584,591,595,617,624,628,639,646,650,657,664,668,675,682,686,694,701,705,713,720,724,731,738,742,749,756,760,774,781,785,797,804,808,812,831,835,839,846,850,854,861,865,869,884,888,893,900,904,910,917,921,927,934,938,944,951,955,961,968,972,980,987,991,999,1205,1211,1220,1226,1235,1241,1250,1256,1265,1271,1280,1286,1295,1301,1310,1316,1325,1331,1340,1346,1355,1361,1370,1376,1394,1400,1409,1415,1424,1430,1439,1445,1454,1460,1469,1475,1484,1490,1499,1505,1514,1520,1529,1535,1544,1550,1573,1579,1589,1595,1604,1610,1625,1631,1640,1646,1655,1661,1670,1676,1685,1691,1700,1706,1715,1721,1730,1736,1751,1757,1766,1772,1797,1803,1813,1819,1829,1835,1863,1869,1878,1884,1893,1899,1908,1914,1923,1929,1938,1944,1953,1959
qt/gen_qidentityproxymodel.go
  s_64fea63fed100b::t_ad76d96a604c02 17-21,596-600,630-634,668-672,702-706,736-740,768-772,802-806,838-842,880-884,918-922,952-956,992-996,1037-1041,1067-1071,1103-1107,1139-1143,1175-1179,1211-1215,1251-1255,1291-1295,1320-1324,1349-1353,1396-1400,1441-1445,1473-1477,1524-1528,1571-1575,1611-1615,1643-1647,1675-1679,1705-1709,1739-1743,1771-1775,1809-1813,1849-1853,1898-1902,1935-1939,1964-1968,2006-2010,2055-2059,2087-2091,2121-2125,2151-2155,2181-2185,2211-2215,2241-2245
qt/gen_qimage.cpp
  s_64fea63fed100b::t_79d15e1797d5ff 1-2,31,59,63,67,74,78,82,89,93,99,106,110,116,123,127,132,139,143,147,805,811,820,826,835,841,850,856,865,871,880,886
qt/gen_qimage.go
  s_64fea63fed100b::t_be78e17cadff7b 60-64,1006-1010,1035-1039,1064-1068,1096-1100,1126-1130,1158-1162
qt/gen_qimageiohandler.cpp
  s_64fea63fed100b::t_61673320faa461 1-2,26,41,63,67,71,80,84,88,93,97,102,107,111,118,125,129,135,142,146,156,163,167,173,180,184,188,195,199,204,211,215,219,226,230,234,241,245,249,256,260,264,271,275,279,380,386,400,406,411,417,422,428,437,443,452,458,467,473,482,488,497,503,512,518,527,533,542,548,557,563,572,578,599,603,614,619,623,634,639,643,648,655,659,665,672,676,682,689,693,699,706,710,716,723,727,735,742,746,754,865,871,876,882,887,893,902,908,917,923,932,938,947,953,962,968,977,983
qt/gen_qimageiohandler.go
  s_64fea63fed100b::t_eb281ae9f0bd6b 63-67,214-218,244-248,267-271,299-303,333-337,365-369,397-401,429-433,458-462,490-494,519-523,548-552,577-581,608-612,645-649,850-854,881-885,918-922,950-954,984-988,1014-1018,1044-1048,1074-1078,1104-1108
qt/gen_qinputdialog.cpp
  s_64fea63fed100b::t_ee3d638a0bef28 1-2,48,121,125,129,136,140,144,151,155,161,168,172,178,185,189,194,201,205,209,216,220,225,232,236,241,248,252,258,265,269,275,282,286,292,299,303,309,316,320,326,333,337,343,350,354,358,365,369,374,381,385,389,396,400,404,411,415,420,427,431,437,444,448,454,461,465,471,478,482,488,495,499,505,512,516,522,529,533,539,546,550,556,563,567,573,580,584,590,597,601,607,614,618,624,631,635,641,648,652,658,665,669,675,682,686,692,699,703,709,716,720,726,733,737,743,750,754,766,773,777,783,790,794,800,807,811,817,824,828,833,840,844,848,855,859,865,872,876,882,889,893,898,905,909,915,922,926,932,939,943,949,956,960,968,975,979,987,1351-1354,1364,1372-1375,1385,1392-1395,1398,1405-1408,1411,1418-1421,1424,1431-1434,1437,1790,1796,1805,1811,1820,1826,1835,1841,1850,1856,1865,1871,1880,1886,1895,1901,1910,1916,1925,1931,1940,1946,1955,1961,1970,1976,1985,1991,2000,2006,2015,2021,2030,2036,2045,2051,2060,2066,2075,2081,2090,2096,2105,2111,2120,2126,2135,2141,2150,2156,2165,2171,2180,2186,2195,2201,2210,2216,2225,2231,2240,2246,2255,2261,2270,2276,2285,2291,2300,2306,2315,2321,2330,2336,2345,2351,2360,2366,2376,2382,2391,2397,2406,2412,2421,2427,2436,2442,2451,2457,2466,2472,2481,2487,2496,2502,2511,2517,2526,2532,2541,2547,2556,2562
qt/gen_qinputdialog.go
  s_64fea63fed100b::t_76b0a7395c168f 33-37,441-444,470-473,495-498,517-520,539-542,561-564,1210-1214,1241-1245,1270-1274,1300-1304,1330-1334,1357-1361,1386-1390,1413-1417,1440-1444,1470-1474,1500-1504,1530-1534,1560-1564,1590-1594,1624-1628,1653-1657,1685-1689,1714-1718,1743-1747,1775-1779,1805-1809,1835-1839,1865-1869,1895-1899,1925-1929,1955-1959,1985-1989,2015-2019,2045-2049,2075-2079,2105-2109,2135-2139,2165-2169,2195-2199,2225-2229,2255-2259,2285-2289,2315-2319,2352-2356,2390-2394,2420-2424,2452-2456,2482-2486,2514-2518,2543-2547,2575-2579,2607-2611,2639-2643,2669-2673,2699-2703,2729-2733,2759-2763
qt/gen_qinputdialog.h
  s_64fea63fed100b::t_1ce70953c6247f 145,147,149,151,153,155
qt/gen_qinputmethod.cpp
  s_64fea63fed100b::t_8ef3834b38bb13 1-2,21,153-156,158,165-168,170,177-180,182,189-192,194,201-204,206,213-216,218,225-228,230,237-240,244
qt/gen_qinputmethod.go
  s_64fea63fed100b::t_e310fed15f7b83 23-27,191-194,210-213,229-232,248-251,267-270,286-289,305-308,324-327
qt/gen_qinputmethod.h
  s_64fea63fed100b::t_e86db1fda523d7 63,65,67,69,71,73,75,77
qt/gen_qiodevice.cpp
  s_64fea63fed100b::t_9efeada13c5d1b 1-2,21,64,68,72,79,83,89,96,100,105,112,116,120,127,131,135,142,146,152,159,163,167,174,178,182,189,193,197,204,208,212,219,223,227,234,238,243,250,254,259,266,270,277,282,286,293,300,304,311,316,320,325,332,336,342,349,353,359,366,370,376,383,387,393,400,404,412,419,423,431,708-711,713,720-723,726,733-736,740,747-750,755,762-765,767,774-777,779,836,842,851,857,866,872,881,887,897,903,913,919,928,934,943,949,958,964,974,980,990,996,1005,1011,1020,1026,1035,1041,1046,1052,1062,1068,1073,1079,1088,1094,1103,1109,1118,1124,1133,1139,1148,1154,1163,1169
qt/gen_qiodevice.go
  s_64fea63fed100b::t_24373bca72af1a 32-36,326-329,345-348,367-370,389-392,413-416,432-435,591-595,620-624,652-656,679-683,708-712,737-741,769-773,798-802,827-831,856-860,885-889,914-918,946-950,972-976,1009-1013,1038-1042,1073-1077,1105-1109,1139-1143,1169-1173,1199-1203,1229-1233,1259-1263
qt/gen_qiodevice.h
  s_64fea63fed100b::t_669c5a55f78700 87,89,91,93,95,97
qt/gen_qitemdelegate.cpp
  s_64fea63fed100b::t_0b33ac76e41ec0 1-2,36,71,75,87,94,98,108,115,119,130,137,141,150,157,161,171,178,182,194,201,205,225,232,236,251,258,262,274,281,285,299,306,310,316,323,327,339,346,350,359,366,370,382,389,393,397,411,415,420,427,431,437,444,448,454,461,465,471,478,482,490,497,501,509,657,663,672,678,687,693,702,708,717,723,732,738,747,753,763,769,778,784,793,799,808,814,823,829,838,844,853,859,868,874,892,898,907,913,922,928,937,943,952,958,967,973
qt/gen_qitemdelegate.go
  s_64fea63fed100b::t_40b37a5021c5d5 17-21,370-374,406-410,440-444,476-480,508-512,542-546,580-584,619-623,655-659,689-693,725-729,759-763,797-801,829-833,873-877,907-911,939-943,969-973,999-1003,1029-1033,1059-1063
qt/gen_qitemeditorfactory.cpp
  s_64fea63fed100b::t_586ebeefccfdd4 1-2,14,51,55,61,68,72,77,125,131,140,146
qt/gen_qitemeditorfactory.go
  s_64fea63fed100b::t_1963a7e1fe7c25 78-82,160-164,196-200
qt/gen_qitemselectionmodel.cpp
  s_64fea63fed100b::t_e1a9a398eff9f1 1-2,26,180,184,194,201,205,215,222,226,236,243,247,252,259,263,268,275,279,284,291,295,300,307,311,317,324,328,334,341,345,351,358,362,368,375,379,387,394,398,406,581-584,592,599-602,610,617-620,628,635-638,646,653-656,659,749,755,764,770,779,785,794,800,809,815,824,830,839,845,854,860,869,875,884,890,899,905,914,920,929,935
qt/gen_qitemselectionmodel.go
  s_64fea63fed100b::t_21ab7d489d342c 203-207,405-408,429-432,453-456,477-480,501-504,680-684,712-716,744-748,776-780,803-807,830-834,857-861,889-893,923-927,953-957,983-987,1013-1017,1043-1047
qt/gen_qitemselectionmodel.h
  s_64fea63fed100b::t_1d94f72f90b4c1 104,106,108,110,112
qt/gen_qkeyeventtransition.cpp
  s_64fea63fed100b::t_8f14456ed2d88e 1-2,23,48,52,58,65,69,74,81,85,90,97,101,107,114,118,124,131,135,141,148,152,158,165,169,177,184,188,196,321,327,336,342,351,357,366,372,381,387,396,402,411,417,426,432,441,447
qt/gen_qkeyeventtransition.go
  s_64fea63fed100b::t_0a4c7a80a23a75 17-21,234-238,264-268,296-300,328-332,362-366,392-396,422-426,452-456,482-486
qt/gen_qkeysequenceedit.cpp
  s_64fea63fed100b::t_6aa918f469bb7f 1-2,47,112,116,121,128,132,138,145,149,155,162,166,172,179,183,187,194,198,204,211,215,219,226,230,234,241,245,250,257,261,265,272,276,280,287,291,297,304,308,314,321,325,331,338,342,348,355,359,365,372,376,382,389,393,399,406,410,416,423,427,433,440,444,450,457,461,467,474,478,484,491,495,501,508,512,518,525,529,535,542,546,552,559,563,569,576,580,586,593,597,603,610,614,620,627,631,637,644,648,654,661,665,677,684,688,694,701,705,711,718,722,728,735,739,744,751,755,759,766,770,776,783,787,793,800,804,809,816,820,826,833,837,843,850,854,860,867,871,879,886,890,898,982-985,987,994-997,1002,1050,1056,1065,1071,1080,1086,1095,1101,1110,1116,1125,1131,1140,1146,1155,1161,1170,1176,1185,1191,1200,1206,1215,1221,1230,1236,1245,1251,1260,1266,1275,1281,1290,1296,1305,1311,1320,1326,1335,1341,1350,1356,1365,1371,1380,1386,1395,1401,1410,1416,1425,1431,1440,1446,1455,1461,1470,1476,1485,1491,1500,1506,1515,1521,1530,1536,1545,1551,1561,1567,1576,1582,1591,1597,1606,1612,1621,1627,1636,1642,1651,1657,1666,1672,1681,1687,1696,1702,1711,1717,1726,1732,1741,1747
qt/gen_qkeysequenceedit.go
  s_64fea63fed100b::t_848e6b0e8a6c84 17-21,127-130,146-149,337-341,369-373,399-403,429-433,459-463,488-492,520-524,551-555,580-584,612-616,641-645,670-674,700-704,730-734,760-764,790-794,820-824,850-854,880-884,910-914,940-944,970-974,1000-1004,1030-1034,1060-1064,1090-1094,1120-1124,1150-1154,1180-1184,1210-1214,1240-1244,1270-1274,1300-1304,1337-1341,1375-1379,1405-1409,1437-1441,1467-1471,1499-1503,1528-1532,1560-1564,1592-1596,1624-1628,1658-1662,1688-1692,1718-1722,1748-1752
qt/gen_qkeysequenceedit.h
  s_64fea63fed100b::t_f765485c925409 100,102
qt/gen_qlabel.cpp
  s_64fea63fed100b::t_5b364cfc060a67 1-2,51,118,122,126,133,137,141,148,152,157,164,168,173,180,184,190,197,201,207,214,218,224,231,235,241,248,252,258,265,269,275,282,286,292,299,303,309,316,320,326,333,337,342,349,353,357,364,368,374,381,385,389,396,400,404,411,415,421,428,432,438,445,449,455,462,466,472,479,483,489,496,500,506,513,517,523,530,534,540,547,551,557,564,568,574,581,585,591,598,602,608,615,619,625,632,636,642,649,653,659,666,670,676,683,687,699,706,710,716,723,727,733,740,744,749,756,760,764,771,775,781,788,792,798,805,809,815,822,826,832,839,843,849,856,860,866,873,877,885,892,896,904,1160-1163,1173,1181-1184,1194,1242,1248,1257,1263,1272,1278,1287,1293,1302,1308,1317,1323,1332,1338,1347,1353,1362,1368,1377,1383,1392,1398,1407,1413,1422,1428,1437,1443,1452,1458,1467,1473,1482,1488,1497,1503,1512,1518,1527,1533,1542,1548,1557,1563,1572,1578,1587,1593,1602,1608,1617,1623,1632,1638,1647,1653,1662,1668,1677,1683,1692,1698,1707,1713,1722,1728,1737,1743,1752,1758,1768,1774,1783,1789,1798,1804,1813,1819,1828,1834,1843,1849,1858,1864,1873,1879,1888,1894,1903,1909,1918,1924,1933,1939
qt/gen_qlabel.go
  s_64fea63fed100b::t_cb09d78f225947 17-21,311-314,340-343,560-564,591-595,620-624,652-656,684-688,714-718,744-748,774-778,804-808,834-838,864-868,894-898,924-928,954-958,986-990,1015-1019,1045-1049,1074-1078,1103-1107,1133-1137,1163-1167,1193-1197,1223-1227,1253-1257,1283-1287,1313-1317,1343-1347,1373-1377,1403-1407,1433-1437,1463-1467,1493-1497,1523-1527,1553-1557,1590-1594,1628-1632,1660-1664,1690-1694,1722-1726,1751-1755,1783-1787,1815-1819,1849-1853,1879-1883,1909-1913,1939-1943,1969-1973
qt/gen_qlabel.h
  s_64fea63fed100b::t_b7d536b97c0ba4 145,147
qt/gen_qlayout.cpp
  s_64fea63fed100b::t_93d3372619bea1 1-2,26,67,71,76,83,87,91,98,102,107,112,116,120,127,131,135,142,146,150,157,161,169,176,180,185,190,194,199,204,208,213,220,224,228,233,237,241,248,252,256,263,267,271,278,282,288,295,299,304,311,315,321,328,332,338,345,349,355,362,366,374,381,385,393,400,404,408,413,417,421,428,432,437,444,448,453,460,464,468,475,479,483,772,778,787,793,802,808,813,819,829,835,844,850,859,865,874,880,885,891,896,902,911,917,922,928,937,943,953,959,968,974,983,989,998,1004,1013,1019,1028,1034,1043,1049,1058,1064,1073,1079,1084,1090,1099,1105,1114,1120,1129,1135,1144,1150
qt/gen_qlayout.go
  s_64fea63fed100b::t_9934b00cd9d745 28-32,484-488,513-517,536-540,566-570,597-601,628-632,657-661,681-685,707-711,739-743,765-769,794-798,823-827,852-856,881-885,911-915,943-947,977-981,1007-1011,1037-1041,1067-1071,1091-1095,1120-1124,1149-1153,1181-1185,1213-1217,1242-1246
qt/gen_qlayoutitem.cpp
  s_64fea63fed100b::t_a0965b505e0fea 1-2,19,35,51,67,97,101,105,110,114,118,123,127,131,136,140,144,149,153,160,165,169,173,178,182,186,191,195,199,206,210,215,222,226,231,238,242,247,254,258,262,269,273,277,284,288,292,299,303,307,403,409,414,420,425,431,436,442,447,453,458,464,469,475,480,486,495,501,510,516,525,531,540,546,555,561,570,576,585,591,615,619,623,630,634,638,645,649,653,660,664,668,675,679,683,690,694,702,709,713,717,724,728,732,739,743,747,754,758,763,770,774,779,786,790,795,802,806,810,817,821,825,832,836,840,922,928,937,943,952,958,967,973,983,989,998,1004,1013,1019,1028,1034,1043,1049,1058,1064,1073,1079,1088,1094,1103,1109,1118,1124,1133,1139,1160,1164,1168,1175,1179,1183,1190,1194,1198,1205,1209,1213,1220,1224,1228,1235,1239,1247,1254,1258,1262,1269,1273,1277,1284,1288,1292,1299,1303,1308,1315,1319,1323,1330,1334,1339,1346,1350,1355,1362,1366,1370,1377,1381,1385,1448,1454,1463,1469,1478,1484,1493,1499,1509,1515,1524,1530,1539,1545,1554,1560,1569,1575,1584,1590,1599,1605,1615,1621,1630,1636,1645,1651,1660,1666,1686,1690,1694,1701,1705,1709,1716,1720,1724,1731,1735,1740,1747,1751,1755,1762,1766,1770,1777,1781,1789,1796,1800,1804,1811,1815,1819,1826,1830,1834,1841,1845,1849,1856,1860,1865,1872,1876,1881,1888,1892,1896,1903,1907,1911,1944,1950,1959,1965,1974,1980,1989,1995,2004,2010,2020,2026,2035,2041,2050,2056,2065,2071,2080,2086,2095,2101,2111,2117,2126,2132,2141,2147,2156,2162
qt/gen_qlayoutitem.go
  s_64fea63fed100b::t_422f0fb4f8c254 17-21,152-156,175-179,198-202,221-225,244-248,268-272,291-295,320-324,349-353,381-385,413-417,440-444,469-473,498-502,527-531,564-568,699-703,730-734,761-765,790-794,819-823,848-852,880-884,909-913,938-942,967-971,999-1003,1031-1035,1058-1062,1087-1091,1116-1120,1153-1157,1260-1264,1291-1295,1322-1326,1351-1355,1380-1384,1409-1413,1441-1445,1470-1474,1499-1503,1528-1532,1560-1564,1589-1593,1621-1625,1648-1652,1677-1681,1714-1718,1791-1795,1822-1826,1853-1857,1882-1886,1914-1918,1943-1947,1972-1976,2004-2008,2033-2037,2062-2066,2091-2095,2120-2124,2152-2156,2179-2183,2208-2212
qt/gen_qlcdnumber.cpp
  s_64fea63fed100b::t_fa737caaf8dafb 1-2,48,112,116,120,127,131,136,143,147,153,160,164,170,177,181,185,192,196,202,209,213,217,224,228,233,240,244,248,255,259,263,270,274,280,287,291,297,304,308,314,321,325,331,338,342,348,355,359,365,372,376,382,389,393,399,406,410,416,423,427,433,440,444,450,457,461,467,474,478,484,491,495,501,508,512,518,525,529,535,542,546,552,559,563,569,576,580,586,593,597,603,610,614,620,627,631,637,644,648,654,661,665,677,684,688,694,701,705,711,718,722,727,734,738,742,749,753,759,766,770,776,783,787,792,799,803,809,816,820,826,833,837,843,850,854,860,867,871,879,886,890,898,1055-1058,1060,1108,1114,1123,1129,1138,1144,1153,1159,1168,1174,1183,1189,1198,1204,1213,1219,1228,1234,1243,1249,1258,1264,1273,1279,1288,1294,1303,1309,1318,1324,1333,1339,1348,1354,1363,1369,1378,1384,1393,1399,1408,1414,1423,1429,1438,1444,1453,1459,1468,1474,1483,1489,1498,1504,1513,1519,1528,1534,1543,1549,1558,1564,1573,1579,1588,1594,1603,1609,1619,1625,1634,1640,1649,1655,1664,1670,1679,1685,1694,1700,1709,1715,1724,1730,1739,1745,1754,1760,1769,1775,1784,1790,1799,1805
qt/gen_qlcdnumber.go
  s_64fea63fed100b::t_885582634630b7 34-38,216-219,430-434,459-463,491-495,521-525,551-555,580-584,612-616,641-645,673-677,702-706,731-735,761-765,791-795,821-825,851-855,881-885,911-915,941-945,971-975,1001-1005,1031-1035,1061-1065,1091-1095,1121-1125,1151-1155,1181-1185,1211-1215,1241-1245,1271-1275,1301-1305,1331-1335,1361-1365,1391-1395,1428-1432,1466-1470,1498-1502,1528-1532,1560-1564,1589-1593,1621-1625,1653-1657,1685-1689,1719-1723,1749-1753,1779-1783,1809-1813,1839-1843
qt/gen_qlcdnumber.h
  s_64fea63fed100b::t_afd2074189cdda 119
qt/gen_qlibrary.cpp
  s_64fea63fed100b::t_0fefc6e17cdc1e 1-2,20,47,51,56,63,67,73,80,84,90,97,101,107,114,118,124,131,135,143,150,154,162,358,364,373,379,388,394,403,409,418,424,433,439,448,454
qt/gen_qlibrary.go
  s_64fea63fed100b::t_5eb323fce4183d 27-31,354-358,386-390,420-424,450-454,480-484,510-514,540-544
qt/gen_qlineedit.cpp
  s_64fea63fed100b::t_d96753d8edc39f 1-2,54,124,128,132,139,143,147,154,158,164,171,175,181,188,192,198,205,209,215,222,226,232,239,243,249,256,260,266,273,277,283,290,294,300,307,311,317,324,328,334,341,345,351,358,362,368,375,379,385,392,396,402,409,413,419,426,430,435,442,446,450,457,461,467,474,478,483,490,494,498,505,509,513,520,524,530,537,541,547,554,558,564,571,575,581,588,592,598,605,609,615,622,626,632,639,643,649,656,660,666,673,677,683,690,694,700,707,711,723,730,734,740,747,751,757,764,768,773,780,784,788,795,799,804,811,815,821,828,832,838,845,849,855,862,866,872,879,883,891,898,902,910,1297-1300,1310,1318-1321,1331,1338-1341,1345,1352-1355,1357,1364-1367,1369,1376-1379,1381,1388-1391,1393,1461,1467,1476,1482,1491,1497,1506,1512,1521,1527,1536,1542,1551,1557,1566,1572,1581,1587,1596,1602,1611,1617,1626,1632,1641,1647,1656,1662,1671,1677,1686,1692,1701,1707,1716,1722,1731,1737,1746,1752,1761,1767,1776,1782,1791,1797,1806,1812,1821,1827,1836,1842,1851,1857,1866,1872,1881,1887,1896,1902,1911,1917,1926,1932,1941,1947,1956,1962,1971,1977,1986,1992,2002,2008,2017,2023,2032,2038,2047,2053,2062,2068,2077,2083,2092,2098,2107,2113,2122,2128,2137,2143,2152,2158
qt/gen_qlineedit.go
  s_64fea63fed100b::t_ec1a1d4c298209 33-37,446-449,475-478,500-503,524-527,543-546,562-565,581-584,823-827,854-858,883-887,913-917,943-947,973-977,1003-1007,1033-1037,1063-1067,1093-1097,1123-1127,1153-1157,1183-1187,1213-1217,1243-1247,1273-1277,1303-1307,1335-1339,1367-1371,1399-1403,1428-1432,1458-1462,1490-1494,1519-1523,1548-1552,1578-1582,1608-1612,1638-1642,1668-1672,1698-1702,1728-1732,1758-1762,1788-1792,1818-1822,1848-1852,1885-1889,1923-1927,1955-1959,1985-1989,2017-2021,2046-2050,2078-2082,2112-2116,2142-2146,2172-2176,2202-2206,2232-2236
qt/gen_qlineedit.h
  s_64fea63fed100b::t_e7714b67889eea 178,180,182,184,186,188,190
qt/gen_qlistview.cpp
  s_64fea63fed100b::t_8d55465746862e 1-2,60,164,168,175,182,186,196,203,207,214,221,225,230,237,241,246,253,257,265,272,276,281,288,292,299,306,310,331,338,342,352,359,363,373,380,384,390,397,401,407,414,418,424,431,435,441,448,452,458,465,469,475,482,486,492,499,503,509,516,520,527,534,538,542,549,553,559,566,570,574,581,585,589,596,600,608,615,619,629,636,640,647,654,658,662,676,680,685,692,696,703,710,714,725,732,736,747,754,758,762,769,773,779,786,790,796,803,807,820,827,831,836,843,847,852,859,863,869,876,880,885,892,896,901,908,912,917,924,928,934,941,945,951,958,962,968,975,979,985,992,996,1004,1011,1015,1021,1028,1032,1038,1045,1049,1059,1066,1070,1078,1085,1089,1094,1101,1105,1110,1117,1121,1127,1134,1138,1144,1151,1155,1161,1168,1172,1178,1185,1189,1195,1202,1206,1212,1219,1223,1229,1236,1240,1246,1253,1257,1261,1268,1272,1276,1283,1287,1293,1300,1304,1310,1317,1321,1327,1334,1338,1342,1349,1353,1359,1366,1370,1375,1382,1386,1390,1397,1401,1405,1412,1416,1422,1429,1433,1439,1446,1450,1456,1463,1467,1473,1480,1484,1490,1497,1501,1507,1514,1518,1524,1531,1535,1541,1548,1552,1558,1565,1569,1581,1588,1592,1598,1605,1609,1615,1622,1626,1631,1638,1642,1646,1653,1657,1663,1670,1674,1680,1687,1691,1699,1706,1710,1718,1965-1968,1980,2028,2034,2043,2049,2058,2064,2073,2079,2088,2094,2103,2109,2118,2124,2133,2139,2148,2154,2169,2175,2184,2190,2199,2205,2214,2220,2229,2235,2244,2250,2259,2265,2274,2280,2289,2295,2304,2310,2319,2325,2334,2340,2349,2355,2364,2370,2379,2385,2394,2400,2409,2415,2424,2430,2439,2445,2463,2469,2478,2484,2493,2499,2508,2514,2523,2529,2538,2544,2553,2559,2568,2574,2584,2590,2599,2605,2614,2620,2629,2635,2644,2650,2659,2665,2674,2680,2689,2695,2704,2710,2719,2725,2734,2740,2749,2755,2764,2770,2779,2785,2794,2800,2810,2816,2825,2831,2840,2846,2855,2861,2870,2876,2885,2891,2900,2906,2915,2921,2930,2936,2945,2951,2960,2966,2975,2981,2990,2996,3005,3011,3020,3026,3035,3041,3050,3056,3065,3071,3080,3086,3095,3101,3110,3116,3125,3131,3140,3146,3155,3161,3170,3176,3185,3191,3200,3206,3215,3221,3230,3236,3245,3251,3261,3267,3276,3282,3291,3297,3306,3312,3321,3327,3336,3342,3351,3357,3366,3372
qt/gen_qlistview.go
  s_64fea63fed100b::t_6726eb5853ffeb 53-57,297-300,798-802,830-834,864-868,896-900,923-927,950-954,980-984,1012-1016,1050-1054,1090-1094,1124-1128,1158-1162,1188-1192,1218-1222,1248-1252,1278-1282,1308-1312,1338-1342,1368-1372,1398-1402,1430-1434,1459-1463,1489-1493,1518-1522,1549-1553,1583-1587,1617-1621,1657-1661,1691-1695,1718-1722,1750-1754,1782-1786,1816-1820,1845-1849,1875-1879,1909-1913,1942-1946,1974-1978,2008-2012,2040-2044,2067-2071,2094-2098,2121-2125,2151-2155,2181-2185,2211-2215,2241-2245,2273-2277,2303-2307,2333-2337,2369-2373,2403-2407,2435-2439,2467-2471,2497-2501,2527-2531,2557-2561,2587-2591,2617-2621,2647-2651,2677-2681,2713-2717,2744-2748,2773-2777,2803-2807,2833-2837,2863-2867,2892-2896,2922-2926,2954-2958,2983-2987,3012-3016,3042-3046,3072-3076,3102-3106,3132-3136,3162-3166,3192-3196,3222-3226,3252-3256,3289-3293,3327-3331,3359-3363,3389-3393,3421-3425,3450-3454,3480-3484,3510-3514,3540-3544
qt/gen_qlistview.h
  s_64fea63fed100b::t_cac75cb369ed94 154
qt/gen_qlistwidget.cpp
  s_64fea63fed100b::t_4a922c253cacf0 1-2,67,75,199,203,207,214,218,226,233,237,242,249,253,262,269,273,280,287,291,299,306,310,318,571,577,586,592,601,607,616,622,631,637,646,652,661,667,688,692,698,705,709,715,722,726,731,738,742,746,765,769,783,790,794,802,809,813,817,824,828,835,842,846,856,863,867,874,881,885,890,897,901,906,913,917,925,932,936,943,950,954,975,982,986,996,1003,1007,1017,1024,1028,1034,1041,1045,1051,1058,1062,1068,1075,1079,1085,1092,1096,1102,1109,1113,1119,1126,1130,1136,1143,1147,1154,1161,1165,1169,1176,1180,1186,1193,1197,1201,1208,1212,1216,1223,1227,1235,1242,1246,1256,1263,1267,1274,1281,1285,1289,1303,1307,1312,1319,1323,1330,1337,1341,1352,1359,1363,1374,1381,1385,1389,1396,1400,1413,1420,1424,1429,1436,1440,1445,1452,1456,1462,1469,1473,1478,1485,1489,1494,1501,1505,1510,1517,1521,1527,1534,1538,1544,1551,1555,1561,1568,1572,1578,1585,1589,1597,1604,1608,1614,1621,1625,1631,1638,1642,1652,1659,1663,1671,1678,1682,1687,1694,1698,1703,1710,1714,1720,1727,1731,1737,1744,1748,1754,1761,1765,1771,1778,1782,1788,1795,1799,1805,1812,1816,1822,1829,1833,1839,1846,1850,1854,1861,1865,1869,1876,1880,1886,1893,1897,1903,1910,1914,1920,1927,1931,1935,1942,1946,1952,1959,1963,1968,1975,1979,1983,1990,1994,1998,2005,2009,2015,2022,2026,2032,2039,2043,2049,2056,2060,2066,2073,2077,2083,2090,2094,2100,2107,2111,2117,2124,2128,2134,2141,2145,2151,2158,2162,2174,2181,2185,2191,2198,2202,2208,2215,2219,2224,2231,2235,2239,2246,2250,2256,2263,2267,2273,2280,2284,2292,2299,2303,2311,2593-2596,2599,2606-2609,2612,2619-2622,2625,2632-2635,2638,2645-2648,2651,2658-2661,2664,2671-2674,2678,2686-2689,2699,2706-2709,2712,2719-2722,2724,2780,2786,2795,2801,2810,2816,2825,2831,2856,2862,2877,2883,2892,2898,2908,2914,2923,2929,2938,2944,2953,2959,2968,2974,2983,2989,2998,3004,3013,3019,3034,3040,3049,3055,3064,3070,3079,3085,3094,3100,3109,3115,3124,3130,3139,3145,3154,3160,3169,3175,3184,3190,3199,3205,3214,3220,3229,3235,3244,3250,3259,3265,3274,3280,3289,3295,3313,3319,3328,3334,3343,3349,3358,3364,3373,3379,3388,3394,3404,3410,3419,3425,3434,3440,3449,3455,3464,3470,3479,3485,3494,3500,3509,3515,3524,3530,3539,3545,3554,3560,3569,3575,3584,3590,3599,3605,3614,3620,3630,3636,3645,3651,3660,3666,3675,3681,3690,3696,3705,3711,3720,3726,3735,3741,3750,3756,3765,3771,3780,3786,3795,3801,3810,3816,3825,3831,3840,3846,3855,3861,3870,3876,3885,3891,3900,3906,3915,3921,3930,3936,3945,3951,3960,3966,3975,3981,3990,3996,4005,4011,4020,4026,4035,4041,4050,4056,4065,4071,4081,4087,4096,4102,4111,4117,4126,4132,4141,4147,4156,4162,4171,4177,4186,4192
qt/gen_qlistwidget.go
  s_64fea63fed100b::t_a281d4eb9ece7c 24-28,359-363,388-392,420-424,452-456,484-488,516-520,546-550,584-588,870-873,892-895,914-917,936-939,958-961,980-983,1002-1005,1030-1033,1055-1058,1077-1080,1639-1643,1669-1673,1699-1703,1740-1744,1783-1787,1821-1825,1857-1861,1888-1892,1920-1924,1954-1958,1986-1990,2013-2017,2040-2044,2070-2074,2108-2112,2148-2152,2182-2186,2216-2220,2246-2250,2276-2280,2306-2310,2336-2340,2366-2370,2396-2400,2426-2430,2458-2462,2487-2491,2517-2521,2546-2550,2577-2581,2611-2615,2645-2649,2685-2689,2719-2723,2746-2750,2778-2782,2810-2814,2844-2848,2877-2881,2910-2914,2942-2946,2976-2980,3008-3012,3035-3039,3062-3066,3089-3093,3119-3123,3149-3153,3179-3183,3209-3213,3241-3245,3271-3275,3301-3305,3337-3341,3371-3375,3403-3407,3435-3439,3465-3469,3495-3499,3525-3529,3555-3559,3585-3589,3615-3619,3645-3649,3681-3685,3712-3716,3741-3745,3771-3775,3801-3805,3831-3835,3860-3864,3890-3894,3922-3926,3951-3955,3980-3984,4010-4014,4040-4044,4070-4074,4100-4104,4130-4134,4160-4164,4190-4194,4220-4224,4257-4261,4295-4299,4327-4331,4357-4361,4389-4393,4418-4422,4448-4452,4478-4482,4508-4512
qt/gen_qlistwidget.h
  s_64fea63fed100b::t_1a0427f23a47c4 239,241,243,245,247,249,251,253,255,257
qt/gen_qmainwindow.cpp
  s_64fea63fed100b::t_ddcc8f16dae821 1-2,52,118,122,126,133,137,143,150,154,159,166,170,174,181,185,191,198,202,206,213,217,221,228,232,237,244,248,252,259,263,267,274,278,284,291,295,301,308,312,318,325,329,335,342,346,352,359,363,369,376,380,386,393,397,403,410,414,420,427,431,437,444,448,454,461,465,471,478,482,488,495,499,505,512,516,522,529,533,539,546,550,556,563,567,573,580,584,590,597,601,607,614,618,624,631,635,641,648,652,658,665,669,681,688,692,698,705,709,715,722,726,732,739,743,748,755,759,763,770,774,780,787,791,797,804,808,813,820,824,830,837,841,847,854,858,864,871,875,881,888,892,900,907,911,919,1230-1233,1238,1245-1248,1252,1259-1262,1265,1331,1337,1346,1352,1361,1367,1376,1382,1391,1397,1406,1412,1421,1427,1436,1442,1451,1457,1466,1472,1481,1487,1496,1502,1511,1517,1526,1532,1541,1547,1556,1562,1571,1577,1586,1592,1601,1607,1616,1622,1631,1637,1646,1652,1661,1667,1676,1682,1691,1697,1706,1712,1721,1727,1736,1742,1751,1757,1766,1772,1781,1787,1796,1802,1811,1817,1826,1832,1842,1848,1857,1863,1872,1878,1887,1893,1902,1908,1917,1923,1932,1938,1947,1953,1962,1968,1977,1983,1992,1998,2007,2013,2022,2028,2037,2043
qt/gen_qmainwindow.go
  s_64fea63fed100b::t_d771dc85db042f 28-32,360-363,382-385,404-407,617-621,646-650,676-680,708-712,737-741,769-773,800-804,829-833,861-865,890-894,919-923,949-953,979-983,1009-1013,1039-1043,1069-1073,1099-1103,1129-1133,1159-1163,1189-1193,1219-1223,1249-1253,1279-1283,1309-1313,1339-1343,1369-1373,1399-1403,1429-1433,1459-1463,1489-1493,1519-1523,1549-1553,1579-1583,1616-1620,1654-1658,1684-1688,1716-1720,1746-1750,1778-1782,1807-1811,1839-1843,1871-1875,1903-1907,1937-1941,1967-1971,1997-2001,2027-2031,2057-2061
qt/gen_qmainwindow.h
  s_64fea63fed100b::t_be618ece48a4ff 156,158,160
qt/gen_qmdiarea.cpp
  s_64fea63fed100b::t_10c8a98a4f792d 1-2,53,119,123,127,134,138,142,149,153,159,166,170,175,182,186,192,199,203,209,216,220,226,233,237,243,250,254,260,267,271,277,284,288,293,300,304,311,318,322,328,335,339,345,352,356,362,369,373,379,386,390,396,403,407,413,420,424,430,437,441,447,454,458,464,471,475,481,488,492,498,505,509,513,520,524,530,537,541,545,552,556,562,569,573,578,585,589,593,600,604,608,615,619,625,632,636,642,649,653,659,666,670,676,683,687,693,700,704,710,717,721,727,734,738,744,751,755,761,768,772,778,785,789,801,808,812,818,825,829,835,842,846,851,858,862,866,873,877,883,890,894,900,907,911,916,923,927,933,940,944,952,959,963,971,1152-1155,1158,1255,1261,1270,1276,1285,1291,1300,1306,1315,1321,1330,1336,1345,1351,1360,1366,1375,1381,1390,1396,1405,1411,1420,1426,1435,1441,1450,1456,1465,1471,1480,1486,1495,1501,1510,1516,1525,1531,1540,1546,1555,1561,1570,1576,1585,1591,1600,1606,1615,1621,1630,1636,1645,1651,1660,1666,1675,1681,1690,1696,1705,1711,1720,1726,1735,1741,1750,1756,1765,1771,1780,1786,1795,1801,1810,1816,1825,1831,1840,1846,1855,1861,1871,1877,1886,1892,1901,1907,1916,1922,1931,1937,1946,1952,1961,1967,1976,1982,1991,1997,2006,2012
qt/gen_qmdiarea.go
  s_64fea63fed100b::t_7c9a174cad9dd3 38-42,234-237,525-529,556-560,585-589,615-619,647-651,681-685,711-715,741-745,771-775,801-805,831-835,863-867,895-899,925-929,955-959,985-989,1015-1019,1045-1049,1075-1079,1105-1109,1135-1139,1165-1169,1195-1199,1227-1231,1256-1260,1286-1290,1315-1319,1345-1349,1377-1381,1406-1410,1435-1439,1465-1469,1495-1499,1525-1529,1555-1559,1585-1589,1615-1619,1645-1649,1675-1679,1705-1709,1742-1746,1780-1784,1812-1816,1842-1846,1874-1878,1903-1907,1935-1939,1967-1971,1999-2003,2029-2033,2059-2063
qt/gen_qmdiarea.h
  s_64fea63fed100b::t_b88976e2919080 130
qt/gen_qmdisubwindow.cpp
  s_64fea63fed100b::t_590aed8ad4770d 1-2,48,112,116,120,127,131,135,142,146,152,159,163,168,175,179,185,192,196,202,209,213,219,226,230,236,243,247,253,260,264,270,277,281,287,294,298,304,311,315,321,328,332,338,345,349,355,362,366,372,379,383,389,396,400,406,413,417,423,430,434,440,447,451,457,464,468,474,481,485,489,496,500,506,513,517,522,529,533,537,544,548,552,559,563,569,576,580,586,593,597,603,610,614,620,627,631,637,644,648,654,661,665,671,678,682,688,695,699,705,712,716,728,735,739,745,752,756,762,769,773,778,785,789,793,800,804,810,817,821,827,834,838,843,850,854,860,867,871,879,886,890,898,1030-1033,1039,1046-1049,1051,1111,1117,1126,1132,1141,1147,1156,1162,1171,1177,1186,1192,1201,1207,1216,1222,1231,1237,1246,1252,1261,1267,1276,1282,1291,1297,1306,1312,1321,1327,1336,1342,1351,1357,1366,1372,1381,1387,1396,1402,1411,1417,1426,1432,1441,1447,1456,1462,1471,1477,1486,1492,1501,1507,1516,1522,1531,1537,1546,1552,1561,1567,1576,1582,1591,1597,1606,1612,1621,1627,1636,1642,1651,1657,1667,1673,1682,1688,1697,1703,1712,1718,1727,1733,1742,1748,1757,1763,1772,1778,1787,1793,1802,1808
qt/gen_qmdisubwindow.go
  s_64fea63fed100b::t_a45df8e8d89f4e 26-30,184-187,208-211,410-414,441-445,470-474,504-508,536-540,566-570,596-600,626-630,656-660,686-690,716-720,746-750,776-780,806-810,836-840,866-870,896-900,926-930,956-960,986-990,1016-1020,1046-1050,1076-1080,1105-1109,1135-1139,1167-1171,1196-1200,1225-1229,1255-1259,1285-1289,1315-1319,1345-1349,1375-1379,1405-1409,1435-1439,1465-1469,1502-1506,1540-1544,1572-1576,1602-1606,1634-1638,1663-1667,1695-1699,1727-1731,1759-1763,1789-1793,1819-1823
qt/gen_qmdisubwindow.h
  s_64fea63fed100b::t_a052cc73b11a07 114,116
qt/gen_qmenu.cpp
  s_64fea63fed100b::t_ff43ad85da2256 1-2,51,118,122,126,133,137,143,150,154,160,167,171,177,184,188,194,201,205,211,218,222,228,235,239,245,252,256,262,269,273,279,286,290,296,303,307,313,320,324,330,337,341,346,353,357,362,369,373,377,384,388,394,401,405,409,416,420,425,432,436,440,447,451,455,462,466,472,479,483,489,496,500,506,513,517,523,530,534,540,547,551,557,564,568,574,581,585,591,598,602,608,615,619,625,632,636,642,649,653,659,666,670,676,683,687,693,700,704,716,723,727,733,740,744,750,757,761,766,773,777,781,788,792,798,805,809,815,822,826,832,839,843,849,856,860,866,873,877,885,892,896,904,1166-1169,1171,1178-1181,1183,1190-1193,1196,1203-1206,1209,1285,1291,1300,1306,1315,1321,1330,1336,1345,1351,1360,1366,1375,1381,1390,1396,1405,1411,1420,1426,1435,1441,1450,1456,1465,1471,1480,1486,1495,1501,1510,1516,1525,1531,1540,1546,1555,1561,1570,1576,1585,1591,1600,1606,1615,1621,1630,1636,1645,1651,1660,1666,1675,1681,1690,1696,1705,1711,1720,1726,1735,1741,1750,1756,1765,1771,1780,1786,1795,1801,1810,1816,1826,1832,1841,1847,1856,1862,1871,1877,1886,1892,1901,1907,1916,1922,1931,1937,1946,1952,1961,1967,1976,1982
qt/gen_qmenu.go
  s_64fea63fed100b::t_82026af0f5f3ba 17-21,336-339,355-358,374-377,396-399,643-647,672-676,702-706,732-736,762-766,792-796,822-826,852-856,882-886,912-916,942-946,972-976,1002-1006,1032-1036,1064-1068,1096-1100,1125-1129,1157-1161,1186-1190,1218-1222,1247-1251,1276-1280,1306-1310,1336-1340,1366-1370,1396-1400,1426-1430,1456-1460,1486-1490,1516-1520,1546-1550,1576-1580,1606-1610,1636-1640,1666-1670,1703-1707,1741-1745,1773-1777,1803-1807,1835-1839,1864-1868,1896-1900,1928-1932,1962-1966,1992-1996,2022-2026,2052-2056
qt/gen_qmenu.h
  s_64fea63fed100b::t_72efe9a257be08 144,146,148,150
qt/gen_qmenubar.cpp
  s_64fea63fed100b::t_680d4559e5ceb4 1-2,51,114,118,122,129,133,137,144,148,153,160,164,170,177,181,187,194,198,204,211,215,221,228,232,238,245,249,255,262,266,272,279,283,289,296,300,306,313,317,323,330,334,340,347,351,357,364,368,374,381,385,391,398,402,407,414,418,422,429,433,437,444,448,452,459,463,469,476,480,486,493,497,503,510,514,520,527,531,537,544,548,554,561,565,571,578,582,588,595,599,605,612,616,622,629,633,639,646,650,656,663,667,673,680,684,690,697,701,713,720,724,730,737,741,747,754,758,763,770,774,778,785,789,795,802,806,812,819,823,828,835,839,845,852,856,862,869,873,881,888,892,900,1056-1059,1062,1069-1072,1075,1131,1137,1146,1152,1161,1167,1176,1182,1191,1197,1206,1212,1221,1227,1236,1242,1251,1257,1266,1272,1281,1287,1296,1302,1311,1317,1326,1332,1341,1347,1356,1362,1371,1377,1386,1392,1401,1407,1416,1422,1431,1437,1446,1452,1461,1467,1476,1482,1491,1497,1506,1512,1521,1527,1536,1542,1551,1557,1566,1572,1581,1587,1596,1602,1611,1617,1626,1632,1641,1647,1656,1662,1672,1678,1687,1693,1702,1708,1717,1723,1732,1738,1747,1753,1762,1768,1777,1783,1792,1798,1807,1813,1822,1828
qt/gen_qmenubar.go
  s_64fea63fed100b::t_819c2a390ec1bd 17-21,207-210,229-232,442-446,473-477,502-506,534-538,564-568,594-598,624-628,654-658,684-688,714-718,744-748,774-778,804-808,834-838,864-868,894-898,924-928,958-962,990-994,1019-1023,1048-1052,1077-1081,1107-1111,1137-1141,1167-1171,1197-1201,1227-1231,1257-1261,1287-1291,1317-1321,1347-1351,1377-1381,1407-1411,1437-1441,1467-1471,1504-1508,1542-1546,1574-1578,1604-1608,1636-1640,1665-1669,1697-1701,1729-1733,1761-1765,1791-1795,1821-1825,1851-1855
qt/gen_qmenubar.h
  s_64fea63fed100b::t_072cb66ef22d25 125,127
qt/gen_qmessagebox.cpp
  s_64fea63fed100b::t_2a250099cd8532 1-2,52,126,130,135,142,146,152,159,163,169,176,180,186,193,197,203,210,214,220,227,231,237,244,248,252,259,263,267,274,278,283,290,294,298,305,309,315,322,326,331,338,342,347,354,358,364,371,375,381,388,392,396,403,407,412,419,423,427,434,438,442,449,453,459,466,470,476,483,487,493,500,504,510,517,521,527,534,538,544,551,555,561,568,572,578,585,589,595,602,606,612,619,623,629,636,640,646,653,657,663,670,674,680,687,691,697,704,708,714,721,725,731,738,742,748,755,759,765,772,776,788,795,799,805,812,816,822,829,833,838,845,849,853,860,864,870,877,881,887,894,898,903,910,914,920,927,931,937,944,948,954,961,965,973,980,984,992,1415-1418,1421,1713,1719,1728,1734,1743,1749,1758,1764,1773,1779,1788,1794,1803,1809,1818,1824,1833,1839,1848,1854,1863,1869,1878,1884,1893,1899,1908,1914,1923,1929,1938,1944,1953,1959,1968,1974,1983,1989,1998,2004,2013,2019,2028,2034,2043,2049,2058,2064,2073,2079,2088,2094,2103,2109,2118,2124,2133,2139,2148,2154,2163,2169,2178,2184,2193,2199,2208,2214,2223,2229,2238,2244,2253,2259,2268,2274,2283,2289,2298,2304,2314,2320,2329,2335,2344,2350,2359,2365,2374,2380,2389,2395,2404,2410,2419,2425,2434,2440,2449,2455,2464,2470,2479,2485
qt/gen_qmessagebox.go
  s_64fea63fed100b::t_e0c9f1b62aee8c 75-79,679-682,1438-1442,1470-1474,1500-1504,1530-1534,1560-1564,1590-1594,1620-1624,1652-1656,1683-1687,1712-1716,1739-1743,1768-1772,1798-1802,1825-1829,1852-1856,1882-1886,1916-1920,1945-1949,1977-1981,2006-2010,2035-2039,2065-2069,2095-2099,2125-2129,2155-2159,2185-2189,2215-2219,2245-2249,2275-2279,2305-2309,2335-2339,2365-2369,2395-2399,2425-2429,2455-2459,2485-2489,2515-2519,2545-2549,2575-2579,2612-2616,2650-2654,2682-2686,2712-2716,2744-2748,2773-2777,2805-2809,2837-2841,2869-2873,2899-2903,2929-2933,2959-2963,2989-2993
qt/gen_qmessagebox.h
  s_64fea63fed100b::t_6fc2f8f529b295 166
qt/gen_qmimedata.cpp
  s_64fea63fed100b::t_6e4bf5aa6f7b86 1-2,24,47,51,63,70,74,78,97,101,115,122,126,131,138,142,148,155,159,165,172,176,182,189,193,199,206,210,218,225,229,237,474,480,490,496,521,527,537,543,552,558,567,573,582,588,597,603,612,618,627,633
qt/gen_qmimedata.go
  s_64fea63fed100b::t_8ebff6cb834550 17-21,355-359,399-403,442-446,478-482,510-514,544-548,574-578,604-608,634-638,664-668
qt/gen_qmouseeventtransition.cpp
  s_64fea63fed100b::t_66a4369c257978 1-2,24,49,53,59,66,70,75,82,86,91,98,102,108,115,119,125,132,136,142,149,153,159,166,170,178,185,189,197,331,337,346,352,361,367,376,382,391,397,406,412,421,427,436,442,451,457
qt/gen_qmouseeventtransition.go
  s_64fea63fed100b::t_e4370d90566ea6 17-21,244-248,274-278,306-310,338-342,372-376,402-406,432-436,462-466,492-496
qt/gen_qmovie.cpp
  s_64fea63fed100b::t_b5c658fba292e6 1-2,28,62,66,71,78,82,88,95,99,105,112,116,122,129,133,139,146,150,158,165,169,177,409-412,414,421-424,429,436-439,444,451-454,458,465-468,472,479-482,484,491-494,497,565,571,580,586,595,601,610,616,625,631,640,646,655,661
qt/gen_qmovie.go
  s_64fea63fed100b::t_dc82304cc02935 32-36,335-338,354-357,376-379,398-401,420-423,442-445,461-464,608-612,640-644,674-678,704-708,734-738,764-768,794-798
qt/gen_qmovie.h
  s_64fea63fed100b::t_b027839506b443 87,89,91,93,95,97,99
qt/gen_qobject.cpp
  s_64fea63fed100b::t_e9a1ad3cd46e62 1-2,26,50,54,59,66,70,76,83,87,93,100,104,110,117,121,127,134,138,146,153,157,165,376-379,381,460-463,466,470,476,485,491,500,506,515,521,530,536,545,551,560,566,618-621,631
qt/gen_qobject.go
  s_64fea63fed100b::t_25d6b16c8468e9 23-27,263-266,364-367,447-451,479-483,513-517,543-547,573-577,603-607,633-637,656-659
qt/gen_qobject.h
  s_64fea63fed100b::t_dadc89f904c3ef 85,103,125
qt/gen_qobjectcleanuphandler.cpp
  s_64fea63fed100b::t_4d54b03e2f02d9 1-2,20,40,44,49,56,60,66,73,77,83,90,94,100,107,111,117,124,128,136,143,147,155,267,273,282,288,297,303,312,318,327,333,342,348,357,363
qt/gen_qobjectcleanuphandler.go
  s_64fea63fed100b::t_61957ed251cefb 17-21,216-220,248-252,282-286,312-316,342-346,372-376,402-406
qt/gen_qoffscreensurface.cpp
  s_64fea63fed100b::t_1d1b4882a746c9 1-2,24,50,54,58,65,69,73,80,84,88,95,99,104,111,115,121,128,132,138,145,149,155,162,166,172,179,183,191,198,202,210,323-326,329,377,383,393,399,408,414,423,429,438,444,453,459,468,474,483,489,498,504,513,519
qt/gen_qoffscreensurface.go
  s_64fea63fed100b::t_ddd564b205ed47 17-21,164-167,291-295,322-326,353-357,382-386,414-418,448-452,478-482,508-512,538-542,568-572
qt/gen_qoffscreensurface.h
  s_64fea63fed100b::t_e83eaa018932c7 64
qt/gen_qpagedpaintdevice.cpp
  s_64fea63fed100b::t_b301a5c180291e 1-2,20,43,47,51,56,60,67,74,78,86,93,97,105,112,116,120,127,131,135,140,144,150,157,161,167,174,178,183,190,194,198,271,277,282,288,297,303,312,318,327,333,342,348,353,359,368,374,383,389,398,404
qt/gen_qpagedpaintdevice.go
  s_64fea63fed100b::t_7c140161833774 157-161,292-296,321-325,351-355,381-385,411-415,434-438,463-467,495-499,525-529,557-561
qt/gen_qpaintengine.cpp
  s_64fea63fed100b::t_999f40a225bd7e 1-2,33,106,110,115,120,124,128,133,137,144,149,153,160,167,171,178,185,189,196,203,207,214,221,225,233,240,244,252,259,263,271,278,282,289,296,300,307,314,318,327,334,338,347,354,358,371,376,380,391,398,402,416,423,427,443,450,454,458,465,469,473,633,639,644,650,655,661,666,672,681,687,696,702,711,717,726,732,741,747,756,762,771,777,786,792,801,807,816,822,831,837,842,848,857,863,872,878,887,893,902,908
qt/gen_qpaintengine.go
  s_64fea63fed100b::t_ceb64e193afc51 180-184,379-383,405-409,428-432,458-462,490-494,522-526,554-558,586-590,616-620,646-650,676-680,708-712,740-744,774-778,802-806,836-840,868-872,902-906,940-944,963-967
qt/gen_qparallelanimationgroup.cpp
  s_64fea63fed100b::t_a43b6b066a0d6d 1-2,22,47,51,55,62,66,71,78,82,88,95,99,108,115,119,126,133,137,143,150,154,160,167,171,177,184,188,194,201,205,213,220,224,232,336,342,351,357,366,372,381,387,396,402,411,417,426,432,441,447,456,462,471,477,486,492
qt/gen_qparallelanimationgroup.go
  s_64fea63fed100b::t_b3401dd01df1ad 17-21,210-214,239-243,271-275,301-305,333-337,363-367,397-401,427-431,457-461,487-491,517-521
qt/gen_qpauseanimation.cpp
  s_64fea63fed100b::t_f6987537da8dd6 1-2,21,48,52,56,63,67,72,79,83,89,96,100,109,116,120,127,134,138,144,151,155,161,168,172,178,185,189,195,202,206,214,221,225,233,349,355,364,370,379,385,394,400,409,415,424,430,439,445,454,460,469,475,484,490,499,505
qt/gen_qpauseanimation.go
  s_64fea63fed100b::t_46e3318eb6e352 17-21,226-230,255-259,287-291,317-321,349-353,379-383,413-417,443-447,473-477,503-507,533-537
qt/gen_qpdfwriter.cpp
  s_64fea63fed100b::t_6921f19815b02e 1-2,30,61,65,69,76,80,87,94,98,106,113,117,125,132,136,140,147,151,157,164,168,173,180,184,190,197,201,207,214,218,224,231,235,241,248,252,260,267,271,279,286,290,294,301,305,311,318,322,327,334,338,342,537,543,552,558,567,573,582,588,597,603,612,618,627,633,642,648,657,663,672,678,687,693,702,708,717,723,732,738,747,753,762,768,777,783
qt/gen_qpdfwriter.go
  s_64fea63fed100b::t_33e5c6ef4485c2 17-21,343-347,372-376,402-406,432-436,462-466,491-495,523-527,555-559,589-593,619-623,649-653,679-683,709-713,739-743,768-772,798-802,830-834
qt/gen_qpicture.cpp
  s_64fea63fed100b::t_bfa4e0c82fa406 1-2,23,45,49,53,60,64,72,79,83,87,94,98,104,111,115,121,128,132,137,144,148,152,347,353,362,368,377,383,392,398,407,413,422,428,437,443
qt/gen_qpicture.go
  s_64fea63fed100b::t_1418aa6e586e2b 17-21,256-260,287-291,320-324,349-353,381-385,411-415,443-447
qt/gen_qpictureformatplugin.cpp
  s_64fea63fed100b::t_5e815e0367b554 1-2,21,45,49,70,77,81,104,111,115,127,132,136,141,148,152,158,165,169,175,182,186,192,199,203,209,216,220,228,235,239,247,364,370,381,387,398,404,409,415,424,430,439,445,454,460,469,475,484,490,499,505
qt/gen_qpictureformatplugin.go
  s_64fea63fed100b::t_cbe2ff3cd1a4a5 17-21,246-250,294-298,328-332,363-367,395-399,429-433,459-463,489-493,519-523,549-553
qt/gen_qpixmap.cpp
  s_64fea63fed100b::t_de34c40798aa46 1-2,31,56,60,64,71,75,79,86,90,96,103,107,113,120,124,129,136,140,144,547,553,562,568,577,583,592,598,607,613,622,628
qt/gen_qpixmap.go
  s_64fea63fed100b::t_4c8c968124acd7 17-21,621-625,650-654,679-683,711-715,741-745,773-777
qt/gen_qplaintextedit.cpp
  s_64fea63fed100b::t_cfca4702106008 1-2,72,138,171,175,183,190,194,200,207,211,216,223,227,233,240,244,250,257,261,267,274,278,284,291,295,301,308,312,318,325,329,335,342,346,352,359,363,369,376,380,385,392,396,402,409,413,419,426,430,436,443,447,453,460,464,470,477,481,487,494,498,504,511,515,521,528,532,538,545,549,555,562,566,570,577,581,586,593,597,603,610,614,620,627,631,638,645,649,657,664,668,672,679,683,687,694,698,704,711,715,721,728,732,737,744,748,752,759,763,767,774,778,784,791,795,800,807,811,815,822,826,830,837,841,847,854,858,864,871,875,881,888,892,898,905,909,915,922,926,932,939,943,949,956,960,972,979,983,989,996,1000,1006,1013,1017,1022,1029,1033,1037,1044,1048,1054,1061,1065,1071,1078,1082,1090,1097,1101,1109,1531-1534,1536,1543-1546,1549,1556-1559,1562,1569-1572,1575,1582-1585,1587,1594-1597,1599,1606-1609,1615,1622-1625,1628,1635-1638,1641,1714,1720,1729,1735,1744,1750,1759,1765,1774,1780,1789,1795,1804,1810,1819,1825,1834,1840,1849,1855,1864,1870,1879,1885,1894,1900,1909,1915,1924,1930,1939,1945,1954,1960,1969,1975,1984,1990,1999,2005,2014,2020,2029,2035,2044,2050,2059,2065,2074,2080,2089,2095,2104,2110,2119,2125,2134,2140,2149,2155,2164,2170,2179,2185,2194,2200,2209,2215,2224,2230,2239,2245,2254,2260,2269,2275,2284,2290,2299,2305,2314,2320,2329,2335,2344,2350,2359,2365,2374,2380,2389,2395,2404,2410,2419,2425,2435,2441,2450,2456,2465,2471,2480,2486,2495,2501,2510,2516,2525,2531,2540,2546,2775,2779,2788,2795,2799,2808,2815,2819,2823,2830,2834,2838,2845,2849,2854,2861,2865,2872,2879,2883,2891,2898,2902,2912,2919,2923,2933,2940,2944,2958,2965,2969,2974,2981,2985,2991,2998,3002,3008,3015,3019,3025,3032,3036,3042,3049,3053,3061,3068,3072,3080,3218,3224,3233,3239,3248,3254,3263,3269,3278,3284,3293,3299,3308,3314,3323,3329,3338,3344,3353,3359,3368,3374,3383,3389,3398,3404,3413,3419,3428,3434,3443,3449,3458,3464
qt/gen_qplaintextedit.go
  s_64fea63fed100b::t_569e674e72d70c 24-28,482-485,501-504,523-526,545-548,567-570,586-589,605-608,629-632,651-654,1016-1020,1052-1056,1084-1088,1116-1120,1146-1150,1176-1180,1206-1210,1236-1240,1266-1270,1296-1300,1326-1330,1356-1360,1386-1390,1418-1422,1448-1452,1478-1482,1508-1512,1538-1542,1568-1572,1598-1602,1628-1632,1658-1662,1688-1692,1718-1722,1747-1751,1779-1783,1809-1813,1839-1843,1871-1875,1903-1907,1934-1938,1963-1967,1993-1997,2027-2031,2061-2065,2090-2094,2119-2123,2149-2153,2181-2185,2210-2214,2239-2243,2269-2273,2299-2303,2329-2333,2359-2363,2389-2393,2419-2423,2456-2460,2494-2498,2526-2530,2556-2560,2588-2592,2617-2621,2647-2651,2677-2681,2707-2711,2745-2749,3004-3008,3036-3040,3070-3074,3101-3105,3132-3136,3166-3170,3198-3202,3232-3236,3268-3272,3304-3308,3344-3348,3376-3380,3410-3414,3440-3444,3470-3474,3500-3504,3530-3534
qt/gen_qplaintextedit.h
  s_64fea63fed100b::t_639af4871be1f2 224,226,228,230,232,234,236,238,240
qt/gen_qpluginloader.cpp
  s_64fea63fed100b::t_da1b11e351871d 1-2,24,47,51,56,63,67,73,80,84,90,97,101,107,114,118,124,131,135,143,150,154,162,354,360,369,375,384,390,399,405,414,420,429,435,444,450
qt/gen_qpluginloader.go
  s_64fea63fed100b::t_778c6abe1a094d 17-21,300-304,332-336,366-370,396-400,426-430,456-460,486-490
qt/gen_qprocess.cpp
  s_64fea63fed100b::t_60b37f715c7841 1-2,24,195,199,205,212,216,221,228,232,237,244,248,252,259,263,267,274,278,282,289,293,297,304,308,313,320,324,328,335,339,344,351,355,362,369,373,380,387,391,395,402,406,410,417,421,427,434,438,442,449,453,460,467,471,476,483,487,493,500,504,510,517,521,527,534,538,544,551,555,563,570,574,582,1018-1021,1024,1031-1034,1039,1046-1049,1053,1060-1063,1067,1171,1177,1186,1192,1201,1207,1216,1222,1232,1238,1248,1254,1263,1269,1278,1284,1293,1299,1308,1314,1323,1329,1339,1345,1355,1361,1371,1377,1387,1393,1402,1408,1417,1423,1433,1439,1448,1454,1463,1469,1478,1484,1493,1499,1508,1514,1523,1529,1615-1618,1620,1623-1626,1630,1633-1636,1638,1641-1644,1646
qt/gen_qprocess.go
  s_64fea63fed100b::t_483d0c189d943b 239-243,707-710,729-732,753-756,775-778,1022-1026,1054-1058,1086-1090,1118-1122,1147-1151,1176-1180,1205-1209,1234-1238,1261-1265,1290-1294,1319-1323,1356-1360,1391-1395,1420-1424,1449-1453,1481-1485,1512-1516,1547-1551,1579-1583,1613-1617,1643-1647,1673-1677,1703-1707,1733-1737,1756-1759,1772-1775,1791-1794,1807-1810
qt/gen_qprocess.h
  s_64fea63fed100b::t_85dba43470d4a3 123,125,127,129,204-207
qt/gen_qprogressbar.cpp
  s_64fea63fed100b::t_b2ed3638211b05 1-2,47,110,114,118,127,131,135,142,146,150,157,161,166,173,177,183,190,194,198,205,209,215,222,226,231,238,242,246,253,257,261,268,272,278,285,289,295,302,306,312,319,323,329,336,340,346,353,357,363,370,374,380,387,391,397,404,408,414,421,425,431,438,442,448,455,459,465,472,476,482,489,493,499,506,510,516,523,527,533,540,544,550,557,561,567,574,578,584,591,595,601,608,612,618,625,629,635,642,646,652,659,663,675,682,686,692,699,703,709,716,720,726,733,737,742,749,753,757,764,768,774,781,785,791,798,802,807,814,818,824,831,835,841,848,852,858,865,869,875,882,886,894,901,905,913,1092-1095,1098,1146,1152,1168,1174,1183,1189,1198,1204,1213,1219,1228,1234,1243,1249,1258,1264,1273,1279,1288,1294,1303,1309,1318,1324,1333,1339,1348,1354,1363,1369,1378,1384,1393,1399,1408,1414,1423,1429,1438,1444,1453,1459,1468,1474,1483,1489,1498,1504,1513,1519,1528,1534,1543,1549,1558,1564,1573,1579,1588,1594,1603,1609,1618,1624,1633,1639,1648,1654,1664,1670,1679,1685,1694,1700,1709,1715,1724,1730,1739,1745,1754,1760,1769,1775,1784,1790,1799,1805,1814,1820,1829,1835,1844,1850,1859,1865
qt/gen_qprogressbar.go
  s_64fea63fed100b::t_4cc73fc442d9f0 24-28,218-221,423-427,457-461,488-492,517-521,549-553,579-583,608-612,638-642,670-674,699-703,728-732,758-762,788-792,818-822,848-852,878-882,908-912,938-942,968-972,998-1002,1028-1032,1058-1062,1088-1092,1118-1122,1148-1152,1178-1182,1208-1212,1238-1242,1268-1272,1298-1302,1328-1332,1358-1362,1388-1392,1425-1429,1463-1467,1493-1497,1525-1529,1555-1559,1587-1591,1616-1620,1648-1652,1680-1684,1712-1716,1746-1750,1776-1780,1806-1810,1836-1840,1866-1870
qt/gen_qprogressbar.h
  s_64fea63fed100b::t_9af62bbf2f880a 119
qt/gen_qprogressdialog.cpp
  s_64fea63fed100b::t_e37b8ef6a63ca4 1-2,50,121,125,129,136,140,146,153,157,163,170,174,180,187,191,197,204,208,214,221,225,229,236,240,245,252,256,260,267,271,277,284,288,293,300,304,309,316,320,326,333,337,343,350,354,360,367,371,375,382,386,391,398,402,406,413,417,421,428,432,437,444,448,454,461,465,471,478,482,488,495,499,505,512,516,522,529,533,539,546,550,556,563,567,573,580,584,590,597,601,607,614,618,624,631,635,641,648,652,658,665,669,675,682,686,692,699,703,709,716,720,726,733,737,743,750,754,760,767,771,783,790,794,800,807,811,817,824,828,833,840,844,848,855,859,865,872,876,882,889,893,898,905,909,915,922,926,932,939,943,949,956,960,968,975,979,987,1176-1179,1181,1229,1235,1244,1250,1259,1265,1274,1280,1289,1295,1304,1310,1319,1325,1334,1340,1349,1355,1364,1370,1379,1385,1394,1400,1409,1415,1424,1430,1439,1445,1454,1460,1469,1475,1484,1490,1499,1505,1514,1520,1529,1535,1544,1550,1559,1565,1574,1580,1589,1595,1604,1610,1619,1625,1634,1640,1649,1655,1664,1670,1679,1685,1694,1700,1709,1715,1724,1730,1739,1745,1754,1760,1769,1775,1784,1790,1799,1805,1814,1820,1830,1836,1845,1851,1860,1866,1875,1881,1890,1896,1905,1911,1920,1926,1935,1941,1950,1956,1965,1971,1980,1986,1995,2001
qt/gen_qprogressdialog.go
  s_64fea63fed100b::t_8f0cda9486be2c 17-21,254-257,468-472,497-501,527-531,557-561,587-591,617-621,649-653,678-682,705-709,734-738,764-768,791-795,818-822,848-852,878-882,912-916,941-945,973-977,1002-1006,1031-1035,1063-1067,1093-1097,1123-1127,1153-1157,1183-1187,1213-1217,1243-1247,1273-1277,1303-1307,1333-1337,1363-1367,1393-1397,1423-1427,1453-1457,1483-1487,1513-1517,1543-1547,1573-1577,1603-1607,1640-1644,1678-1682,1710-1714,1740-1744,1772-1776,1801-1805,1833-1837,1865-1869,1897-1901,1927-1931,1957-1961,1987-1991,2017-2021
qt/gen_qprogressdialog.h
  s_64fea63fed100b::t_83748580332378 128
qt/gen_qpropertyanimation.cpp
  s_64fea63fed100b::t_4c555e636a6f2d 1-2,24,53,57,62,69,73,81,88,92,101,108,112,116,123,127,133,140,144,156,163,167,174,181,185,191,198,202,208,215,219,225,232,236,242,249,253,261,268,272,280,412,418,427,433,442,448,457,463,472,478,487,493,502,508,517,523,532,538,547,553,562,568,577,583,592,598
qt/gen_qpropertyanimation.go
  s_64fea63fed100b::t_0ddc471890ef5f 17-21,258-262,290-294,320-324,352-356,381-385,413-417,449-453,479-483,513-517,543-547,573-577,603-607,633-637
qt/gen_qproxystyle.cpp
  s_64fea63fed100b::t_2fa1cee63bb0fd 1-2,35,80,84,94,101,105,115,122,126,136,143,147,171,178,182,195,202,206,217,224,228,236,243,247,257,264,268,288,295,299,310,317,321,332,339,343,352,359,363,371,378,382,394,401,405,413,420,424,432,439,443,453,460,464,468,475,479,485,492,496,504,511,515,521,528,532,538,545,549,555,562,566,571,578,582,588,595,599,605,612,616,622,629,633,639,646,650,658,665,669,677,885,891,900,906,915,921,930,936,946,952,961,967,976,982,991,997,1006,1012,1022,1028,1037,1043,1053,1059,1068,1074,1083,1089,1098,1104,1113,1119,1128,1134,1143,1149,1158,1164,1173,1179,1188,1194,1203,1209,1218,1224,1233,1239,1248,1254,1263,1269,1278,1284,1293,1299,1308,1314,1323,1329
qt/gen_qproxystyle.go
  s_64fea63fed100b::t_a916193d08d839 17-21,342-346,378-382,414-418,454-458,498-502,536-540,576-580,614-618,658-662,703-707,739-743,777-781,815-819,851-855,893-897,931-935,969-973,1007-1011,1036-1040,1066-1070,1096-1100,1126-1130,1156-1160,1186-1190,1218-1222,1252-1256,1282-1286,1312-1316,1342-1346,1372-1376
qt/gen_qpushbutton.cpp
  s_64fea63fed100b::t_ff66fef2497288 1-2,50,118,122,126,133,137,141,148,152,157,164,168,174,181,185,191,198,202,208,215,219,225,232,236,243,250,254,259,266,270,275,282,286,292,299,303,309,316,320,326,333,337,343,350,354,360,367,371,377,384,388,392,399,403,409,416,420,425,432,436,440,447,451,455,462,466,472,479,483,489,496,500,506,513,517,523,530,534,540,547,551,557,564,568,574,581,585,591,598,602,608,615,619,625,632,636,642,649,653,659,666,670,676,683,687,693,700,704,710,717,721,727,734,738,750,757,761,767,774,778,784,791,795,800,807,811,815,822,826,832,839,843,849,856,860,865,872,876,882,889,893,899,906,910,916,923,927,935,942,946,954,1124,1130,1139,1145,1154,1160,1169,1175,1184,1190,1199,1205,1214,1220,1229,1235,1244,1250,1259,1265,1274,1280,1289,1295,1304,1310,1319,1325,1334,1340,1349,1355,1364,1370,1379,1385,1394,1400,1409,1415,1424,1430,1439,1445,1454,1460,1469,1475,1484,1490,1499,1505,1514,1520,1529,1535,1544,1550,1559,1565,1574,1580,1589,1595,1604,1610,1619,1625,1634,1640,1649,1655,1664,1670,1679,1685,1695,1701,1710,1716,1725,1731,1740,1746,1755,1761,1770,1776,1785,1791,1800,1806,1815,1821,1830,1836,1845,1851,1860,1866
qt/gen_qpushbutton.go
  s_64fea63fed100b::t_2416057f731249 17-21,372-376,403-407,432-436,464-468,494-498,524-528,554-558,584-588,616-620,643-647,670-674,700-704,730-734,760-764,790-794,820-824,850-854,879-883,909-913,941-945,970-974,999-1003,1029-1033,1059-1063,1089-1093,1119-1123,1149-1153,1179-1183,1209-1213,1239-1243,1269-1273,1299-1303,1329-1333,1359-1363,1389-1393,1419-1423,1449-1453,1486-1490,1524-1528,1556-1560,1586-1590,1618-1622,1647-1651,1679-1683,1711-1715,1743-1747,1777-1781,1807-1811,1837-1841,1867-1871
qt/gen_qradiobutton.cpp
  s_64fea63fed100b::t_d7a33e53728a8b 1-2,48,114,118,122,129,133,137,144,148,153,160,164,171,178,182,188,195,199,205,212,216,221,228,232,237,244,248,254,261,265,271,278,282,288,295,299,305,312,316,322,329,333,339,346,350,356,363,367,373,380,384,388,395,399,405,412,416,421,428,432,436,443,447,451,458,462,468,475,479,485,492,496,502,509,513,519,526,530,536,543,547,553,560,564,570,577,581,587,594,598,604,611,615,621,628,632,638,645,649,655,662,666,672,679,683,689,696,700,706,713,717,723,730,734,746,753,757,763,770,774,780,787,791,796,803,807,811,818,822,828,835,839,845,852,856,861,868,872,878,885,889,895,902,906,912,919,923,931,938,942,950,1074,1080,1089,1095,1104,1110,1119,1125,1134,1140,1149,1155,1164,1170,1179,1185,1194,1200,1209,1215,1224,1230,1239,1245,1254,1260,1269,1275,1284,1290,1299,1305,1314,1320,1329,1335,1344,1350,1359,1365,1374,1380,1389,1395,1404,1410,1419,1425,1434,1440,1449,1455,1464,1470,1479,1485,1494,1500,1509,1515,1524,1530,1539,1545,1554,1560,1569,1575,1584,1590,1599,1605,1614,1620,1629,1635,1645,1651,1660,1666,1675,1681,1690,1696,1705,1711,1720,1726,1735,1741,1750,1756,1765,1771,1780,1786,1795,1801,1810,1816
qt/gen_qradiobutton.go
  s_64fea63fed100b::t_9032978733ac76 17-21,316-320,347-351,376-380,408-412,440-444,470-474,500-504,527-531,554-558,584-588,614-618,644-648,674-678,704-708,734-738,764-768,794-798,823-827,853-857,885-889,914-918,943-947,973-977,1003-1007,1033-1037,1063-1067,1093-1097,1123-1127,1153-1157,1183-1187,1213-1217,1243-1247,1273-1277,1303-1307,1333-1337,1363-1367,1393-1397,1430-1434,1468-1472,1500-1504,1530-1534,1562-1566,1591-1595,1623-1627,1655-1659,1687-1691,1721-1725,1751-1755,1781-1785,1811-1815
qt/gen_qrasterwindow.cpp
  s_64fea63fed100b::t_55e5b4a594acab 1-2,42,91,95,101,108,112,117,124,128,134,141,145,151,158,162,167,174,178,182,189,193,197,204,208,212,219,223,227,234,238,242,249,253,259,266,270,276,283,287,293,300,304,310,317,321,327,334,338,344,351,355,361,368,372,378,385,389,395,402,406,412,419,423,429,436,440,446,453,457,463,470,474,480,487,491,497,504,508,520,527,531,537,544,548,554,561,565,571,578,582,588,595,599,607,614,618,626,633,637,641,648,652,658,665,669,673,773,779,788,794,803,809,818,824,833,839,848,854,864,870,879,885,894,900,909,915,924,930,939,945,954,960,969,975,984,990,999,1005,1014,1020,1029,1035,1044,1050,1059,1065,1074,1080,1089,1095,1104,1110,1119,1125,1134,1140,1149,1155,1165,1171,1180,1186,1195,1201,1210,1216,1225,1231,1240,1246,1255,1261,1270,1276,1285,1291
qt/gen_qrasterwindow.go
  s_64fea63fed100b::t_cdc39382daa2ad 17-21,206-210,238-242,270-274,300-304,330-334,362-366,393-397,424-428,453-457,482-486,511-515,541-545,571-575,601-605,631-635,661-665,691-695,721-725,751-755,781-785,811-815,841-845,871-875,901-905,931-935,968-972,1006-1010,1040-1044,1070-1074,1100-1104,1130-1134,1160-1164,1190-1194,1219-1223,1249-1253
qt/gen_qrubberband.cpp
  s_64fea63fed100b::t_709cc3a6ae27c0 1-2,48,109,113,118,125,129,135,142,146,152,159,163,169,176,180,186,193,197,203,210,214,218,225,229,235,242,246,250,257,261,265,272,276,281,288,292,296,303,307,311,318,322,328,335,339,345,352,356,362,369,373,379,386,390,396,403,407,413,420,424,430,437,441,447,454,458,464,471,475,481,488,492,498,505,509,515,522,526,532,539,543,549,556,560,566,573,577,583,590,594,600,607,611,617,624,628,634,641,645,651,658,662,674,681,685,691,698,702,708,715,719,724,731,735,739,746,750,756,763,767,773,780,784,789,796,800,806,813,817,823,830,834,840,847,851,857,864,868,876,883,887,895,1030,1036,1045,1051,1060,1066,1075,1081,1090,1096,1105,1111,1120,1126,1135,1141,1150,1156,1165,1171,1180,1186,1195,1201,1210,1216,1225,1231,1240,1246,1255,1261,1270,1276,1285,1291,1300,1306,1315,1321,1330,1336,1345,1351,1360,1366,1375,1381,1390,1396,1405,1411,1420,1426,1435,1441,1450,1456,1465,1471,1480,1486,1495,1501,1510,1516,1525,1531,1541,1547,1556,1562,1571,1577,1586,1592,1601,1607,1616,1622,1631,1637,1646,1652,1661,1667,1676,1682,1691,1697,1706,1712,1721,1727
qt/gen_qrubberband.go
  s_64fea63fed100b::t_fbba1a18834469 24-28,317-321,349-353,379-383,409-413,439-443,469-473,499-503,528-532,560-564,591-595,620-624,652-656,681-685,710-714,740-744,770-774,800-804,830-834,860-864,890-894,920-924,950-954,980-984,1010-1014,1040-1044,1070-1074,1100-1104,1130-1134,1160-1164,1190-1194,1220-1224,1250-1254,1280-1284,1317-1321,1355-1359,1387-1391,1417-1421,1449-1453,1478-1482,1510-1514,1542-1546,1574-1578,1608-1612,1638-1642,1668-1672,1698-1702,1728-1732
qt/gen_qrunnable.cpp
  s_64fea63fed100b::t_e599acd800e41c 1-2,11,25,29,33,60,66
qt/gen_qrunnable.go
  s_64fea63fed100b::t_75297a6a8539f2 17-21,76-80
qt/gen_qsavefile.cpp
  s_64fea63fed100b::t_523b8f742c8fae 1-2,22,64,68,72,81,85,91,98,102,109,116,120,124,131,135,139,146,150,156,163,167,171,178,182,186,193,197,203,210,214,218,225,229,235,242,246,253,260,264,271,278,282,286,293,297,301,308,312,316,323,327,331,338,342,347,354,358,363,370,374,379,386,390,396,403,407,413,420,424,430,437,441,447,454,458,466,473,477,485,633,639,655,661,670,676,686,692,701,707,717,723,732,738,747,753,763,769,778,784,794,800,809,815,825,831,841,847,856,862,872,878,888,894,903,909,918,924,933,939,948,954,963,969,978,984,993,999,1008,1014,1023,1029
qt/gen_qsavefile.go
  s_64fea63fed100b::t_296bce7491e0aa 17-21,291-295,323-327,357-361,392-396,421-425,450-454,482-486,511-515,540-544,572-576,601-605,635-639,672-676,707-711,736-740,765-769,794-798,823-827,855-859,887-891,919-923,953-957,983-987,1013-1017,1043-1047,1073-1077
qt/gen_qscreen.cpp
  s_64fea63fed100b::t_8c1553b03da41b 1-2,24,265-268,273,280-283,288,295-298,303,310-313,317,324-327,331,338-341,346,353-356,360,367-370,374,381-384,388
qt/gen_qscreen.go
  s_64fea63fed100b::t_c538f650224db8 17-21,271-274,293-296,315-318,337-340,359-362,381-384,403-406,425-428,447-450
qt/gen_qscreen.h
  s_64fea63fed100b::t_5020f7dce378e9 82,84,86,88,90,92,94,96,98
qt/gen_qscrollarea.cpp
  s_64fea63fed100b::t_52af46035abb46 1-2,50,115,119,123,130,134,139,146,150,155,162,166,172,179,183,189,196,200,207,214,218,222,229,233,237,244,248,254,261,265,270,277,281,287,294,298,304,311,315,321,328,332,338,345,349,355,362,366,372,379,383,389,396,400,406,413,417,423,430,434,440,447,451,457,464,468,474,481,485,491,498,502,506,513,517,523,530,534,539,546,550,554,561,565,569,576,580,586,593,597,603,610,614,620,627,631,637,644,648,654,661,665,671,678,682,688,695,699,705,712,716,722,729,733,739,746,750,756,763,767,779,786,790,796,803,807,813,820,824,829,836,840,844,851,855,861,868,872,878,885,889,895,902,906,912,919,923,929,936,940,948,955,959,967,1137,1143,1152,1158,1167,1173,1182,1188,1197,1203,1212,1218,1227,1233,1242,1248,1257,1263,1272,1278,1287,1293,1302,1308,1317,1323,1332,1338,1347,1353,1362,1368,1377,1383,1392,1398,1407,1413,1422,1428,1437,1443,1452,1458,1467,1473,1482,1488,1497,1503,1512,1518,1527,1533,1542,1548,1557,1563,1572,1578,1587,1593,1602,1608,1617,1623,1632,1638,1647,1653,1662,1668,1677,1683,1692,1698,1707,1713,1722,1728,1738,1744,1753,1759,1768,1774,1783,1789,1798,1804,1813,1819,1828,1834,1843,1849,1858,1864,1873,1879,1888,1894
qt/gen_qscrollarea.go
  s_64fea63fed100b::t_ba785b76cb6d21 17-21,386-390,415-419,447-451,479-483,513-517,543-547,577-581,608-612,637-641,667-671,699-703,729-733,759-763,789-793,819-823,849-853,879-883,909-913,939-943,969-973,999-1003,1029-1033,1059-1063,1089-1093,1118-1122,1148-1152,1180-1184,1209-1213,1238-1242,1268-1272,1298-1302,1328-1332,1358-1362,1388-1392,1418-1422,1448-1452,1478-1482,1508-1512,1538-1542,1575-1579,1613-1617,1645-1649,1675-1679,1707-1711,1736-1740,1768-1772,1800-1804,1830-1834,1860-1864,1890-1894,1920-1924
qt/gen_qscrollbar.cpp
  s_64fea63fed100b::t_2dab5cc633fa1b 1-2,48,112,116,120,127,131,136,143,147,153,160,164,170,177,181,187,194,198,204,211,215,221,228,232,238,245,249,256,263,267,273,280,284,290,297,301,307,314,318,324,331,335,339,346,350,356,363,367,371,378,382,387,394,398,402,409,413,417,424,428,434,441,445,451,458,462,468,475,479,485,492,496,502,509,513,519,526,530,536,543,547,553,560,564,570,577,581,587,594,598,604,611,615,621,628,632,638,645,649,655,662,666,672,679,683,689,696,700,712,719,723,729,736,740,746,753,757,762,769,773,777,784,788,794,801,805,811,818,822,827,834,838,844,851,855,861,868,872,878,885,889,897,904,908,916,1040,1046,1055,1061,1070,1076,1085,1091,1100,1106,1115,1121,1130,1136,1145,1151,1160,1166,1175,1181,1190,1196,1205,1211,1220,1226,1235,1241,1250,1256,1265,1271,1280,1286,1295,1301,1310,1316,1325,1331,1340,1346,1355,1361,1370,1376,1385,1391,1400,1406,1415,1421,1430,1436,1445,1451,1460,1466,1475,1481,1490,1496,1505,1511,1520,1526,1535,1541,1550,1556,1565,1571,1581,1587,1596,1602,1611,1617,1626,1632,1641,1647,1656,1662,1671,1677,1686,1692,1701,1707,1716,1722,1731,1737,1746,1752
qt/gen_qscrollbar.go
  s_64fea63fed100b::t_ca7e94fb35fc4b 17-21,332-336,361-365,393-397,423-427,453-457,483-487,513-517,543-547,573-577,603-607,633-637,663-667,693-697,723-727,752-756,784-788,813-817,845-849,874-878,903-907,933-937,963-967,993-997,1023-1027,1053-1057,1083-1087,1113-1117,1143-1147,1173-1177,1203-1207,1233-1237,1263-1267,1293-1297,1323-1327,1353-1357,1390-1394,1428-1432,1460-1464,1490-1494,1522-1526,1551-1555,1583-1587,1615-1619,1647-1651,1681-1685,1711-1715,1741-1745,1771-1775
qt/gen_qscroller.cpp
  s_64fea63fed100b::t_55306d1f0cc7a6 1-2,21,190-193,197,204-207,212
qt/gen_qscroller.go
  s_64fea63fed100b::t_a4ec4a778c833d 42-46,240-243,262-265
qt/gen_qscroller.h
  s_64fea63fed100b::t_4865e19ff5a620 66,68
qt/gen_qsequentialanimationgroup.cpp
  s_64fea63fed100b::t_9f2e43bbbfae6e 1-2,23,49,53,57,64,68,73,80,84,90,97,101,110,117,121,128,135,139,145,152,156,162,169,173,179,186,190,196,203,207,215,222,226,234,309-312,315,363,369,378,384,393,399,408,414,423,429,438,444,453,459,468,474,483,489,498,504,513,519
qt/gen_qsequentialanimationgroup.go
  s_64fea63fed100b::t_18155ab82fe452 17-21,117-120,244-248,273-277,305-309,335-339,367-371,397-401,431-435,461-465,491-495,521-525,551-555
qt/gen_qsequentialanimationgroup.h
  s_64fea63fed100b::t_8ab15cac386e28 53
qt/gen_qsettings.cpp
  s_64fea63fed100b::t_ebc34288c32c9c 1-2,23,57,61,66,73,77,83,90,94,100,107,111,117,124,128,134,141,145,153,160,164,172,581,587,596,602,611,617,626,632,641,647,656,662,671,677
qt/gen_qsettings.go
  s_64fea63fed100b::t_a06a89cd5b9005 56-60,632-636,664-668,698-702,728-732,758-762,788-792,818-822
qt/gen_qsharedmemory.cpp
  s_64fea63fed100b::t_6b7540e99b383f 1-2,22,45,49,54,61,65,71,78,82,88,95,99,105,112,116,122,129,133,141,148,152,160,366,372,381,387,396,402,411,417,426,432,441,447,456,462
qt/gen_qsharedmemory.go
  s_64fea63fed100b::t_8e7622d6476eb5 41-45,339-343,371-375,405-409,435-439,465-469,495-499,525-529
qt/gen_qshortcut.cpp
  s_64fea63fed100b::t_708903e2070872 1-2,22,48,52,57,64,68,74,81,85,91,98,102,108,115,119,125,132,136,144,151,155,163,291-294,296,303-306,308,356,362,371,377,386,392,401,407,416,422,431,437,446,452
qt/gen_qshortcut.go
  s_64fea63fed100b::t_faae2a6751e635 17-21,186-189,205-208,329-333,361-365,395-399,425-429,455-459,485-489,515-519
qt/gen_qshortcut.h
  s_64fea63fed100b::t_8c3b5291d81773 62,64
qt/gen_qsignalmapper.cpp
  s_64fea63fed100b::t_483507d9c390dc 1-2,21,50,54,59,66,70,76,83,87,93,100,104,110,117,121,127,134,138,146,153,157,165,262-265,268,276-279,289,296-299,302,309-312,315,322-325,328,336-339,349,356-359,362,369-372,375,431,437,446,452,461,467,476,482,491,497,506,512,521,527
qt/gen_qsignalmapper.go
  s_64fea63fed100b::t_5543ca279c3f91 17-21,145-148,171-174,196-199,218-221,240-243,266-269,291-294,313-316,448-452,480-484,514-518,544-548,574-578,604-608,634-638
qt/gen_qsignalmapper.h
  s_64fea63fed100b::t_d1dab2c24c712e 54,56,58,60,62,64,66,68
qt/gen_qsignaltransition.cpp
  s_64fea63fed100b::t_b3318e2adeaf9d 1-2,23,50,54,59,66,70,76,83,87,92,99,103,109,116,120,126,133,137,143,150,154,160,167,171,179,186,190,198,328,334,343,349,358,364,373,379,388,394,403,409,418,424,433,439,448,454,506-509,511,514-517,519
qt/gen_qsignaltransition.go
  s_64fea63fed100b::t_24e3d9def036be 17-21,248-252,280-284,310-314,342-346,376-380,406-410,436-440,466-470,496-500,519-522,535-538
qt/gen_qsignaltransition.h
  s_64fea63fed100b::t_22f8a0f75ffd3e 84-85
qt/gen_qsizegrip.cpp
  s_64fea63fed100b::t_b0ab1a34516795 1-2,46,106,110,114,121,125,131,138,142,148,155,159,165,172,176,182,189,193,199,206,210,216,223,227,233,240,244,250,257,261,267,274,278,283,290,294,298,305,309,313,320,324,329,336,340,344,351,355,359,366,370,376,383,387,393,400,404,410,417,421,427,434,438,444,451,455,461,468,472,478,485,489,495,502,506,512,519,523,529,536,540,546,553,557,563,570,574,580,587,591,597,604,608,614,621,625,631,638,642,648,655,659,671,678,682,688,695,699,705,712,716,722,729,733,738,745,749,753,760,764,770,777,781,787,794,798,803,810,814,820,827,831,837,844,848,854,861,865,873,880,884,892,1001,1007,1016,1022,1031,1037,1046,1052,1061,1067,1076,1082,1091,1097,1106,1112,1121,1127,1136,1142,1151,1157,1166,1172,1181,1187,1196,1202,1211,1217,1226,1232,1241,1247,1256,1262,1271,1277,1286,1292,1301,1307,1316,1322,1331,1337,1346,1352,1361,1367,1376,1382,1391,1397,1406,1412,1421,1427,1436,1442,1451,1457,1466,1472,1481,1487,1496,1502,1512,1518,1527,1533,1542,1548,1557,1563,1572,1578,1587,1593,1602,1608,1617,1623,1632,1638,1647,1653,1662,1668,1677,1683,1692,1698
qt/gen_qsizegrip.go
  s_64fea63fed100b::t_365298d4d89413 17-21,276-280,305-309,335-339,365-369,395-399,425-429,455-459,485-489,515-519,545-549,579-583,611-615,642-646,671-675,703-707,732-736,761-765,791-795,821-825,851-855,881-885,911-915,941-945,971-975,1001-1005,1031-1035,1061-1065,1091-1095,1121-1125,1151-1155,1181-1185,1211-1215,1241-1245,1278-1282,1316-1320,1346-1350,1378-1382,1408-1412,1440-1444,1469-1473,1501-1505,1533-1537,1565-1569,1595-1599,1625-1629,1655-1659,1685-1689
qt/gen_qslider.cpp
  s_64fea63fed100b::t_077591a5850113 1-2,48,112,116,120,127,131,135,142,146,151,158,162,168,175,179,185,192,196,202,209,213,219,226,230,237,244,248,254,261,265,271,278,282,288,295,299,305,312,316,320,327,331,337,344,348,353,360,364,368,375,379,383,390,394,400,407,411,417,424,428,434,441,445,451,458,462,468,475,479,485,492,496,502,509,513,519,526,530,536,543,547,553,560,564,570,577,581,587,594,598,604,611,615,621,628,632,638,645,649,655,662,666,672,679,683,689,696,700,712,719,723,729,736,740,746,753,757,762,769,773,777,784,788,794,801,805,811,818,822,827,834,838,844,851,855,861,868,872,878,885,889,897,904,908,916,1061,1067,1076,1082,1091,1097,1106,1112,1121,1127,1136,1142,1151,1157,1166,1172,1181,1187,1196,1202,1211,1217,1226,1232,1241,1247,1256,1262,1271,1277,1286,1292,1301,1307,1316,1322,1331,1337,1346,1352,1361,1367,1376,1382,1391,1397,1406,1412,1421,1427,1436,1442,1451,1457,1466,1472,1481,1487,1496,1502,1511,1517,1526,1532,1541,1547,1556,1562,1571,1577,1586,1592,1602,1608,1617,1623,1632,1638,1647,1653,1662,1668,1677,1683,1692,1698,1707,1713,1722,1728,1737,1743,1752,1758,1767,1773
qt/gen_qslider.go
  s_64fea63fed100b::t_7104f6a6fc1324 28-32,365-369,396-400,425-429,457-461,487-491,517-521,547-551,577-581,607-611,637-641,667-671,697-701,727-731,756-760,786-790,818-822,847-851,876-880,906-910,936-940,966-970,996-1000,1026-1030,1056-1060,1086-1090,1116-1120,1146-1150,1176-1180,1206-1210,1236-1240,1266-1270,1296-1300,1326-1330,1356-1360,1386-1390,1423-1427,1461-1465,1493-1497,1523-1527,1555-1559,1584-1588,1616-1620,1648-1652,1680-1684,1714-1718,1744-1748,1774-1778,1804-1808
qt/gen_qsocketnotifier.cpp
  s_64fea63fed100b::t_ce2b8617eda5ba 1-2,21,43,47,52,59,63,69,76,80,86,93,97,103,110,114,120,127,131,139,146,150,158,276,282,291,297,306,312,321,327,336,342,351,357,366,372,424-427,432
qt/gen_qsocketnotifier.go
  s_64fea63fed100b::t_e028f1cf089b29 25-29,230-234,262-266,296-300,326-330,356-360,386-390,416-420,439-442
qt/gen_qsocketnotifier.h
  s_64fea63fed100b::t_f9177a1d93dd8d 74
qt/gen_qsortfilterproxymodel.cpp
  s_64fea63fed100b::t_3709f0544909a9 1-2,34,104,108,114,121,125,132,139,143,150,157,161,168,175,179,186,193,197,205,212,216,224,231,235,245,252,256,265,272,276,283,290,294,303,310,314,321,328,332,339,346,350,357,364,368,376,383,387,398,405,409,417,424,428,439,446,450,464,471,475,487,494,498,507,514,518,527,534,538,547,554,558,567,574,578,586,593,597,604,611,615,622,629,633,640,647,651,665,679,683,690,697,701,709,716,720,724,743,747,751,758,762,766,773,777,782,789,793,800,813,817,839,846,850,862,869,873,877,884,888,901,908,912,925,932,936,940,955,959,964,971,975,981,988,992,998,1005,1009,1015,1022,1026,1032,1039,1043,1051,1058,1062,1070,1424-1427,1430,1437-1440,1444,1451-1454,1458,1465-1468,1471,1478-1481,1484,1491-1494,1497,1504-1507,1510,1558,1564,1573,1579,1588,1594,1603,1609,1618,1624,1633,1639,1648,1654,1663,1669,1678,1684,1693,1699,1708,1714,1723,1729,1738,1744,1753,1759,1768,1774,1783,1789,1798,1804,1813,1819,1828,1834,1849,1855,1864,1870,1879,1885,1894,1900,1909,1915,1924,1930,1939,1945,1954,1960,1970,1976,1985,1991,2009,2015,2024,2030,2039,2045,2070,2076,2086,2092,2101,2107,2116,2122,2145,2151,2166,2172,2181,2187,2197,2203,2212,2218,2227,2233,2261,2267,2276,2282,2291,2297,2306,2312,2321,2327,2336,2342,2351,2357
qt/gen_qsortfilterproxymodel.go
  s_64fea63fed100b::t_919829687835d6 17-21,398-401,420-423,442-445,464-467,486-489,508-511,530-533,971-975,1003-1007,1037-1041,1071-1075,1105-1109,1137-1141,1171-1175,1205-1209,1241-1245,1279-1283,1313-1317,1349-1353,1381-1385,1413-1417,1447-1451,1481-1485,1519-1523,1555-1559,1599-1603,1639-1643,1679-1683,1715-1719,1751-1755,1787-1791,1823-1827,1853-1857,1885-1889,1919-1923,1959-1963,2006-2010,2038-2042,2079-2083,2116-2120,2145-2149,2174-2178,2214-2218,2274-2278,2321-2325,2361-2365,2390-2394,2430-2434,2483-2487,2532-2536,2564-2568,2598-2602,2628-2632,2658-2662,2688-2692,2718-2722
qt/gen_qsortfilterproxymodel.h
  s_64fea63fed100b::t_ee7c6a9ae16128 124,126,128,130,132,134,136
qt/gen_qspinbox.cpp
  s_64fea63fed100b::t_ed9d86f55329ce 1-2,50,108,179,183,188,195,199,212,219,223,235,242,246,251,260,264,277,284,288,292,299,303,307,314,318,324,331,335,341,348,352,357,364,368,374,381,385,391,398,402,408,415,419,425,432,436,442,449,453,459,466,470,476,483,487,493,500,504,510,517,521,527,534,538,544,551,555,561,568,572,578,585,589,595,602,606,612,619,623,629,636,640,644,651,655,659,666,670,676,683,687,692,699,703,707,714,718,722,729,733,739,746,750,756,763,767,773,780,784,790,797,801,807,814,818,824,831,835,841,848,852,858,865,869,875,882,886,892,899,903,915,922,926,932,939,943,949,956,960,965,972,976,980,987,991,997,1004,1008,1013,1020,1024,1030,1037,1041,1047,1054,1058,1064,1071,1075,1083,1090,1094,1102,1265-1268,1271,1279-1282,1292,1300-1303,1313,1361,1367,1376,1382,1393,1399,1409,1415,1431,1437,1447,1453,1462,1468,1477,1483,1492,1498,1507,1513,1522,1528,1537,1543,1552,1558,1567,1573,1582,1588,1597,1603,1612,1618,1627,1633,1642,1648,1657,1663,1672,1678,1687,1693,1702,1708,1717,1723,1732,1738,1747,1753,1762,1768,1778,1784,1793,1799,1808,1814,1823,1829,1838,1844,1853,1859,1868,1874,1883,1889,1898,1904,1913,1919,1928,1934,1943,1949,1958,1964,1973,1979,1988,1994,2003,2009,2019,2025,2034,2040,2049,2055,2064,2070,2079,2085,2094,2100,2109,2115,2124,2130,2139,2145,2154,2160,2169,2175,2328,2332,2345,2352,2356,2368,2375,2379,2384,2393,2397,2410,2417,2421,2425,2432,2436,2440,2447,2451,2456,2463,2467,2473,2480,2484,2490,2497,2501,2506,2513,2517,2523,2530,2534,2540,2547,2551,2557,2564,2568,2574,2581,2585,2591,2598,2602,2608,2615,2619,2625,2632,2636,2642,2649,2653,2659,2666,2670,2676,2683,2687,2693,2700,2704,2710,2717,2721,2727,2734,2738,2744,2751,2755,2761,2768,2772,2778,2785,2789,2793,2800,2804,2808,2815,2819,2825,2832,2836,2841,2848,2852,2856,2863,2867,2871,2878,2882,2888,2895,2899,2905,2912,2916,2922,2929,2933,2939,2946,2950,2956,2963,2967,2973,2980,2984,2990,2997,3001,3007,3014,3018,3024,3031,3035,3041,3048,3052,3064,3071,3075,3081,3088,3092,3098,3105,3109,3114,3121,3125,3129,3136,3140,3146,3153,3157,3162,3169,3173,3179,3186,3190,3196,3203,3207,3213,3220,3224,3232,3239,3243,3251,3441-3444,3447,3455-3458,3468,3476-3479,3489,3537,3543,3554,3560,3570,3576,3592,3598,3608,3614,3623,3629,3638,3644,3653,3659,3668,3674,3683,3689,3698,3704,3713,3719,3728,3734,3743,3749,3758,3764,3773,3779,3788,3794,3803,3809,3818,3824,3833,3839,3848,3854,3863,3869,3878,3884,3893,3899,3908,3914,3923,3929,3938,3944,3954,3960,3969,3975,3984,3990,3999,4005,4014,4020,4029,4035,4044,4050,4059,4065,4074,4080,4089,4095,4104,4110,4119,4125,4134,4140,4149,4155,4164,4170,4179,4185,4195,4201,4210,4216,4225,4231,4240,4246,4255,4261,4270,4276,4285,4291,4300,4306,4315,4321,4330,4336,4345,4351
qt/gen_qspinbox.go
  s_64fea63fed100b::t_b6a4a539a05072 17-21,190-193,216-219,245-248,477-481,513-517,553-557,590-594,629-633,664-668,695-699,726-730,758-762,788-792,815-819,845-849,875-879,905-909,935-939,965-969,995-999,1025-1029,1055-1059,1085-1089,1115-1119,1145-1149,1175-1179,1205-1209,1235-1239,1265-1269,1295-1299,1324-1328,1353-1357,1383-1387,1415-1419,1444-1448,1473-1477,1503-1507,1533-1537,1563-1567,1593-1597,1623-1627,1653-1657,1683-1687,1713-1717,1743-1747,1780-1784,1818-1822,1850-1854,1880-1884,1912-1916,1941-1945,1971-1975,2003-2007,2037-2041,2067-2071,2097-2101,2127-2131,2165-2169,2369-2372,2395-2398,2424-2427,2660-2664,2700-2704,2737-2741,2776-2780,2811-2815,2842-2846,2871-2875,2905-2909,2937-2941,2967-2971,2994-2998,3024-3028,3054-3058,3084-3088,3114-3118,3144-3148,3174-3178,3204-3208,3234-3238,3264-3268,3294-3298,3324-3328,3354-3358,3384-3388,3414-3418,3444-3448,3474-3478,3503-3507,3532-3536,3562-3566,3594-3598,3623-3627,3652-3656,3682-3686,3712-3716,3742-3746,3772-3776,3802-3806,3832-3836,3862-3866,3892-3896,3922-3926,3959-3963,3997-4001,4029-4033,4059-4063,4091-4095,4120-4124,4150-4154,4182-4186,4216-4220,4246-4250,4276-4280,4306-4310
qt/gen_qspinbox.h
  s_64fea63fed100b::t_9de688c2f62720 124,126,128,288,290,292
qt/gen_qsplashscreen.cpp
  s_64fea63fed100b::t_f3537b8dd7b830 1-2,49,119,123,128,135,139,145,152,156,162,169,173,177,184,188,194,201,205,209,216,220,224,231,235,240,247,251,255,262,266,270,277,281,287,294,298,304,311,315,321,328,332,338,345,349,355,362,366,372,379,383,389,396,400,406,413,417,423,430,434,440,447,451,457,464,468,474,481,485,491,498,502,508,515,519,525,532,536,542,549,553,559,566,570,576,583,587,593,600,604,610,617,621,627,634,638,644,651,655,661,668,672,684,691,695,701,708,712,718,725,729,735,742,746,751,758,762,766,773,777,783,790,794,800,807,811,816,823,827,833,840,844,850,857,861,867,874,878,884,891,895,903,910,914,922,1051-1054,1064,1122,1128,1137,1143,1152,1158,1167,1173,1182,1188,1197,1203,1212,1218,1227,1233,1242,1248,1257,1263,1272,1278,1287,1293,1302,1308,1317,1323,1332,1338,1347,1353,1362,1368,1377,1383,1392,1398,1407,1413,1422,1428,1437,1443,1452,1458,1467,1473,1482,1488,1497,1503,1512,1518,1527,1533,1542,1548,1557,1563,1572,1578,1587,1593,1602,1608,1617,1623,1633,1639,1648,1654,1663,1669,1678,1684,1693,1699,1708,1714,1723,1729,1738,1744,1753,1759,1768,1774,1783,1789,1798,1804,1813,1819,1828,1834
qt/gen_qsplashscreen.go
  s_64fea63fed100b::t_c51258757888c5 17-21,184-187,394-398,426-430,456-460,486-490,515-519,547-551,578-582,607-611,639-643,668-672,697-701,727-731,757-761,787-791,817-821,847-851,877-881,907-911,937-941,967-971,997-1001,1027-1031,1057-1061,1087-1091,1117-1121,1147-1151,1177-1181,1207-1211,1237-1241,1267-1271,1297-1301,1327-1331,1357-1361,1394-1398,1432-1436,1462-1466,1494-1498,1524-1528,1556-1560,1585-1589,1617-1621,1649-1653,1681-1685,1715-1719,1745-1749,1775-1779,1805-1809,1835-1839
qt/gen_qsplashscreen.h
  s_64fea63fed100b::t_cbd80f7b362733 113
qt/gen_qsplitter.cpp
  s_64fea63fed100b::t_538fe183dbf4c0 1-2,50,100,163,167,171,178,182,186,193,197,201,208,212,218,225,229,234,241,245,251,258,262,268,275,279,285,292,296,300,307,311,317,324,328,333,340,344,348,355,359,363,370,374,380,387,391,397,404,408,414,421,425,431,438,442,448,455,459,465,472,476,482,489,493,499,506,510,516,523,527,533,540,544,550,557,561,567,574,578,584,591,595,601,608,612,618,625,629,635,642,646,652,659,663,669,676,680,686,693,697,703,710,714,720,727,731,737,744,748,760,767,771,777,784,788,794,801,805,810,817,821,825,832,836,842,849,853,859,866,870,875,882,886,892,899,903,909,916,920,926,933,937,945,952,956,964,1167-1170,1174,1226,1232,1241,1247,1256,1262,1271,1277,1286,1292,1301,1307,1316,1322,1331,1337,1346,1352,1361,1367,1376,1382,1391,1397,1406,1412,1421,1427,1436,1442,1451,1457,1466,1472,1481,1487,1496,1502,1511,1517,1526,1532,1541,1547,1556,1562,1571,1577,1586,1592,1601,1607,1616,1622,1631,1637,1646,1652,1661,1667,1676,1682,1691,1697,1706,1712,1721,1727,1736,1742,1751,1757,1767,1773,1782,1788,1797,1803,1812,1818,1827,1833,1842,1848,1857,1863,1872,1878,1887,1893,1902,1908,1917,1923,1932,1938,2112,2116,2120,2127,2131,2137,2144,2148,2154,2161,2165,2171,2178,2182,2188,2195,2199,2205,2212,2216,2221,2228,2232,2236,2243,2247,2253,2260,2264,2268,2275,2279,2284,2291,2295,2299,2306,2310,2314,2321,2325,2331,2338,2342,2348,2355,2359,2365,2372,2376,2382,2389,2393,2399,2406,2410,2416,2423,2427,2433,2440,2444,2450,2457,2461,2467,2474,2478,2484,2491,2495,2501,2508,2512,2518,2525,2529,2535,2542,2546,2552,2559,2563,2569,2576,2580,2586,2593,2597,2603,2610,2614,2620,2627,2631,2637,2644,2648,2660,2667,2671,2677,2684,2688,2694,2701,2705,2711,2718,2722,2727,2734,2738,2742,2749,2753,2759,2766,2770,2776,2783,2787,2792,2799,2803,2809,2816,2820,2826,2833,2837,2843,2850,2854,2860,2867,2871,2879,2886,2890,2898,3022,3028,3037,3043,3052,3058,3067,3073,3082,3088,3097,3103,3112,3118,3127,3133,3142,3148,3157,3163,3172,3178,3187,3193,3202,3208,3217,3223,3232,3238,3247,3253,3262,3268,3277,3283,3292,3298,3307,3313,3322,3328,3337,3343,3352,3358,3367,3373,3382,3388,3397,3403,3412,3418,3427,3433,3442,3448,3457,3463,3472,3478,3487,3493,3502,3508,3518,3524,3533,3539,3548,3554,3563,3569,3578,3584,3593,3599,3608,3614,3623,3629,3638,3644,3653,3659,3668,3674,3683,3689,3698,3704,3713,3719
qt/gen_qsplitter.go
  s_64fea63fed100b::t_14d2e4079417c6 17-21,243-246,504-508,535-539,564-568,593-597,623-627,655-659,685-689,715-719,745-749,774-778,804-808,836-840,865-869,894-898,924-928,954-958,984-988,1014-1018,1044-1048,1074-1078,1104-1108,1134-1138,1164-1168,1194-1198,1224-1228,1254-1258,1284-1288,1314-1318,1344-1348,1374-1378,1404-1408,1434-1438,1464-1468,1494-1498,1524-1528,1561-1565,1599-1603,1631-1635,1661-1665,1693-1697,1722-1726,1754-1758,1786-1790,1818-1822,1852-1856,1882-1886,1912-1916,1942-1946,1980-1984,2277-2281,2306-2310,2336-2340,2366-2370,2396-2400,2426-2430,2456-2460,2488-2492,2517-2521,2549-2553,2578-2582,2610-2614,2639-2643,2668-2672,2698-2702,2728-2732,2758-2762,2788-2792,2818-2822,2848-2852,2878-2882,2908-2912,2938-2942,2968-2972,2998-3002,3028-3032,3058-3062,3088-3092,3118-3122,3148-3152,3178-3182,3208-3212,3245-3249,3283-3287,3313-3317,3345-3349,3375-3379,3407-3411,3436-3440,3468-3472,3500-3504,3532-3536,3566-3570,3596-3600,3626-3630,3656-3660,3686-3690
qt/gen_qsplitter.h
  s_64fea63fed100b::t_0f27251e33c995 127
qt/gen_qstackedlayout.cpp
  s_64fea63fed100b::t_805e37f7a72ccd 1-2,26,70,74,78,85,89,95,102,106,110,117,121,125,132,136,141,148,152,157,164,168,176,183,187,191,198,202,207,214,218,223,230,234,238,245,249,253,260,264,268,275,279,284,291,295,299,306,310,314,321,325,329,336,340,346,353,357,362,369,373,379,386,390,396,403,407,413,420,424,432,439,443,451,458,462,467,474,478,482,489,493,497,630-633,636,643-646,649,705,711,720,726,735,741,750,756,765,771,780,786,795,801,810,816,825,831,840,846,855,861,870,876,886,892,901,907,916,922,931,937,947,953,962,968,977,983,992,998,1007,1013,1022,1028,1037,1043,1052,1058,1067,1073,1082,1088,1097,1103
qt/gen_qstackedlayout.go
  s_64fea63fed100b::t_fa83e3e0fb6e83 24-28,182-185,204-207,405-409,434-438,466-470,497-501,526-530,558-562,590-594,620-624,649-653,681-685,710-714,739-743,770-774,799-803,831-835,860-864,889-893,918-922,948-952,980-984,1014-1018,1044-1048,1074-1078,1104-1108,1134-1138,1166-1170,1195-1199
qt/gen_qstackedlayout.h
  s_64fea63fed100b::t_5c7bd2ae95ac57 72,74
qt/gen_qstackedwidget.cpp
  s_64fea63fed100b::t_89939c62a2d1ee 1-2,48,111,115,120,127,131,135,142,146,152,159,163,169,176,180,184,191,195,201,208,212,216,223,227,232,239,243,247,254,258,262,269,273,279,286,290,296,303,307,313,320,324,330,337,341,347,354,358,364,371,375,381,388,392,398,405,409,415,422,426,432,439,443,449,456,460,466,473,477,483,490,494,500,507,511,517,524,528,534,541,545,551,558,562,568,575,579,585,592,596,602,609,613,619,626,630,636,643,647,653,660,664,676,683,687,693,700,704,710,717,721,726,733,737,741,748,752,758,765,769,775,782,786,791,798,802,808,815,819,825,832,836,842,849,853,859,866,870,878,885,889,897,1003-1006,1009,1016-1019,1022,1070,1076,1085,1091,1100,1106,1115,1121,1130,1136,1145,1151,1160,1166,1175,1181,1190,1196,1205,1211,1220,1226,1235,1241,1250,1256,1265,1271,1280,1286,1295,1301,1310,1316,1325,1331,1340,1346,1355,1361,1370,1376,1385,1391,1400,1406,1415,1421,1430,1436,1445,1451,1460,1466,1475,1481,1490,1496,1505,1511,1520,1526,1535,1541,1550,1556,1565,1571,1581,1587,1596,1602,1611,1617,1626,1632,1641,1647,1656,1662,1671,1677,1686,1692,1701,1707,1716,1722,1731,1737,1746,1752,1761,1767
qt/gen_qstackedwidget.go
  s_64fea63fed100b::t_f3f8211b6bce8b 17-21,141-144,163-166,378-382,412-416,441-445,471-475,501-505,530-534,562-566,591-595,623-627,652-656,681-685,711-715,741-745,771-775,801-805,831-835,861-865,891-895,921-925,951-955,981-985,1011-1015,1041-1045,1071-1075,1101-1105,1131-1135,1161-1165,1191-1195,1221-1225,1251-1255,1281-1285,1311-1315,1341-1345,1378-1382,1416-1420,1448-1452,1478-1482,1510-1514,1539-1543,1571-1575,1603-1607,1635-1639,1669-1673,1699-1703,1729-1733,1759-1763,1789-1793
qt/gen_qstackedwidget.h
  s_64fea63fed100b::t_38c9c4808d3f80 107,109
qt/gen_qstandarditemmodel.cpp
  s_64fea63fed100b::t_c5cec0b30edf88 1-2,34,42,101,105,110,117,121,130,137,141,145,152,156,160,167,171,179,186,190,198,205,209,216,706,712,721,727,736,742,751,757,766,772,781,787,796,802,836,840,849,856,860,867,874,878,885,892,896,903,910,914,921,928,932,941,948,952,960,967,971,982,989,993,1001,1008,1012,1023,1030,1034,1043,1050,1054,1063,1070,1074,1083,1090,1094,1103,1110,1114,1121,1128,1132,1136,1143,1147,1154,1167,1171,1193,1200,1204,1212,1219,1223,1227,1246,1250,1264,1271,1275,1287,1294,1298,1310,1317,1321,1325,1332,1336,1349,1356,1360,1373,1380,1384,1392,1399,1403,1410,1417,1421,1428,1435,1439,1453,1467,1471,1478,1485,1489,1493,1508,1512,1516,1523,1527,1532,1539,1543,1548,1555,1559,1565,1572,1576,1582,1589,1593,1599,1606,1610,1616,1623,1627,1635,1642,1646,1654,2088-2091,2094,2186,2192,2201,2207,2216,2222,2231,2237,2246,2252,2261,2267,2276,2282,2291,2297,2306,2312,2321,2327,2336,2342,2351,2357,2366,2372,2381,2387,2396,2402,2412,2418,2428,2434,2457,2463,2478,2484,2493,2499,2524,2530,2545,2551,2560,2566,2575,2581,2591,2597,2606,2612,2621,2627,2636,2642,2651,2657,2666,2672,2690,2696,2705,2711,2739,2745,2754,2760,2769,2775,2784,2790,2799,2805,2814,2820,2829,2835,2844,2850,2859,2865
qt/gen_qstandarditemmodel.go
  s_64fea63fed100b::t_903ab8a49a03e8 24-28,575-579,607-611,639-643,668-672,697-701,727-731,757-761,797-801,1264-1267,1727-1731,1765-1769,1797-1801,1829-1833,1861-1865,1895-1899,1933-1937,1967-1971,2005-2009,2041-2045,2079-2083,2115-2119,2151-2155,2187-2191,2223-2227,2255-2259,2297-2301,2357-2361,2404-2408,2445-2449,2488-2492,2528-2532,2568-2572,2608-2612,2637-2641,2677-2681,2717-2721,2747-2751,2781-2785,2821-2825,2868-2872,2913-2917,2962-2966,2991-2995,3018-3022,3050-3054,3084-3088,3114-3118,3144-3148,3174-3178,3204-3208
qt/gen_qstandarditemmodel.h
  s_64fea63fed100b::t_e6485d3b8277c3 235
qt/gen_qstate.cpp
  s_64fea63fed100b::t_17a23124957b6e 1-2,25,55,59,65,72,76,82,89,93,98,105,109,115,122,126,132,139,143,149,156,160,166,173,177,185,192,196,204,370,376,385,391,400,406,415,421,430,436,445,451,460,466,475,481,490,496,548-551,553,556-559,561,564-567,569,572-575,577,580-583,585
qt/gen_qstate.go
  s_64fea63fed100b::t_ee7d6ab8e82745 31-35,290-294,320-324,350-354,382-386,416-420,446-450,476-480,506-510,536-540,559-562,575-578,591-594,607-610,623-626
qt/gen_qstate.h
  s_64fea63fed100b::t_c38c1d98423076 96-100
qt/gen_qstatemachine.cpp
  s_64fea63fed100b::t_46e0a1846d7f02 1-2,28,60,64,70,77,81,87,94,98,104,111,115,121,128,132,138,145,149,155,162,166,172,179,183,188,195,199,205,212,216,222,229,233,239,246,250,258,265,269,277,461-464,467,519,525,534,540,549,555,564,570,579,585,594,600,609,615,624,630,639,645,654,660,669,675,684,690,699,705,757-760,762,765-768,770
qt/gen_qstatemachine.go
  s_64fea63fed100b::t_272c86f688a139 34-38,235-238,366-370,400-404,430-434,460-464,490-494,520-524,550-554,580-584,612-616,642-646,672-676,702-706,732-736,755-758,771-774
qt/gen_qstatemachine.h
  s_64fea63fed100b::t_dfa433d31236c1 87,133-134
qt/gen_qstatusbar.cpp
  s_64fea63fed100b::t_21d70684fdfee8 1-2,46,108,112,118,125,129,135,142,146,152,159,163,168,175,179,183,190,194,200,207,211,215,222,226,230,237,241,246,253,257,261,268,272,276,283,287,293,300,304,310,317,321,327,334,338,344,351,355,361,368,372,378,385,389,395,402,406,412,419,423,429,436,440,446,453,457,463,470,474,480,487,491,497,504,508,514,521,525,531,538,542,548,555,559,565,572,576,582,589,593,599,606,610,616,623,627,633,640,644,656,663,667,673,680,684,690,697,701,707,714,718,723,730,734,738,745,749,755,762,766,772,779,783,788,795,799,805,812,816,822,829,833,839,846,850,856,863,867,875,882,886,894,1009-1012,1022,1091,1097,1106,1112,1121,1127,1136,1142,1151,1157,1166,1172,1181,1187,1196,1202,1211,1217,1226,1232,1241,1247,1256,1262,1271,1277,1286,1292,1301,1307,1316,1322,1331,1337,1346,1352,1361,1367,1376,1382,1391,1397,1406,1412,1421,1427,1436,1442,1451,1457,1466,1472,1481,1487,1496,1502,1511,1517,1526,1532,1541,1547,1556,1562,1571,1577,1587,1593,1602,1608,1617,1623,1632,1638,1647,1653,1662,1668,1677,1683,1692,1698,1707,1713,1722,1728,1737,1743,1752,1758,1767,1773,1782,1788
qt/gen_qstatusbar.go
  s_64fea63fed100b::t_79b088ecdcf699 17-21,152-155,394-398,424-428,454-458,484-488,516-520,545-549,577-581,608-612,637-641,669-673,698-702,727-731,757-761,787-791,817-821,847-851,877-881,907-911,937-941,967-971,997-1001,1027-1031,1057-1061,1087-1091,1117-1121,1147-1151,1177-1181,1207-1211,1237-1241,1267-1271,1297-1301,1327-1331,1364-1368,1402-1406,1432-1436,1464-1468,1494-1498,1526-1530,1555-1559,1587-1591,1619-1623,1651-1655,1685-1689,1715-1719,1745-1749,1775-1779,1805-1809
qt/gen_qstatusbar.h
  s_64fea63fed100b::t_0ac7d611a73855 103
qt/gen_qstringlistmodel.cpp
  s_64fea63fed100b::t_78ae4bcf101fe1 1-2,31,85,89,96,103,107,116,123,127,135,142,146,157,164,168,175,182,186,195,202,206,215,222,226,239,246,250,257,270,274,296,303,307,315,322,326,330,337,341,350,357,361,373,380,384,392,399,403,414,421,425,429,448,452,466,473,477,489,496,500,504,511,515,524,531,535,544,551,555,568,575,579,587,594,598,605,612,616,623,630,634,648,662,666,673,680,684,688,703,707,711,718,722,727,734,738,743,750,754,760,767,771,777,784,788,794,801,805,811,818,822,830,837,841,849,1093,1099,1108,1114,1123,1129,1138,1144,1153,1159,1169,1175,1184,1190,1199,1205,1214,1220,1243,1249,1264,1270,1279,1285,1295,1301,1310,1316,1325,1331,1340,1346,1355,1361,1386,1392,1407,1413,1422,1428,1438,1444,1453,1459,1468,1474,1483,1489,1498,1504,1513,1519,1528,1534,1552,1558,1567,1573,1601,1607,1616,1622,1631,1637,1646,1652,1661,1667,1676,1682,1691,1697,1706,1712,1721,1727
qt/gen_qstringlistmodel.go
  s_64fea63fed100b::t_a0e5766f9b1376 17-21,635-639,669-673,707-711,741-745,777-781,809-813,845-849,881-885,934-938,994-998,1041-1045,1073-1077,1104-1108,1140-1144,1182-1186,1218-1222,1265-1269,1308-1312,1348-1352,1388-1392,1417-1421,1453-1457,1489-1493,1529-1533,1559-1563,1593-1597,1633-1637,1680-1684,1725-1729,1774-1778,1803-1807,1830-1834,1862-1866,1896-1900,1926-1930,1956-1960,1986-1990,2016-2020
qt/gen_qstyle.cpp
  s_64fea63fed100b::t_91869d0ee5e99d 1-2,33,76,80,86,93,97,103,110,114,120,127,131,137,144,148,156,163,167,187,194,198,209,216,220,244,251,255,268,275,279,283,290,294,303,308,312,321,326,330,338,343,347,356,361,365,376,381,385,395,400,404,412,417,421,432,437,441,450,455,459,467,472,476,484,489,493,503,508,512,524,529,533,538,545,549,555,562,566,572,579,583,589,596,600,606,613,617,625,632,636,644,884,890,899,905,914,920,929,935,944,950,959,965,975,981,990,996,1006,1012,1021,1027,1036,1042,1047,1053,1058,1064,1069,1075,1080,1086,1091,1097,1102,1108,1113,1119,1124,1130,1135,1141,1146,1152,1157,1163,1168,1174,1179,1185,1194,1200,1209,1215,1224,1230,1239,1245,1254,1260,1269,1275
qt/gen_qstyle.go
  s_64fea63fed100b::t_a0a6cfd80ad868 640-644,995-999,1025-1029,1055-1059,1085-1089,1115-1119,1151-1155,1196-1200,1236-1240,1280-1284,1318-1322,1341-1345,1371-1375,1401-1405,1431-1435,1461-1465,1493-1497,1525-1529,1555-1559,1587-1591,1619-1623,1649-1653,1679-1683,1709-1713,1749-1753,1781-1785,1815-1819,1845-1849,1875-1879,1905-1909,1935-1939
qt/gen_qstyleditemdelegate.cpp
  s_64fea63fed100b::t_48bd93d5438bf1 1-2,33,66,70,82,89,93,103,110,114,125,132,136,145,152,156,166,173,177,189,196,200,210,219,223,232,239,243,249,256,260,272,279,283,292,299,303,315,322,326,330,344,348,353,360,364,370,377,381,387,394,398,404,411,415,423,430,434,442,585,591,600,606,615,621,630,636,645,651,660,666,675,681,697,703,712,718,727,733,742,748,757,763,772,778,796,802,811,817,826,832,841,847,856,862,871,877
qt/gen_qstyleditemdelegate.go
  s_64fea63fed100b::t_f363143044b840 17-21,247-251,283-287,317-321,353-357,385-389,419-423,455-459,492-496,524-528,558-562,596-600,628-632,672-676,706-710,738-742,768-772,798-802,828-832,858-862
qt/gen_qstylehints.cpp
  s_64fea63fed100b::t_69308a8da184f2 1-2,18,210-213,216,223-226,229,236-239,242,249-252,255,262-265,268,275-278,281,288-291,295,302-305,308,315-318,321,328-331,334,341-344,347
qt/gen_qstylehints.go
  s_64fea63fed100b::t_8005e5db05ebdb 17-21,227-230,249-252,271-274,293-296,315-318,337-340,359-362,381-384,403-406,425-428,447-450
qt/gen_qstylehints.h
  s_64fea63fed100b::t_1f5347fea2bb5e 71,73,75,77,79,81,83,85,87,89,91
qt/gen_qstyleplugin.cpp
  s_64fea63fed100b::t_d95b3274dc1acb 1-2,21,43,47,59,64,68,73,80,84,90,97,101,107,114,118,124,131,135,141,148,152,160,167,171,179,284,290,295,301,310,316,325,331,340,346,355,361,370,376,385,391
qt/gen_qstyleplugin.go
  s_64fea63fed100b::t_f9f9c00c82380a 17-21,208-212,243-247,275-279,309-313,339-343,369-373,399-403,429-433
qt/gen_qsyntaxhighlighter.cpp
  s_64fea63fed100b::t_ae2a5244cea3fb 1-2,26,48,52,64,69,73,78,85,89,95,102,106,112,119,123,129,136,140,146,153,157,165,172,176,184,310,316,321,327,336,342,351,357,366,372,381,387,396,402,411,417
qt/gen_qsyntaxhighlighter.go
  s_64fea63fed100b::t_be7cd63fabe59b 17-21,350-354,383-387,415-419,449-453,479-483,509-513,539-543,569-573
qt/gen_qsystemtrayicon.cpp
  s_64fea63fed100b::t_b4546ae8f6f6ed 1-2,23,48,52,57,64,68,74,81,85,91,98,102,108,115,119,125,132,136,144,151,155,163,302-305,309,316-319,321,387,393,402,408,417,423,432,438,447,453,462,468,477,483
qt/gen_qsystemtrayicon.go
  s_64fea63fed100b::t_b05bf154239489 36-40,219-222,241-244,401-405,433-437,467-471,497-501,527-531,557-561,587-591
qt/gen_qsystemtrayicon.h
  s_64fea63fed100b::t_cb43f33e3d0a76 66,68
qt/gen_qtabbar.cpp
  s_64fea63fed100b::t_e11557c7cbe35f 1-2,50,121,125,129,136,140,144,151,155,160,167,171,176,183,187,193,200,204,210,217,221,226,233,237,242,249,253,259,266,270,276,283,287,293,300,304,310,317,321,327,334,338,344,351,355,361,368,372,378,385,389,395,402,406,412,419,423,429,436,440,444,451,455,461,468,472,477,484,488,492,499,503,507,514,518,524,531,535,541,548,552,558,565,569,575,582,586,592,599,603,609,616,620,626,633,637,643,650,654,660,667,671,677,684,688,694,701,705,711,718,722,728,735,739,745,752,756,762,769,773,785,792,796,802,809,813,819,826,830,835,842,846,850,857,861,867,874,878,884,891,895,900,907,911,917,924,928,934,941,945,951,958,962,970,977,981,989,1321-1324,1327,1334-1337,1340,1347-1350,1354,1361-1364,1367,1374-1377,1380,1428,1434,1443,1449,1458,1464,1473,1479,1488,1494,1503,1509,1518,1524,1533,1539,1548,1554,1563,1569,1578,1584,1593,1599,1608,1614,1623,1629,1638,1644,1653,1659,1668,1674,1683,1689,1698,1704,1713,1719,1728,1734,1743,1749,1758,1764,1773,1779,1788,1794,1803,1809,1818,1824,1833,1839,1848,1854,1863,1869,1878,1884,1893,1899,1908,1914,1923,1929,1938,1944,1953,1959,1968,1974,1983,1989,1998,2004,2013,2019,2029,2035,2044,2050,2059,2065,2074,2080,2089,2095,2104,2110,2119,2125,2134,2140,2149,2155,2164,2170,2179,2185,2194,2200
qt/gen_qtabbar.go
  s_64fea63fed100b::t_4b0b8b7e521d16 45-49,415-418,437-440,459-462,483-486,505-508,710-714,741-745,772-776,806-810,838-842,868-872,898-902,925-929,957-961,987-991,1017-1021,1047-1051,1077-1081,1107-1111,1137-1141,1167-1171,1197-1201,1227-1231,1257-1261,1287-1291,1316-1320,1346-1350,1378-1382,1407-1411,1436-1440,1466-1470,1496-1500,1526-1530,1556-1560,1586-1590,1616-1620,1646-1650,1676-1680,1706-1710,1736-1740,1766-1770,1796-1800,1826-1830,1856-1860,1893-1897,1931-1935,1963-1967,1993-1997,2025-2029,2054-2058,2086-2090,2118-2122,2150-2154,2184-2188,2214-2218,2244-2248,2274-2278
qt/gen_qtabbar.h
  s_64fea63fed100b::t_4f854ec3e86e5e 158,160,162,164,166
qt/gen_qtableview.cpp
  s_64fea63fed100b::t_4e4f2f492c9d3c 1-2,61,164,168,174,181,185,193,200,204,210,217,221,226,233,237,244,251,255,265,272,276,283,290,294,301,308,312,316,323,327,333,340,344,350,357,361,365,372,376,380,387,391,399,406,410,420,427,431,438,445,449,453,467,471,476,483,487,491,498,502,507,514,518,523,530,534,540,547,551,557,564,568,575,582,586,597,604,608,619,626,630,643,650,654,660,667,671,676,683,687,692,699,703,724,731,735,745,752,756,766,773,777,782,789,793,798,805,809,815,822,826,832,839,843,851,858,862,868,875,879,885,892,896,906,913,917,925,932,936,943,950,954,959,966,970,975,982,986,991,998,1002,1008,1015,1019,1025,1032,1036,1042,1049,1053,1059,1066,1070,1076,1083,1087,1093,1100,1104,1110,1117,1121,1127,1134,1138,1144,1151,1155,1161,1168,1172,1178,1185,1189,1195,1202,1206,1212,1219,1223,1229,1236,1240,1244,1251,1255,1259,1266,1270,1276,1283,1287,1293,1300,1304,1310,1317,1321,1327,1334,1338,1342,1349,1353,1359,1366,1370,1375,1382,1386,1390,1397,1401,1405,1412,1416,1422,1429,1433,1439,1446,1450,1456,1463,1467,1473,1480,1484,1490,1497,1501,1507,1514,1518,1524,1531,1535,1541,1548,1552,1558,1565,1569,1581,1588,1592,1598,1605,1609,1615,1622,1626,1631,1638,1642,1646,1653,1657,1663,1670,1674,1680,1687,1691,1699,1706,1710,1718,2045,2051,2060,2066,2075,2081,2090,2096,2105,2111,2120,2126,2135,2141,2150,2156,2165,2171,2180,2186,2195,2201,2210,2216,2225,2231,2240,2246,2255,2261,2270,2276,2285,2291,2309,2315,2324,2330,2339,2345,2354,2360,2369,2375,2384,2390,2399,2405,2414,2420,2429,2435,2444,2450,2460,2466,2475,2481,2490,2496,2505,2511,2526,2532,2541,2547,2556,2562,2571,2577,2586,2592,2601,2607,2616,2622,2631,2637,2646,2652,2661,2667,2676,2682,2692,2698,2707,2713,2722,2728,2737,2743,2752,2758,2767,2773,2782,2788,2797,2803,2812,2818,2827,2833,2842,2848,2857,2863,2872,2878,2887,2893,2902,2908,2917,2923,2932,2938,2947,2953,2962,2968,2977,2983,2992,2998,3007,3013,3022,3028,3037,3043,3052,3058,3067,3073,3082,3088,3097,3103,3112,3118,3127,3133,3142,3148,3157,3163,3172,3178,3187,3193,3202,3208,3217,3223,3232,3238,3247,3253,3262,3268,3278,3284,3293,3299,3308,3314,3323,3329,3338,3344,3353,3359,3368,3374,3383,3389
qt/gen_qtableview.go
  s_64fea63fed100b::t_3d04e6225980cf 17-21,786-790,816-820,846-850,876-880,905-909,937-941,971-975,1003-1007,1037-1041,1066-1070,1096-1100,1126-1130,1155-1159,1186-1190,1220-1224,1254-1258,1294-1298,1328-1332,1357-1361,1386-1390,1418-1422,1450-1454,1480-1484,1510-1514,1542-1546,1574-1578,1610-1614,1645-1649,1677-1681,1704-1708,1737-1741,1777-1781,1811-1815,1845-1849,1872-1876,1899-1903,1929-1933,1959-1963,1991-1995,2021-2025,2051-2055,2087-2091,2121-2125,2151-2155,2183-2187,2215-2219,2247-2251,2277-2281,2307-2311,2337-2341,2367-2371,2397-2401,2427-2431,2457-2461,2487-2491,2517-2521,2547-2551,2577-2581,2607-2611,2637-2641,2673-2677,2704-2708,2733-2737,2763-2767,2793-2797,2823-2827,2853-2857,2882-2886,2912-2916,2944-2948,2973-2977,3002-3006,3032-3036,3062-3066,3092-3096,3122-3126,3152-3156,3182-3186,3212-3216,3242-3246,3279-3283,3317-3321,3349-3353,3379-3383,3411-3415,3440-3444,3470-3474,3500-3504,3530-3534
qt/gen_qtablewidget.cpp
  s_64fea63fed100b::t_f9bbdd95208ebc 1-2,68,75,245,249,253,260,264,269,276,280,289,296,300,307,314,318,326,333,337,345,584,590,599,605,614,620,629,635,644,650,659,665,688,692,697,704,708,712,731,735,749,756,760,769,776,780,784,791,795,801,808,812,820,827,831,837,844,848,853,860,864,871,878,882,892,899,903,910,917,921,928,935,939,943,950,954,960,967,971,977,984,988,992,999,1003,1007,1014,1018,1026,1033,1037,1047,1054,1058,1065,1072,1076,1080,1094,1098,1103,1110,1114,1118,1125,1129,1134,1141,1145,1150,1157,1161,1167,1174,1178,1184,1191,1195,1202,1209,1213,1224,1231,1235,1246,1253,1257,1270,1277,1281,1287,1294,1298,1303,1310,1314,1319,1326,1330,1351,1358,1362,1372,1379,1383,1393,1400,1404,1409,1416,1420,1425,1432,1436,1442,1449,1453,1459,1466,1470,1478,1485,1489,1495,1502,1506,1512,1519,1523,1533,1540,1544,1552,1559,1563,1570,1577,1581,1586,1593,1597,1602,1609,1613,1619,1626,1630,1636,1643,1647,1653,1660,1664,1670,1677,1681,1687,1694,1698,1704,1711,1715,1721,1728,1732,1738,1745,1749,1755,1762,1766,1772,1779,1783,1789,1796,1800,1806,1813,1817,1823,1830,1834,1838,1845,1849,1853,1860,1864,1870,1877,1881,1887,1894,1898,1904,1911,1915,1921,1928,1932,1936,1943,1947,1953,1960,1964,1969,1976,1980,1984,1991,1995,1999,2006,2010,2016,2023,2027,2033,2040,2044,2050,2057,2061,2067,2074,2078,2084,2091,2095,2101,2108,2112,2118,2125,2129,2135,2142,2146,2152,2159,2163,2175,2182,2186,2192,2199,2203,2209,2216,2220,2225,2232,2236,2240,2247,2251,2257,2264,2268,2274,2281,2285,2293,2300,2304,2312,2671-2674,2677,2684-2687,2690,2697-2700,2703,2710-2713,2716,2723-2726,2729,2736-2739,2742,2749-2752,2756,2763-2766,2768,2775-2778,2782,2789-2792,2796,2803-2806,2810,2817-2820,2824,2831-2834,2838,2845-2848,2852,2859-2862,2868,2924,2930,2939,2945,2970,2976,2991,2997,3006,3012,3022,3028,3037,3043,3052,3058,3067,3073,3082,3088,3097,3103,3112,3118,3127,3133,3142,3148,3157,3163,3172,3178,3187,3193,3202,3208,3217,3223,3232,3238,3247,3253,3262,3268,3286,3292,3301,3307,3316,3322,3331,3337,3346,3352,3361,3367,3376,3382,3391,3397,3406,3412,3421,3427,3437,3443,3452,3458,3467,3473,3482,3488,3503,3509,3518,3524,3533,3539,3548,3554,3563,3569,3578,3584,3593,3599,3608,3614,3623,3629,3638,3644,3653,3659,3669,3675,3684,3690,3699,3705,3714,3720,3729,3735,3744,3750,3759,3765,3774,3780,3789,3795,3804,3810,3819,3825,3834,3840,3849,3855,3864,3870,3879,3885,3894,3900,3909,3915,3924,3930,3939,3945,3954,3960,3969,3975,3984,3990,3999,4005,4014,4020,4029,4035,4044,4050,4059,4065,4074,4080,4089,4095,4104,4110,4119,4125,4134,4140,4149,4155,4164,4170,4179,4185,4194,4200,4209,4215,4225,4231,4240,4246,4255,4261,4270,4276,4285,4291,4300,4306,4315,4321,4330,4336
qt/gen_qtablewidget.go
  s_64fea63fed100b::t_06a2a354540ccc 116-120,425-429,456-460,488-492,520-524,552-556,582-586,620-624,978-981,1000-1003,1022-1025,1044-1047,1066-1069,1088-1091,1110-1113,1134-1137,1153-1156,1177-1180,1201-1204,1225-1228,1249-1252,1273-1276,1297-1300,1884-1888,1925-1929,1968-1972,2006-2010,2044-2048,2073-2077,2103-2107,2133-2137,2163-2167,2192-2196,2224-2228,2258-2262,2290-2294,2324-2328,2353-2357,2383-2387,2413-2417,2442-2446,2473-2477,2507-2511,2541-2545,2581-2585,2615-2619,2644-2648,2673-2677,2705-2709,2737-2741,2767-2771,2797-2801,2829-2833,2861-2865,2897-2901,2932-2936,2964-2968,2991-2995,3024-3028,3064-3068,3098-3102,3132-3136,3159-3163,3186-3190,3216-3220,3246-3250,3278-3282,3308-3312,3338-3342,3374-3378,3408-3412,3438-3442,3470-3474,3502-3506,3532-3536,3562-3566,3592-3596,3622-3626,3652-3656,3682-3686,3712-3716,3742-3746,3772-3776,3802-3806,3832-3836,3862-3866,3898-3902,3929-3933,3958-3962,3988-3992,4018-4022,4048-4052,4078-4082,4107-4111,4137-4141,4169-4173,4198-4202,4227-4231,4257-4261,4287-4291,4317-4321,4347-4351,4377-4381,4407-4411,4437-4441,4467-4471,4504-4508,4542-4546,4574-4578,4604-4608,4636-4640,4665-4669,4695-4699,4725-4729,4755-4759
qt/gen_qtablewidget.h
  s_64fea63fed100b::t_5c1c378abcd871 266,268,270,272,274,276,278,280,282,284,286,288,290,292,294
qt/gen_qtabwidget.cpp
  s_64fea63fed100b::t_83c008c8c64982 1-2,49,116,120,124,131,135,139,146,150,155,162,166,170,177,181,187,194,198,204,211,215,221,228,232,238,245,249,255,262,266,272,279,283,289,296,300,305,312,316,320,327,331,337,344,348,352,359,363,369,376,380,386,393,397,403,410,414,420,427,431,437,444,448,454,461,465,471,478,482,488,495,499,505,512,516,522,529,533,539,546,550,556,563,567,573,580,584,590,597,601,607,614,618,624,631,635,641,648,652,658,665,669,675,682,686,692,699,703,715,722,726,732,739,743,749,756,760,765,772,776,780,787,791,797,804,808,814,821,825,830,837,841,847,854,858,864,871,875,881,888,892,898,905,909,917,924,928,936,1233-1236,1239,1246-1249,1252,1259-1262,1265,1272-1275,1278,1334,1340,1349,1355,1364,1370,1379,1385,1394,1400,1409,1415,1424,1430,1439,1445,1454,1460,1469,1475,1484,1490,1499,1505,1514,1520,1529,1535,1544,1550,1559,1565,1574,1580,1589,1595,1604,1610,1619,1625,1634,1640,1649,1655,1664,1670,1679,1685,1694,1700,1709,1715,1724,1730,1739,1745,1754,1760,1769,1775,1784,1790,1799,1805,1814,1820,1829,1835,1844,1850,1859,1865,1875,1881,1890,1896,1905,1911,1920,1926,1935,1941,1950,1956,1965,1971,1980,1986,1995,2001,2010,2016,2025,2031,2040,2046,2055,2061
qt/gen_qtabwidget.go
  s_64fea63fed100b::t_d1c11ae5e09b75 33-37,362-365,384-387,406-409,428-431,653-657,684-688,713-717,745-749,774-778,804-808,834-838,864-868,894-898,924-928,954-958,984-988,1016-1020,1045-1049,1075-1079,1104-1108,1134-1138,1164-1168,1194-1198,1224-1228,1254-1258,1284-1288,1314-1318,1344-1348,1374-1378,1404-1408,1434-1438,1464-1468,1494-1498,1524-1528,1554-1558,1584-1588,1614-1618,1644-1648,1674-1678,1711-1715,1749-1753,1781-1785,1811-1815,1843-1847,1872-1876,1904-1908,1936-1940,1968-1972,2002-2006,2032-2036,2062-2066,2092-2096,2122-2126
qt/gen_qtabwidget.h
  s_64fea63fed100b::t_3ae1ced33b0a80 149,151,153,155
qt/gen_qtemporaryfile.cpp
  s_64fea63fed100b::t_a7bcb114351a50 1-2,23,66,70,74,83,87,93,100,104,108,115,119,125,132,136,140,147,151,157,164,168,173,180,184,188,195,199,203,210,214,220,227,231,235,242,246,253,260,264,271,278,282,289,296,300,304,311,315,319,326,330,334,341,345,349,356,360,365,372,376,381,388,392,397,404,408,414,421,425,431,438,442,448,455,459,465,472,476,484,491,495,503,677,683,699,705,714,720,730,736,745,751,761,767,776,782,791,797,806,812,822,828,837,843,852,858,868,874,884,890,900,906,915,921,931,937,947,953,962,968,977,983,992,998,1007,1013,1022,1028,1037,1043,1052,1058,1067,1073,1082,1088
qt/gen_qtemporaryfile.go
  s_64fea63fed100b::t_2718a4e1d58972 17-21,322-326,354-358,386-390,415-419,447-451,476-480,508-512,535-539,564-568,593-597,625-629,656-660,693-697,730-734,765-769,794-798,823-827,852-856,881-885,913-917,945-949,977-981,1011-1015,1041-1045,1071-1075,1101-1105,1131-1135
qt/gen_qtextbrowser.cpp
  s_64fea63fed100b::t_6746052c1e28df 1-2,55,137,141,149,156,160,168,175,179,184,191,195,200,207,211,216,223,227,232,239,243,248,255,259,265,272,276,282,289,293,299,306,310,316,323,327,333,340,344,349,356,360,366,373,377,383,390,394,400,407,411,417,424,428,434,441,445,451,458,462,468,475,479,485,492,496,502,509,513,519,526,530,536,543,547,553,560,564,570,577,581,587,594,598,604,611,615,619,626,630,635,642,646,652,659,663,669,676,680,687,694,698,706,713,717,721,728,732,736,743,747,753,760,764,770,777,781,786,793,797,801,808,812,816,823,827,833,840,844,849,856,860,864,871,875,879,886,890,896,903,907,913,920,924,930,937,941,947,954,958,964,971,975,981,988,992,998,1005,1009,1021,1028,1032,1038,1045,1049,1055,1062,1066,1071,1078,1082,1086,1093,1097,1103,1110,1114,1120,1127,1131,1139,1146,1150,1158,1348-1351,1354,1361-1364,1367,1374-1377,1379,1386-1389,1394,1401-1404,1409,1417-1420,1430,1437-1440,1445,1493,1499,1508,1514,1523,1529,1538,1544,1553,1559,1568,1574,1583,1589,1598,1604,1613,1619,1628,1634,1643,1649,1658,1664,1673,1679,1688,1694,1703,1709,1718,1724,1733,1739,1748,1754,1763,1769,1778,1784,1793,1799,1808,1814,1823,1829,1838,1844,1853,1859,1868,1874,1883,1889,1898,1904,1913,1919,1928,1934,1943,1949,1958,1964,1973,1979,1988,1994,2003,2009,2018,2024,2033,2039,2048,2054,2063,2069,2078,2084,2093,2099,2108,2114,2123,2129,2138,2144,2153,2159,2168,2174,2183,2189,2198,2204,2213,2219,2228,2234,2243,2249,2258,2264,2273,2279,2289,2295,2304,2310,2319,2325,2334,2340,2349,2355,2364,2370,2379,2385,2394,2400
qt/gen_qtextbrowser.go
  s_64fea63fed100b::t_6c62f4c780c21b 17-21,217-220,239-242,261-264,280-283,302-305,328-331,353-356,634-638,668-672,698-702,725-729,752-756,779-783,806-810,838-842,868-872,898-902,928-932,958-962,988-992,1020-1024,1052-1056,1084-1088,1114-1118,1144-1148,1174-1178,1204-1208,1234-1238,1264-1268,1294-1298,1324-1328,1354-1358,1384-1388,1414-1418,1444-1448,1474-1478,1503-1507,1535-1539,1565-1569,1595-1599,1627-1631,1659-1663,1690-1694,1719-1723,1749-1753,1783-1787,1817-1821,1846-1850,1875-1879,1905-1909,1937-1941,1966-1970,1995-1999,2025-2029,2055-2059,2085-2089,2115-2119,2145-2149,2175-2179,2212-2216,2250-2254,2282-2286,2312-2316,2344-2348,2373-2377,2403-2407,2433-2437,2463-2467
qt/gen_qtextbrowser.h
  s_64fea63fed100b::t_56e3a5ffdf5873 131,133,135,137,139,141,143
qt/gen_qtextdocument.cpp
  s_64fea63fed100b::t_09c192d4f90459 1-2,40,92,96,101,108,112,119,126,130,138,145,149,154,161,165,171,178,182,188,195,199,205,212,216,222,229,233,241,248,252,260,704-707,712,719-722,724,731-734,737,744-747,750,757-760,762,769-772,775,782-785,790,797-800,803,810-813,818,825-828,830,977,983,992,998,1007,1013,1022,1028,1037,1043,1052,1058,1067,1073,1082,1088,1097,1103,1112,1118
qt/gen_qtextdocument.go
  s_64fea63fed100b::t_478143fc3901e4 117-121,627-630,653-656,672-675,694-697,716-719,735-738,757-760,779-782,801-804,823-826,1074-1078,1101-1105,1135-1139,1169-1173,1201-1205,1235-1239,1265-1269,1295-1299,1325-1329,1355-1359
qt/gen_qtextdocument.h
  s_64fea63fed100b::t_da9c0ca601b86b 165,167,169,171,173,175,177,179,181,183
qt/gen_qtextedit.cpp
  s_64fea63fed100b::t_35114bc28eb52c 1-2,64,143,147,155,162,166,172,179,183,188,195,199,205,212,216,222,229,233,239,246,250,256,263,267,273,280,284,290,297,301,307,314,318,324,331,335,341,348,352,357,364,368,374,381,385,391,398,402,408,415,419,425,432,436,442,449,453,459,466,470,476,483,487,493,500,504,510,517,521,527,534,538,542,549,553,558,565,569,575,582,586,592,599,603,610,617,621,629,636,640,644,651,655,659,666,670,676,683,687,693,700,704,709,716,720,724,731,735,739,746,750,756,763,767,772,779,783,787,794,798,802,809,813,819,826,830,836,843,847,853,860,864,870,877,881,887,894,898,904,911,915,921,928,932,944,951,955,961,968,972,978,985,989,994,1001,1005,1009,1016,1020,1026,1033,1037,1043,1050,1054,1062,1069,1073,1081,1615-1618,1620,1627-1630,1633,1640-1643,1646,1653-1656,1661,1668-1671,1674,1681-1684,1686,1693-1696,1698,1782,1788,1797,1803,1812,1818,1827,1833,1842,1848,1857,1863,1872,1878,1887,1893,1902,1908,1917,1923,1932,1938,1947,1953,1962,1968,1977,1983,1992,1998,2007,2013,2022,2028,2037,2043,2052,2058,2067,2073,2082,2088,2097,2103,2112,2118,2127,2133,2142,2148,2157,2163,2172,2178,2187,2193,2202,2208,2217,2223,2232,2238,2247,2253,2262,2268,2277,2283,2292,2298,2307,2313,2322,2328,2337,2343,2352,2358,2367,2373,2382,2388,2397,2403,2412,2418,2427,2433,2442,2448,2457,2463,2472,2478,2487,2493,2503,2509,2518,2524,2533,2539,2548,2554,2563,2569,2578,2584,2593,2599,2608,2614
qt/gen_qtextedit.go
  s_64fea63fed100b::t_020d24d2e92cfe 34-38,615-618,634-637,656-659,678-681,700-703,722-725,741-744,1030-1034,1066-1070,1098-1102,1130-1134,1160-1164,1190-1194,1220-1224,1250-1254,1280-1284,1310-1314,1340-1344,1370-1374,1400-1404,1432-1436,1462-1466,1492-1496,1522-1526,1552-1556,1582-1586,1612-1616,1642-1646,1672-1676,1702-1706,1732-1736,1761-1765,1793-1797,1823-1827,1853-1857,1885-1889,1917-1921,1948-1952,1977-1981,2007-2011,2041-2045,2075-2079,2104-2108,2133-2137,2163-2167,2195-2199,2224-2228,2253-2257,2283-2287,2313-2317,2343-2347,2373-2377,2403-2407,2433-2437,2470-2474,2508-2512,2540-2544,2570-2574,2602-2606,2631-2635,2661-2665,2691-2695,2721-2725
qt/gen_qtextedit.h
  s_64fea63fed100b::t_5a7585522aa3a5 226,228,230,232,234,236,238
qt/gen_qtextlist.cpp
  s_64fea63fed100b::t_380fb99bcd4407 1-2,26,49,53,61,68,72,80,87,91,99,106,110,115,122,126,132,139,143,149,156,160,166,173,177,183,190,194,202,209,213,221,365,371,380,386,395,401,410,416,425,431,440,446,455,461,470,476,485,491,500,506
qt/gen_qtextlist.go
  s_64fea63fed100b::t_77133fe4e8c231 17-21,269-273,299-303,329-333,359-363,391-395,425-429,455-459,485-489,515-519,545-549
qt/gen_qtextobject.cpp
  s_64fea63fed100b::t_839b99798fbfb9 1-2,39,231,235,240,247,251,257,264,268,274,281,285,291,298,302,308,315,319,327,334,338,346,492,498,507,513,522,528,537,543,552,558,567,573,582,588
qt/gen_qtextobject.go
  s_64fea63fed100b::t_5f480bdce47a3c 251-255,502-506,534-538,568-572,598-602,628-632,658-662,688-692
qt/gen_qtexttable.cpp
  s_64fea63fed100b::t_d264cd5fb30660 1-2,28,128,132,137,144,148,154,161,165,171,178,182,188,195,199,205,212,216,224,231,235,243,415,421,430,436,445,451,460,466,475,481,490,496,505,511
qt/gen_qtexttable.go
  s_64fea63fed100b::t_fc3f8660cc5fd8 153-157,424-428,456-460,490-494,520-524,550-554,580-584,610-614
qt/gen_qthread.cpp
  s_64fea63fed100b::t_19c7d85c91629b 1-2,22,46,50,55,62,66,71,78,82,88,95,99,105,112,116,122,129,133,139,146,150,158,165,169,177,393,399,408,414,423,429,438,444,453,459,468,474,483,489,498,504,567-570,572,575-578,580
qt/gen_qthread.go
  s_64fea63fed100b::t_8bea53fb5c689c 30-34,345-349,377-381,404-408,438-442,468-472,498-502,528-532,558-562,581-584,597-600
qt/gen_qthread.h
  s_64fea63fed100b::t_a95bc6725756c3 103-104
qt/gen_qthreadpool.cpp
  s_64fea63fed100b::t_bf2ab64fc1dc5e 1-2,22,43,47,52,59,63,69,76,80,86,93,97,103,110,114,120,127,131,139,146,150,158,335,341,350,356,365,371,380,386,395,401,410,416,425,431
qt/gen_qthreadpool.go
  s_64fea63fed100b::t_e11a8a108e0555 17-21,282-286,314-318,348-352,378-382,408-412,438-442,468-472
qt/gen_qtimeline.cpp
  s_64fea63fed100b::t_deea373ded7244 1-2,21,48,52,57,64,68,74,81,85,90,97,101,107,114,118,124,131,135,141,148,152,160,167,171,179,404,410,420,426,435,441,450,456,465,471,480,486,495,501,510,516,568-571,574,577-580,583,586-589,593,596-599,601
qt/gen_qtimeline.go
  s_64fea63fed100b::t_47f3f9ddb0445e 43-47,356-360,388-392,418-422,450-454,484-488,514-518,544-548,574-578,597-600,616-619,635-638,654-657
qt/gen_qtimeline.h
  s_64fea63fed100b::t_be8e269b2806f4 102-105
qt/gen_qtimer.cpp
  s_64fea63fed100b::t_aa2c6c82d6812b 1-2,20,42,46,52,59,63,68,75,79,85,92,96,102,109,113,119,126,130,138,145,149,157,324,330,339,345,354,360,369,375,384,390,399,405,414,420,472-475,477
qt/gen_qtimer.go
  s_64fea63fed100b::t_a5ebb45e2cf058 17-21,270-274,300-304,332-336,366-370,396-400,426-430,456-460,479-482
qt/gen_qtimer.h
  s_64fea63fed100b::t_53d6b6d12065c5 84
qt/gen_qtoolbar.cpp
  s_64fea63fed100b::t_413c371031b72e 1-2,50,121,125,131,138,142,148,155,159,165,172,176,181,188,192,196,203,207,213,220,224,228,235,239,243,250,254,259,266,270,274,281,285,289,296,300,306,313,317,323,330,334,340,347,351,357,364,368,374,381,385,391,398,402,408,415,419,425,432,436,442,449,453,459,466,470,476,483,487,493,500,504,510,517,521,527,534,538,544,551,555,561,568,572,578,585,589,595,602,606,612,619,623,629,636,640,646,653,657,663,670,674,686,693,697,703,710,714,720,727,731,736,743,747,751,758,762,768,775,779,785,792,796,801,808,812,818,825,829,835,842,846,852,859,863,869,876,880,888,895,899,907,1091-1094,1097,1104-1107,1110,1117-1120,1124,1131-1134,1138,1145-1148,1153,1160-1163,1167,1174-1177,1180,1187-1190,1193,1241,1247,1256,1262,1271,1277,1286,1292,1301,1307,1316,1322,1331,1337,1346,1352,1361,1367,1376,1382,1391,1397,1406,1412,1421,1427,1436,1442,1451,1457,1466,1472,1481,1487,1496,1502,1511,1517,1526,1532,1541,1547,1556,1562,1571,1577,1586,1592,1601,1607,1616,1622,1631,1637,1646,1652,1661,1667,1676,1682,1691,1697,1706,1712,1721,1727,1736,1742,1752,1758,1767,1773,1782,1788,1797,1803,1812,1818,1827,1833,1842,1848,1857,1863,1872,1878,1887,1893,1902,1908,1917,1923,1932,1938
qt/gen_qtoolbar.go
  s_64fea63fed100b::t_24d17168650e3c 17-21,237-240,259-262,281-284,303-306,325-328,347-350,369-372,391-394,594-598,624-628,654-658,684-688,716-720,745-749,777-781,808-812,837-841,869-873,898-902,927-931,957-961,987-991,1017-1021,1047-1051,1077-1081,1107-1111,1137-1141,1167-1171,1197-1201,1227-1231,1257-1261,1287-1291,1317-1321,1347-1351,1377-1381,1407-1411,1437-1441,1467-1471,1497-1501,1527-1531,1557-1561,1594-1598,1632-1636,1664-1668,1694-1698,1726-1730,1755-1759,1787-1791,1819-1823,1851-1855,1885-1889,1915-1919,1945-1949,1975-1979,2005-2009
qt/gen_qtoolbar.h
  s_64fea63fed100b::t_c72362a7c5aa6c 129,131,133,135,137,139,141,143
qt/gen_qtoolbox.cpp
  s_64fea63fed100b::t_2e9d08331391e3 1-2,49,114,118,123,130,134,140,147,151,157,164,168,174,181,185,191,198,202,206,213,217,223,230,234,238,245,249,255,262,266,270,277,281,286,293,297,301,308,312,316,323,327,333,340,344,350,357,361,367,374,378,384,391,395,401,408,412,418,425,429,435,442,446,452,459,463,469,476,480,486,493,497,503,510,514,520,527,531,537,544,548,554,561,565,571,578,582,588,595,599,605,612,616,622,629,633,639,646,650,656,663,667,673,680,684,690,697,701,713,720,724,730,737,741,747,754,758,763,770,774,778,785,789,795,802,806,812,819,823,828,835,839,845,852,856,862,869,873,879,886,890,896,903,907,915,922,926,934,1104-1107,1110,1158,1164,1173,1179,1188,1194,1203,1209,1218,1224,1233,1239,1248,1254,1263,1269,1278,1284,1293,1299,1308,1314,1323,1329,1338,1344,1353,1359,1368,1374,1383,1389,1398,1404,1413,1419,1428,1434,1443,1449,1458,1464,1473,1479,1488,1494,1503,1509,1518,1524,1533,1539,1548,1554,1563,1569,1578,1584,1593,1599,1608,1614,1623,1629,1638,1644,1653,1659,1668,1674,1683,1689,1699,1705,1714,1720,1729,1735,1744,1750,1759,1765,1774,1780,1789,1795,1804,1810,1819,1825,1834,1840,1849,1855,1864,1870,1879,1885
qt/gen_qtoolbox.go
  s_64fea63fed100b::t_5914540fd1c065 17-21,219-222,434-438,466-470,496-500,526-530,556-560,588-592,617-621,647-651,676-680,708-712,737-741,769-773,798-802,827-831,857-861,887-891,917-921,947-951,977-981,1007-1011,1037-1041,1067-1071,1097-1101,1127-1131,1157-1161,1187-1191,1217-1221,1247-1251,1277-1281,1307-1311,1337-1341,1367-1371,1397-1401,1427-1431,1457-1461,1494-1498,1532-1536,1564-1568,1594-1598,1626-1630,1655-1659,1687-1691,1719-1723,1751-1755,1785-1789,1815-1819,1845-1849,1875-1879,1905-1909
qt/gen_qtoolbox.h
  s_64fea63fed100b::t_b9dab18b85b044 120
qt/gen_qtoolbutton.cpp
  s_64fea63fed100b::t_8b1804a3f4175f 1-2,50,115,119,123,130,134,138,145,149,154,161,165,171,178,182,188,195,199,205,212,216,222,229,233,239,246,250,256,263,267,273,280,284,290,297,301,308,315,319,324,331,335,340,347,351,357,364,368,374,381,385,391,398,402,408,415,419,425,432,436,440,447,451,457,464,468,473,480,484,488,495,499,503,510,514,520,527,531,537,544,548,554,561,565,571,578,582,588,595,599,605,612,616,622,629,633,639,646,650,656,663,667,673,680,684,690,697,701,707,714,718,724,731,735,747,754,758,764,771,775,781,788,792,797,804,808,812,819,823,829,836,840,846,853,857,862,869,873,879,886,890,896,903,907,913,920,924,932,939,943,951,1079-1082,1085,1133,1139,1148,1154,1163,1169,1178,1184,1193,1199,1208,1214,1223,1229,1238,1244,1253,1259,1268,1274,1283,1289,1298,1304,1313,1319,1328,1334,1343,1349,1358,1364,1373,1379,1388,1394,1403,1409,1418,1424,1433,1439,1448,1454,1463,1469,1478,1484,1493,1499,1508,1514,1523,1529,1538,1544,1553,1559,1568,1574,1583,1589,1598,1604,1613,1619,1628,1634,1643,1649,1658,1664,1673,1679,1688,1694,1704,1710,1719,1725,1734,1740,1749,1755,1764,1770,1779,1785,1794,1800,1809,1815,1824,1830,1839,1845,1854,1860,1869,1875
qt/gen_qtoolbutton.go
  s_64fea63fed100b::t_a7eefab1982fd2 25-29,173-176,378-382,409-413,438-442,470-474,500-504,530-534,560-564,590-594,620-624,650-654,680-684,710-714,742-746,769-773,796-800,826-830,856-860,886-890,916-920,946-950,975-979,1005-1009,1037-1041,1066-1070,1095-1099,1125-1129,1155-1159,1185-1189,1215-1219,1245-1249,1275-1279,1305-1309,1335-1339,1365-1369,1395-1399,1425-1429,1455-1459,1492-1496,1530-1534,1562-1566,1592-1596,1624-1628,1653-1657,1685-1689,1717-1721,1749-1753,1783-1787,1813-1817,1843-1847,1873-1877
qt/gen_qtoolbutton.h
  s_64fea63fed100b::t_0fe3d766bda71c 116
qt/gen_qtranslator.cpp
  s_64fea63fed100b::t_1b8fffacbbd146 1-2,21,44,48,56,65,69,73,80,84,89,96,100,106,113,117,123,130,134,140,147,151,157,164,168,176,183,187,195,393,399,415,421,430,436,445,451,460,466,475,481,490,496,505,511,520,526
qt/gen_qtranslator.go
  s_64fea63fed100b::t_37d4e45c238344 17-21,369-373,413-417,442-446,474-478,508-512,538-542,568-572,598-602,628-632
qt/gen_qtransposeproxymodel.cpp
  s_64fea63fed100b::t_e21e9bd4452986 1-2,32,92,96,102,109,113,120,127,131,138,145,149,157,164,168,179,186,190,212,219,223,230,237,241,248,261,265,272,279,283,290,297,301,308,315,319,328,335,339,348,355,359,368,375,379,392,399,403,412,419,423,432,439,443,456,463,467,475,482,486,493,500,504,511,518,522,526,533,537,542,549,553,561,568,572,579,586,590,601,608,612,619,626,630,637,644,648,656,663,667,674,681,685,694,701,705,719,726,730,742,749,753,765,772,776,780,799,803,807,814,818,822,829,833,847,861,865,869,884,888,893,900,904,910,917,921,927,934,938,944,951,955,961,968,972,980,987,991,999,1216,1222,1231,1237,1246,1252,1261,1267,1276,1282,1291,1297,1312,1318,1327,1333,1356,1362,1371,1377,1386,1392,1401,1407,1416,1422,1431,1437,1446,1452,1461,1467,1476,1482,1491,1497,1506,1512,1521,1527,1536,1542,1551,1557,1566,1572,1581,1587,1596,1602,1612,1618,1627,1633,1642,1648,1657,1663,1672,1678,1687,1693,1702,1708,1723,1729,1738,1744,1753,1759,1784,1790,1800,1806,1816,1822,1840,1846,1874,1880,1889,1895,1904,1910,1919,1925,1934,1940,1949,1955,1964,1970
qt/gen_qtransposeproxymodel.go
  s_64fea63fed100b::t_cd23d435e36db7 17-21,612-616,642-646,674-678,708-712,744-748,797-801,846-850,891-895,938-942,972-976,1006-1010,1040-1044,1076-1080,1112-1116,1148-1152,1188-1192,1224-1228,1260-1264,1300-1304,1334-1338,1368-1372,1400-1404,1429-1433,1458-1462,1492-1496,1524-1528,1562-1566,1594-1598,1626-1630,1656-1660,1690-1694,1732-1736,1772-1776,1812-1816,1861-1865,1898-1902,1927-1931,1964-1968,2022-2026,2071-2075,2103-2107,2137-2141,2167-2171,2197-2201,2227-2231,2257-2261
qt/gen_qtreeview.cpp
  s_64fea63fed100b::t_dbaa9fa99b672c 1-2,61,168,172,178,185,189,197,204,208,214,221,225,238,245,249,256,263,267,277,284,288,295,302,306,311,318,322,327,334,338,359,366,370,375,382,386,392,399,403,410,417,421,431,438,442,452,459,463,471,478,482,486,493,497,501,508,512,522,529,533,540,547,551,555,569,573,579,586,590,596,603,607,619,626,630,642,649,653,659,666,670,676,683,687,693,700,704,710,717,721,727,734,738,744,751,755,760,767,771,776,783,787,791,798,802,807,814,818,824,831,835,842,849,853,864,871,875,886,893,897,902,909,913,919,926,930,935,942,946,951,958,962,968,975,979,985,992,996,1004,1011,1015,1021,1028,1032,1038,1045,1049,1059,1066,1070,1078,1085,1089,1096,1103,1107,1111,1118,1122,1127,1134,1138,1143,1150,1154,1160,1167,1171,1177,1184,1188,1194,1201,1205,1211,1218,1222,1228,1235,1239,1245,1252,1256,1262,1269,1273,1279,1286,1290,1294,1301,1305,1309,1316,1320,1326,1333,1337,1343,1350,1354,1360,1367,1371,1377,1384,1388,1392,1399,1403,1409,1416,1420,1425,1432,1436,1440,1447,1451,1455,1462,1466,1472,1479,1483,1489,1496,1500,1506,1513,1517,1523,1530,1534,1540,1547,1551,1557,1564,1568,1574,1581,1585,1591,1598,1602,1608,1615,1619,1631,1638,1642,1648,1655,1659,1665,1672,1676,1681,1688,1692,1696,1703,1707,1713,1720,1724,1730,1737,1741,1749,1756,1760,1768,2074-2077,2082,2089-2092,2097,2193,2199,2208,2214,2223,2229,2238,2244,2254,2260,2269,2275,2284,2290,2299,2305,2314,2320,2329,2335,2350,2356,2365,2371,2380,2386,2395,2401,2410,2416,2425,2431,2440,2446,2455,2461,2470,2476,2485,2491,2500,2506,2524,2530,2539,2545,2554,2560,2569,2575,2584,2590,2599,2605,2614,2620,2629,2635,2644,2650,2659,2665,2674,2680,2689,2695,2704,2710,2719,2725,2734,2740,2749,2755,2764,2770,2779,2785,2794,2800,2809,2815,2824,2830,2839,2845,2854,2860,2869,2875,2884,2890,2899,2905,2914,2920,2929,2935,2944,2950,2960,2966,2975,2981,2990,2996,3005,3011,3020,3026,3035,3041,3050,3056,3065,3071,3080,3086,3095,3101,3110,3116,3125,3131,3140,3146,3155,3161,3170,3176,3185,3191,3200,3206,3215,3221,3230,3236,3245,3251,3260,3266,3275,3281,3290,3296,3305,3311,3320,3326,3335,3341,3350,3356,3365,3371,3380,3386,3395,3401,3410,3416,3425,3431,3440,3446,3456,3462,3471,3477,3486,3492,3501,3507,3516,3522,3531,3537,3546,3552,3561,3567
qt/gen_qtreeview.go
  s_64fea63fed100b::t_d06cc8cc768b4f 17-21,327-330,349-352,932-936,962-966,992-996,1026-1030,1061-1065,1093-1097,1127-1131,1159-1163,1186-1190,1219-1223,1259-1263,1286-1290,1316-1320,1348-1352,1382-1386,1418-1422,1452-1456,1481-1485,1510-1514,1544-1548,1584-1588,1618-1622,1648-1652,1678-1682,1712-1716,1746-1750,1776-1780,1806-1810,1836-1840,1866-1870,1896-1900,1926-1930,1958-1962,1987-1991,2016-2020,2048-2052,2078-2082,2110-2114,2142-2146,2174-2178,2208-2212,2240-2244,2267-2271,2294-2298,2324-2328,2354-2358,2386-2390,2416-2420,2446-2450,2482-2486,2516-2520,2548-2552,2577-2581,2609-2613,2641-2645,2671-2675,2701-2705,2731-2735,2761-2765,2791-2795,2821-2825,2851-2855,2887-2891,2918-2922,2947-2951,2977-2981,3007-3011,3037-3041,3067-3071,3096-3100,3126-3130,3158-3162,3187-3191,3216-3220,3246-3250,3276-3280,3306-3310,3336-3340,3366-3370,3396-3400,3426-3430,3456-3460,3493-3497,3531-3535,3563-3567,3593-3597,3625-3629,3654-3658,3684-3688,3714-3718,3744-3748
qt/gen_qtreeview.h
  s_64fea63fed100b::t_c125cda4a6b615 171,173
qt/gen_qtreewidget.cpp
  s_64fea63fed100b::t_70d876188521b4 1-2,67,74,207,211,215,222,226,232,239,243,253,260,264,271,278,282,290,297,301,309,734,740,749,755,764,770,779,785,794,800,809,815,847,851,857,864,868,873,880,884,888,907,911,925,932,936,945,952,956,960,967,971,977,984,988,996,1003,1007,1020,1027,1031,1038,1045,1049,1059,1066,1070,1077,1084,1088,1093,1100,1104,1109,1116,1120,1141,1148,1152,1157,1164,1168,1174,1181,1185,1192,1199,1203,1213,1220,1224,1234,1241,1245,1253,1260,1264,1268,1275,1279,1283,1290,1294,1304,1311,1315,1322,1329,1333,1337,1351,1355,1361,1368,1372,1378,1385,1389,1401,1408,1412,1424,1431,1435,1441,1448,1452,1458,1465,1469,1475,1482,1486,1492,1499,1503,1509,1516,1520,1526,1533,1537,1542,1549,1553,1558,1565,1569,1573,1580,1584,1589,1596,1600,1606,1613,1617,1624,1631,1635,1646,1653,1657,1668,1675,1679,1684,1691,1695,1701,1708,1712,1717,1724,1728,1733,1740,1744,1750,1757,1761,1767,1774,1778,1786,1793,1797,1803,1810,1814,1820,1827,1831,1841,1848,1852,1860,1867,1871,1878,1885,1889,1893,1900,1904,1909,1916,1920,1926,1933,1937,1943,1950,1954,1960,1967,1971,1977,1984,1988,1994,2001,2005,2011,2018,2022,2028,2035,2039,2043,2050,2054,2058,2065,2069,2075,2082,2086,2092,2099,2103,2109,2116,2120,2126,2133,2137,2141,2148,2152,2158,2165,2169,2174,2181,2185,2189,2196,2200,2204,2211,2215,2221,2228,2232,2238,2245,2249,2255,2262,2266,2272,2279,2283,2289,2296,2300,2306,2313,2317,2323,2330,2334,2340,2347,2351,2357,2364,2368,2380,2387,2391,2397,2404,2408,2414,2421,2425,2430,2437,2441,2445,2452,2456,2462,2469,2473,2479,2486,2490,2498,2505,2509,2517,2849-2852,2856,2863-2866,2870,2877-2880,2884,2891-2894,2898,2905-2908,2912,2919-2922,2926,2933-2936,2939,2946-2949,2952,2959-2962,2966,2973-2976,2978,3060,3066,3075,3081,3090,3096,3121,3127,3142,3148,3157,3163,3173,3179,3188,3194,3203,3209,3219,3225,3234,3240,3249,3255,3264,3270,3279,3285,3294,3300,3315,3321,3330,3336,3345,3351,3360,3366,3375,3381,3390,3396,3405,3411,3420,3426,3435,3441,3450,3456,3465,3471,3489,3495,3504,3510,3519,3525,3534,3540,3549,3555,3564,3570,3579,3585,3594,3600,3609,3615,3624,3630,3639,3645,3654,3660,3669,3675,3684,3690,3699,3705,3714,3720,3729,3735,3744,3750,3759,3765,3774,3780,3789,3795,3804,3810,3819,3825,3834,3840,3849,3855,3864,3870,3879,3885,3894,3900,3909,3915,3925,3931,3940,3946,3955,3961,3970,3976,3985,3991,4000,4006,4015,4021,4030,4036,4045,4051,4060,4066,4075,4081,4090,4096,4105,4111,4120,4126,4135,4141,4150,4156,4165,4171,4180,4186,4195,4201,4210,4216,4225,4231,4240,4246,4255,4261,4270,4276,4285,4291,4300,4306,4315,4321,4330,4336,4345,4351,4360,4366,4375,4381,4391,4397,4406,4412,4421,4427,4436,4442,4451,4457,4466,4472,4481,4487,4496,4502
qt/gen_qtreewidget.go
  s_64fea63fed100b::t_5516c14723251e 32-36,559-563,590-594,624-628,658-662,690-694,720-724,758-762,1082-1085,1106-1109,1130-1133,1154-1157,1178-1181,1202-1205,1226-1229,1248-1251,1270-1273,1294-1297,1958-1962,1988-1992,2029-2033,2072-2076,2110-2114,2148-2152,2177-2181,2207-2211,2241-2245,2276-2280,2308-2312,2342-2346,2374-2378,2401-2405,2434-2438,2474-2478,2501-2505,2531-2535,2563-2567,2597-2601,2633-2637,2667-2671,2696-2700,2725-2729,2759-2763,2799-2803,2833-2837,2863-2867,2893-2897,2927-2931,2961-2965,2991-2995,3021-3025,3051-3055,3081-3085,3111-3115,3141-3145,3173-3177,3202-3206,3231-3235,3263-3267,3293-3297,3325-3329,3357-3361,3389-3393,3423-3427,3455-3459,3482-3486,3509-3513,3539-3543,3569-3573,3601-3605,3631-3635,3661-3665,3697-3701,3731-3735,3763-3767,3792-3796,3824-3828,3854-3858,3884-3888,3914-3918,3944-3948,3974-3978,4004-4008,4040-4044,4071-4075,4100-4104,4130-4134,4160-4164,4190-4194,4220-4224,4249-4253,4279-4283,4311-4315,4340-4344,4369-4373,4399-4403,4429-4433,4459-4463,4489-4493,4519-4523,4549-4553,4579-4583,4609-4613,4646-4650,4684-4688,4716-4720,4746-4750,4778-4782,4807-4811,4837-4841,4867-4871,4897-4901
qt/gen_qtreewidget.h
  s_64fea63fed100b::t_72497d1facaf50 277,279,281,283,285,287,289,291,293,295
qt/gen_qundogroup.cpp
  s_64fea63fed100b::t_ba3e64d171240c 1-2,23,51,55,60,67,71,77,84,88,94,101,105,111,118,122,128,135,139,147,154,158,166,304-307,310,317-320,323,330-333,336,343-346,349,356-359,362,370-373,383,391-394,404,462,468,477,483,492,498,507,513,522,528,537,543,552,558
qt/gen_qundogroup.go
  s_64fea63fed100b::t_a38783217bb087 17-21,169-172,191-194,213-216,235-238,257-260,283-286,312-315,458-462,490-494,524-528,554-558,584-588,614-618,644-648
qt/gen_qundogroup.h
  s_64fea63fed100b::t_68632cd218d243 61,63,65,67,69,71,73
qt/gen_qundostack.cpp
  s_64fea63fed100b::t_cd730acf64b820 1-2,22,27,56,60,65,72,76,81,88,92,96,103,107,112,198,204,213,219,228,234,243,249,270,274,279,286,290,296,303,307,313,320,324,330,337,341,347,354,358,366,373,377,385,566-569,572,579-582,585,592-595,598,605-608,611,619-622,632,640-643,653,715,721,730,736,745,751,760,766,775,781,790,796,805,811
qt/gen_qundostack.go
  s_64fea63fed100b::t_2224f0f492787b 17-21,146-150,173-177,200-204,229-233,269-273,466-469,488-491,510-513,532-535,558-561,587-590,737-741,769-773,803-807,833-837,863-867,893-897,923-927
qt/gen_qundostack.h
  s_64fea63fed100b::t_081e9fbac5ff8a 99,101,103,105,107,109
qt/gen_qundoview.cpp
  s_64fea63fed100b::t_5a5e774b4d5f7f 1-2,64,171,175,182,189,193,203,210,214,221,228,232,237,244,248,253,260,264,272,279,283,288,295,299,306,313,317,338,345,349,359,366,370,380,387,391,397,404,408,414,421,425,431,438,442,448,455,459,465,472,476,482,489,493,499,506,510,516,523,527,534,541,545,549,556,560,566,573,577,581,588,592,596,603,607,615,622,626,636,643,647,654,661,665,669,683,687,692,699,703,710,717,721,732,739,743,754,761,765,769,776,780,786,793,797,803,810,814,827,834,838,843,850,854,859,866,870,876,883,887,892,899,903,908,915,919,924,931,935,941,948,952,958,965,969,975,982,986,992,999,1003,1011,1018,1022,1028,1035,1039,1045,1052,1056,1066,1073,1077,1085,1092,1096,1101,1108,1112,1117,1124,1128,1134,1141,1145,1151,1158,1162,1168,1175,1179,1185,1192,1196,1202,1209,1213,1219,1226,1230,1236,1243,1247,1253,1260,1264,1268,1275,1279,1283,1290,1294,1300,1307,1311,1317,1324,1328,1334,1341,1345,1349,1356,1360,1366,1373,1377,1382,1389,1393,1397,1404,1408,1412,1419,1423,1429,1436,1440,1446,1453,1457,1463,1470,1474,1480,1487,1491,1497,1504,1508,1514,1521,1525,1531,1538,1542,1548,1555,1559,1565,1572,1576,1588,1595,1599,1605,1612,1616,1622,1629,1633,1638,1645,1649,1653,1660,1664,1670,1677,1681,1687,1694,1698,1706,1713,1717,1725,1909,1915,1924,1930,1939,1945,1954,1960,1969,1975,1984,1990,1999,2005,2014,2020,2029,2035,2050,2056,2065,2071,2080,2086,2095,2101,2110,2116,2125,2131,2140,2146,2155,2161,2170,2176,2185,2191,2200,2206,2215,2221,2230,2236,2245,2251,2260,2266,2275,2281,2290,2296,2305,2311,2320,2326,2344,2350,2359,2365,2374,2380,2389,2395,2404,2410,2419,2425,2434,2440,2449,2455,2465,2471,2480,2486,2495,2501,2510,2516,2525,2531,2540,2546,2555,2561,2570,2576,2585,2591,2600,2606,2615,2621,2630,2636,2645,2651,2660,2666,2675,2681,2691,2697,2706,2712,2721,2727,2736,2742,2751,2757,2766,2772,2781,2787,2796,2802,2811,2817,2826,2832,2841,2847,2856,2862,2871,2877,2886,2892,2901,2907,2916,2922,2931,2937,2946,2952,2961,2967,2976,2982,2991,2997,3006,3012,3021,3027,3036,3042,3051,3057,3066,3072,3081,3087,3096,3102,3111,3117,3126,3132,3142,3148,3157,3163,3172,3178,3187,3193,3202,3208,3217,3223,3232,3238,3247,3253
qt/gen_qundoview.go
  s_64fea63fed100b::t_4708d572a53dbd 17-21,637-641,669-673,703-707,735-739,762-766,789-793,819-823,851-855,889-893,929-933,963-967,997-1001,1027-1031,1057-1061,1087-1091,1117-1121,1147-1151,1177-1181,1207-1211,1237-1241,1269-1273,1298-1302,1328-1332,1357-1361,1388-1392,1422-1426,1456-1460,1496-1500,1530-1534,1557-1561,1589-1593,1621-1625,1655-1659,1684-1688,1714-1718,1748-1752,1781-1785,1813-1817,1847-1851,1879-1883,1906-1910,1933-1937,1960-1964,1990-1994,2020-2024,2050-2054,2080-2084,2112-2116,2142-2146,2172-2176,2208-2212,2242-2246,2274-2278,2306-2310,2336-2340,2366-2370,2396-2400,2426-2430,2456-2460,2486-2490,2516-2520,2552-2556,2583-2587,2612-2616,2642-2646,2672-2676,2702-2706,2731-2735,2761-2765,2793-2797,2822-2826,2851-2855,2881-2885,2911-2915,2941-2945,2971-2975,3001-3005,3031-3035,3061-3065,3091-3095,3128-3132,3166-3170,3198-3202,3228-3232,3260-3264,3289-3293,3319-3323,3349-3353,3379-3383
qt/gen_qvalidator.cpp
  s_64fea63fed100b::t_075c2f6955b517 1-2,27,38,51,66,77,101,105,118,123,127,140,147,151,156,163,167,173,180,184,190,197,201,207,214,218,224,231,235,243,250,254,262,340-343,345,393,399,404,410,420,426,435,441,450,456,465,471,480,486,495,501,510,516,583,587,600,607,611,624,631,635,642,649,653,658,665,669,675,682,686,692,699,703,709,716,720,726,733,737,745,752,756,764,862-865,868,875-878,881,929,935,946,952,962,968,977,983,992,998,1007,1013,1022,1028,1037,1043,1052,1058,1067,1073,1140,1144,1157,1164,1168,1176,1183,1187,1200,1207,1211,1216,1223,1227,1233,1240,1244,1250,1257,1261,1267,1274,1278,1284,1291,1295,1303,1310,1314,1322,1432-1435,1438,1445-1448,1451,1458-1461,1464,1471-1474,1478,1526,1532,1543,1549,1558,1564,1574,1580,1589,1595,1604,1610,1619,1625,1634,1640,1649,1655,1664,1670,1737,1741,1754,1761,1765,1778,1785,1789,1794,1801,1805,1811,1818,1822,1828,1835,1839,1845,1852,1856,1862,1869,1873,1881,1888,1892,1900,1983-1986,1991,2039,2045,2056,2062,2072,2078,2087,2093,2102,2108,2117,2123,2132,2138,2147,2153,2162,2168,2235,2239,2252,2259,2263,2276,2283,2287,2292,2299,2303,2309,2316,2320,2326,2333,2337,2343,2350,2354,2360,2367,2371,2379,2386,2390,2398,2479-2482,2487,2535,2541,2552,2558,2568,2574,2583,2589,2598,2604,2613,2619,2628,2634,2643,2649,2658,2664
qt/gen_qvalidator.go
  s_64fea63fed100b::t_e870174f013dec 32-36,142-145,260-264,300-304,333-337,365-369,399-403,429-433,459-463,489-493,519-523,557-561,689-692,711-714,842-846,882-886,915-919,947-951,979-983,1013-1017,1043-1047,1073-1077,1103-1107,1133-1137,1171-1175,1311-1314,1333-1336,1355-1358,1377-1380,1508-1512,1544-1548,1582-1586,1615-1619,1647-1651,1681-1685,1711-1715,1741-1745,1771-1775,1801-1805,1839-1843,1951-1954,2082-2086,2122-2126,2155-2159,2187-2191,2221-2225,2251-2255,2281-2285,2311-2315,2341-2345,2379-2383,2493-2496,2624-2628,2664-2668,2697-2701,2729-2733,2763-2767,2793-2797,2823-2827,2853-2857,2883-2887
qt/gen_qvalidator.h
  s_64fea63fed100b::t_377f825e9e7816 61,110,112,166,168,170,172,219,264
qt/gen_qvariantanimation.cpp
  s_64fea63fed100b::t_fcbbca1ad9ef6d 1-2,25,53,57,61,68,72,77,84,88,94,101,105,114,121,125,133,140,144,156,163,167,174,181,185,191,198,202,208,215,219,225,232,236,242,249,253,261,268,272,280,421-424,429,477,483,492,498,507,513,522,528,537,543,552,558,567,573,582,588,597,603,612,618,627,633,642,648,657,663
qt/gen_qvariantanimation.go
  s_64fea63fed100b::t_58f5583d5b8de1 17-21,207-210,334-338,363-367,395-399,425-429,457-461,489-493,525-529,555-559,589-593,619-623,649-653,679-683,709-713
qt/gen_qvariantanimation.h
  s_64fea63fed100b::t_2426623504b7f8 62
qt/gen_qwidget.cpp
  s_64fea63fed100b::t_634ee368d761aa 1-2,68,134,138,142,149,153,159,166,170,174,181,185,189,196,200,205,212,216,220,227,231,235,242,246,251,258,262,268,275,279,285,292,296,302,309,313,319,326,330,336,343,347,353,360,364,370,377,381,387,394,398,404,411,415,421,428,432,438,445,449,455,462,466,472,479,483,489,496,500,506,513,517,523,530,534,540,547,551,557,564,568,574,581,585,591,598,602,608,615,619,625,632,636,642,649,653,659,666,670,682,689,693,699,706,710,716,723,727,733,740,744,749,756,760,764,771,775,781,788,792,798,805,809,814,821,825,831,838,842,848,855,859,865,872,876,882,889,893,901,908,912,920,2097-2100,2110,2117-2120,2125,2133-2136,2146,2153-2156,2161,2282,2288,2297,2303,2312,2318,2327,2333,2342,2348,2357,2363,2372,2378,2387,2393,2402,2408,2417,2423,2432,2438,2447,2453,2462,2468,2477,2483,2492,2498,2507,2513,2522,2528,2537,2543,2552,2558,2567,2573,2582,2588,2597,2603,2612,2618,2627,2633,2642,2648,2657,2663,2672,2678,2687,2693,2702,2708,2717,2723,2732,2738,2747,2753,2762,2768,2778,2784,2793,2799,2808,2814,2823,2829,2838,2844,2853,2859,2868,2874,2883,2889,2898,2904,2913,2919,2928,2934,2943,2949,2958,2964,2973,2979
qt/gen_qwidget.go
  s_64fea63fed100b::t_e562260908665d 25-29,1258-1261,1283-1286,1309-1312,1334-1337,1661-1665,1690-1694,1722-1726,1753-1757,1782-1786,1814-1818,1843-1847,1872-1876,1904-1908,1934-1938,1964-1968,1994-1998,2024-2028,2054-2058,2084-2088,2114-2118,2144-2148,2174-2178,2204-2208,2234-2238,2264-2268,2294-2298,2324-2328,2354-2358,2384-2388,2414-2418,2444-2448,2474-2478,2504-2508,2534-2538,2564-2568,2594-2598,2631-2635,2669-2673,2699-2703,2731-2735,2761-2765,2793-2797,2822-2826,2854-2858,2886-2890,2918-2922,2952-2956,2982-2986,3012-3016,3042-3046,3072-3076
qt/gen_qwidget.h
  s_64fea63fed100b::t_7313d98db994f1 380,382,384,386
qt/gen_qwidgetaction.cpp
  s_64fea63fed100b::t_3fdc5ef0867ace 1-2,23,45,49,54,61,65,71,78,82,87,94,98,104,111,115,121,128,132,138,145,149,155,162,166,174,181,185,193,306,312,321,327,336,342,351,357,366,372,381,387,396,402,411,417,426,432
qt/gen_qwidgetaction.go
  s_64fea63fed100b::t_dd394bb870e5b6 17-21,236-240,268-272,302-306,334-338,364-368,394-398,424-428,454-458,484-488
qt/gen_qwindow.cpp
  s_64fea63fed100b::t_71b5c60f1829e4 1-2,43,106,110,114,121,125,129,136,140,144,151,155,159,166,170,174,181,185,191,198,202,208,215,219,225,232,236,242,249,253,259,266,270,276,283,287,293,300,304,309,316,320,326,333,337,343,350,354,360,367,371,377,384,388,394,401,405,411,418,422,428,435,439,445,452,456,462,469,473,485,492,496,502,509,513,519,526,530,536,543,547,553,560,564,572,579,583,591,1114-1117,1120,1127-1130,1134,1141-1144,1148,1156-1159,1169,1176-1179,1182,1189-1192,1195,1202-1205,1208,1215-1218,1221,1228-1231,1234,1241-1244,1247,1254-1257,1260,1267-1270,1273,1280-1283,1286,1293-1296,1300,1307-1310,1312,1319-1322,1326,1333-1336,1339,1346-1349,1353,1360-1363,1366,1422,1428,1438,1444,1453,1459,1468,1474,1483,1489,1498,1504,1513,1519,1528,1534,1543,1549,1558,1564,1573,1579,1588,1594,1603,1609,1618,1624,1633,1639,1648,1654,1663,1669,1678,1684,1693,1699,1708,1714,1723,1729,1738,1744,1753,1759,1769,1775,1784,1790,1799,1805,1814,1820,1829,1835,1844,1850
qt/gen_qwindow.go
  s_64fea63fed100b::t_b7f140f554dc4b 35-39,608-611,630-633,652-655,678-681,703-706,725-728,747-750,769-772,791-794,813-816,835-838,857-860,879-882,901-904,923-926,942-945,964-967,986-989,1008-1011,1143-1147,1174-1178,1205-1209,1234-1238,1263-1267,1292-1296,1322-1326,1352-1356,1382-1386,1412-1416,1442-1446,1472-1476,1502-1506,1534-1538,1564-1568,1594-1598,1624-1628,1654-1658,1684-1688,1714-1718,1744-1748,1774-1778,1811-1815,1849-1853,1883-1887,1913-1917,1943-1947,1973-1977,2003-2007
qt/gen_qwindow.h
  s_64fea63fed100b::t_edebcf3b66f9ab 196,198,200,202,204,206,208,210,212,214,216,218,220,222,224,226,228,230,232
qt/gen_qwizard.cpp
  s_64fea63fed100b::t_974cd4db760f8b 1-2,51,113,181,185,189,196,200,204,211,215,221,228,232,236,243,247,252,259,263,269,276,280,286,293,297,303,310,314,320,327,331,337,344,348,352,359,363,368,375,379,383,390,394,399,406,410,415,422,426,432,439,443,449,456,460,466,473,477,483,490,494,500,507,511,515,522,526,531,538,542,546,553,557,561,568,572,578,585,589,595,602,606,612,619,623,629,636,640,646,653,657,663,670,674,680,687,691,697,704,708,714,721,725,731,738,742,748,755,759,765,772,776,782,789,793,799,806,810,816,823,827,833,840,844,850,857,861,867,874,878,890,897,901,907,914,918,924,931,935,941,948,952,957,964,968,972,979,983,989,996,1000,1006,1013,1017,1022,1029,1033,1039,1046,1050,1056,1063,1067,1073,1080,1084,1092,1099,1103,1111,1379-1382,1385,1392-1395,1397,1404-1407,1410,1417-1420,1423,1430-1433,1436,1500,1506,1515,1521,1530,1536,1545,1551,1560,1566,1575,1581,1590,1596,1605,1611,1620,1626,1635,1641,1650,1656,1665,1671,1680,1686,1695,1701,1710,1716,1725,1731,1740,1746,1755,1761,1770,1776,1785,1791,1800,1806,1815,1821,1830,1836,1845,1851,1860,1866,1875,1881,1890,1896,1905,1911,1920,1926,1935,1941,1950,1956,1965,1971,1980,1986,1995,2001,2010,2016,2025,2031,2040,2046,2055,2061,2070,2076,2085,2091,2100,2106,2115,2121,2130,2136,2146,2152,2161,2167,2176,2182,2191,2197,2206,2212,2221,2227,2236,2242,2251,2257,2266,2272,2281,2287,2296,2302,2311,2317,2326,2332,2463,2467,2472,2479,2483,2488,2495,2499,2503,2510,2514,2518,2525,2529,2533,2540,2544,2548,2555,2559,2565,2572,2576,2580,2587,2591,2595,2602,2606,2611,2618,2622,2626,2633,2637,2641,2648,2652,2657,2664,2668,2674,2681,2685,2691,2698,2702,2708,2715,2719,2725,2732,2736,2742,2749,2753,2759,2766,2770,2776,2783,2787,2793,2800,2804,2810,2817,2821,2827,2834,2838,2844,2851,2855,2861,2868,2872,2878,2885,2889,2895,2902,2906,2912,2919,2923,2929,2936,2940,2946,2953,2957,2963,2970,2974,2980,2987,2991,2997,3004,3008,3014,3021,3025,3031,3038,3042,3048,3055,3059,3065,3072,3076,3088,3095,3099,3105,3112,3116,3122,3129,3133,3139,3146,3150,3155,3162,3166,3170,3177,3181,3187,3194,3198,3204,3211,3215,3220,3227,3231,3237,3244,3248,3254,3261,3265,3271,3278,3282,3288,3295,3299,3307,3314,3318,3326,3488-3491,3493,3541,3547,3556,3562,3571,3577,3586,3592,3601,3607,3616,3622,3631,3637,3646,3652,3661,3667,3676,3682,3691,3697,3706,3712,3721,3727,3736,3742,3751,3757,3766,3772,3781,3787,3796,3802,3811,3817,3826,3832,3841,3847,3856,3862,3871,3877,3886,3892,3901,3907,3916,3922,3931,3937,3946,3952,3961,3967,3976,3982,3991,3997,4006,4012,4021,4027,4036,4042,4051,4057,4066,4072,4081,4087,4096,4102,4112,4118,4127,4133,4142,4148,4157,4163,4172,4178,4187,4193,4202,4208,4217,4223,4232,4238,4247,4253,4262,4268,4277,4283,4292,4298,4307,4313
qt/gen_qwizard.go
  s_64fea63fed100b::t_71cede2e08f146 77-81,370-373,392-395,411-414,433-436,455-458,674-678,703-707,732-736,764-768,793-797,825-829,855-859,885-889,915-919,945-949,977-981,1006-1010,1033-1037,1062-1066,1089-1093,1116-1120,1146-1150,1176-1180,1206-1210,1236-1240,1270-1274,1299-1303,1331-1335,1360-1364,1389-1393,1419-1423,1449-1453,1479-1483,1509-1513,1539-1543,1569-1573,1599-1603,1629-1633,1659-1663,1689-1693,1719-1723,1749-1753,1779-1783,1809-1813,1839-1843,1869-1873,1899-1903,1936-1940,1974-1978,2004-2008,2036-2040,2066-2070,2098-2102,2127-2131,2159-2163,2191-2195,2223-2227,2253-2257,2283-2287,2313-2317,2343-2347,2381-2385,2556-2559,2848-2852,2875-2879,2902-2906,2931-2935,2960-2964,2989-2993,3018-3022,3050-3054,3081-3085,3110-3114,3142-3146,3171-3175,3200-3204,3232-3236,3262-3266,3292-3296,3322-3326,3352-3356,3382-3386,3412-3416,3442-3446,3472-3476,3502-3506,3532-3536,3562-3566,3592-3596,3622-3626,3652-3656,3682-3686,3712-3716,3742-3746,3772-3776,3802-3806,3832-3836,3862-3866,3892-3896,3922-3926,3959-3963,3997-4001,4027-4031,4059-4063,4089-4093,4121-4125,4150-4154,4182-4186,4214-4218,4246-4250,4280-4284,4310-4314,4340-4344,4370-4374,4400-4404
qt/gen_qwizard.h
  s_64fea63fed100b::t_d99e8bdcd52fb3 140,142,144,146,148,315
qt/gen_qxmlstream.cpp
  s_64fea63fed100b::t_d556b74de3b099 1-2,25,207,211,231,240,244,256,296,302,320,326
qt/gen_qxmlstream.go
  s_64fea63fed100b::t_80112234610127 476-480,561-565,609-613
qt/multimedia/gen_qabstractvideobuffer.cpp
  s_64fea63fed100b::t_a8a722daa180a3 1-2,13,31,35,40,47,51,55,60,64,72,77,81,85,90,94,98,138,144,153,159,164,170,175,181,186,192
qt/multimedia/gen_qabstractvideobuffer.go
  s_64fea63fed100b::t_b43013eadc0934 40-44,115-119,136-140,159-163,189-193,218-222
qt/multimedia/gen_qabstractvideofilter.cpp
  s_64fea63fed100b::t_82a0f82f4c5d69 1-2,23,58,62,66,71,75,80,87,91,97,104,108,114,121,125,131,138,142,148,155,159,167,174,178,186,257-260,262,310,316,321,327,336,342,351,357,366,372,381,387,396,402,411,417
qt/multimedia/gen_qabstractvideofilter.go
  s_64fea63fed100b::t_0c0f6d7c4e2cf0 80-84,176-179,294-298,323-327,355-359,389-393,419-423,449-453,479-483,509-513
qt/multimedia/gen_qabstractvideofilter.h
  s_64fea63fed100b::t_c8564a0350c37a 57
qt/multimedia/gen_qabstractvideosurface.cpp
  s_64fea63fed100b::t_950d86a9588849 1-2,24,55,59,65,77,81,88,95,99,106,113,117,124,131,135,140,147,151,158,163,167,172,179,183,189,196,200,206,213,217,223,230,234,240,247,251,259,266,270,278,390-393,396,403-406,411,418-421,423,430-433,438,486,492,497,503,512,518,527,533,542,548,557,563,568,574,583,589,598,604,613,619,628,634,643,649,658,664
qt/multimedia/gen_qabstractvideosurface.go
  s_64fea63fed100b::t_db83fb529e1769 28-32,164-167,186-189,208-211,227-230,372-376,409-413,443-447,475-479,507-511,528-532,560-564,592-596,626-630,656-660,686-690,716-720,746-750
qt/multimedia/gen_qabstractvideosurface.h
  s_64fea63fed100b::t_3efc2fce6b15d7 59,61,63,65
qt/multimedia/gen_qaudiodecoder.cpp
  s_64fea63fed100b::t_2267159c9c1efd 1-2,27,62,66,71,78,82,88,95,99,103,110,114,118,125,129,133,140,144,149,156,160,166,173,177,183,190,194,200,207,211,217,224,228,236,243,247,255,401-404,407,414-417,419,426-429,431,438-441,445,452-455,460,467-470,474,481-484,486,493-496,500,507-510,514,583,589,598,604,613,619,628,634,644,650,659,665,674,680,689,695,704,710,719,725,734,740,749,755
qt/multimedia/gen_qaudiodecoder.go
  s_64fea63fed100b::t_99a517e8cedba5 35-39,201-204,223-226,242-245,261-264,283-286,305-308,327-330,346-349,368-371,559-563,591-595,621-625,650-654,679-683,708-712,740-744,774-778,804-808,834-838,864-868,894-898
qt/multimedia/gen_qaudiodecoder.h
  s_64fea63fed100b::t_1b18c7b05b24cc 69,71,73,75,77,79,81,83,85
qt/multimedia/gen_qaudiodecodercontrol.cpp
  s_64fea63fed100b::t_fa223d04d8a24d 1-2,21,136-139,143,150-153,158,165-168,170,178-181,192,199-202,204,211-214,217,224-227,229,236-239,243,250-253,257
qt/multimedia/gen_qaudiodecodercontrol.go
  s_64fea63fed100b::t_3f12ef9c0abfac 18-22,153-156,175-178,197-200,220-223,247-250,266-269,288-291,307-310,329-332
qt/multimedia/gen_qaudiodecodercontrol.h
  s_64fea63fed100b::t_1d3d60bf8aa6fe 56,58,60,62,64,66,68,70,72
qt/multimedia/gen_qaudioinput.cpp
  s_64fea63fed100b::t_a763f9eb0ef4d5 1-2,23,50,54,59,66,70,76,83,87,93,100,104,110,117,121,127,134,138,146,153,157,165,321-324,328,335-338,340,388,394,403,409,418,424,433,439,448,454,463,469,478,484
qt/multimedia/gen_qaudioinput.go
  s_64fea63fed100b::t_838d333f66b779 18-22,204-207,226-229,350-354,382-386,416-420,446-450,476-480,506-510,536-540
qt/multimedia/gen_qaudioinput.h
  s_64fea63fed100b::t_e1d6a3f5137bb5 72,74
qt/multimedia/gen_qaudioinputselectorcontrol.cpp
  s_64fea63fed100b::t_7419bfb301c8d1 1-2,19,124-127,137,144-147,149
qt/multimedia/gen_qaudioinputselectorcontrol.go
  s_64fea63fed100b::t_7e42ed4a6732fd 18-22,140-143,165-168
qt/multimedia/gen_qaudioinputselectorcontrol.h
  s_64fea63fed100b::t_c788429eb4fcbf 42,44
qt/multimedia/gen_qaudiooutput.cpp
  s_64fea63fed100b::t_179cb3736688aa 1-2,23,50,54,59,66,70,76,83,87,93,100,104,110,117,121,127,134,138,146,153,157,165,337-340,344,351-354,356,404,410,419,425,434,440,449,455,464,470,479,485,494,500
qt/multimedia/gen_qaudiooutput.go
  s_64fea63fed100b::t_bd0635fd70aa19 18-22,219-222,241-244,365-369,397-401,431-435,461-465,491-495,521-525,551-555
qt/multimedia/gen_qaudiooutput.h
  s_64fea63fed100b::t_1ed0d14c951a37 74,76
qt/multimedia/gen_qaudiooutputselectorcontrol.cpp
  s_64fea63fed100b::t_0477996e256f8c 1-2,19,124-127,137,144-147,149
qt/multimedia/gen_qaudiooutputselectorcontrol.go
  s_64fea63fed100b::t_fb030ebba54db5 18-22,140-143,165-168
qt/multimedia/gen_qaudiooutputselectorcontrol.h
  s_64fea63fed100b::t_e12f8809a620ce 42,44
qt/multimedia/gen_qaudioprobe.cpp
  s_64fea63fed100b::t_61fc9ae9b43ed5 1-2,23,46,50,55,62,66,72,79,83,89,96,100,106,113,117,123,130,134,142,149,153,161,232-235,240,247-250,252,300,306,315,321,330,336,345,351,360,366,375,381,390,396
qt/multimedia/gen_qaudioprobe.go
  s_64fea63fed100b::t_b2aa1959dc1e33 18-22,114-117,136-139,260-264,292-296,326-330,356-360,386-390,416-420,446-450
qt/multimedia/gen_qaudioprobe.h
  s_64fea63fed100b::t_7a9886d29512b4 52,54
qt/multimedia/gen_qaudiorecorder.cpp
  s_64fea63fed100b::t_2317558d3f5e0e 1-2,24,49,53,57,64,68,73,80,84,89,96,100,106,113,117,123,130,134,140,147,151,157,164,168,176,183,187,195,314-317,327,334-337,339,387,393,402,408,417,423,432,438,447,453,462,468,477,483,492,498,507,513
qt/multimedia/gen_qaudiorecorder.go
  s_64fea63fed100b::t_2fcb0860ce5691 18-22,152-155,177-180,301-305,330-334,362-366,394-398,428-432,458-462,488-492,518-522,548-552
qt/multimedia/gen_qaudiorecorder.h
  s_64fea63fed100b::t_6a94b4acd48e66 54,56
qt/multimedia/gen_qaudiorolecontrol.cpp
  s_64fea63fed100b::t_c74ac648601083 1-2,19,86-89,93
qt/multimedia/gen_qaudiorolecontrol.go
  s_64fea63fed100b::t_ae277b21da30d4 18-22,108-111
qt/multimedia/gen_qaudiorolecontrol.h
  s_64fea63fed100b::t_5aa662b7178b7f 40
qt/multimedia/gen_qaudiosystem.cpp
  s_64fea63fed100b::t_c47ef4dd281070 1-2,22,26,361-364,368,375-378,382,389-392,394,568-571,575,582-585,589,596-599,601
qt/multimedia/gen_qaudiosystem.go
  s_64fea63fed100b::t_d0cba2f6a03fee 220-224,389-392,411-414,433-436,507-511,661-664,683-686,705-708
qt/multimedia/gen_qaudiosystem.h
  s_64fea63fed100b::t_76c247425a179a 86,88,90,124,126,128
qt/multimedia/gen_qaudiosystemplugin.cpp
  s_64fea63fed100b::t_0254cc36904c33 1-2,26,92,96,102,119,123,133,138,142,152,157,161,173,178,182,187,194,198,204,211,215,221,228,232,238,245,249,255,262,266,274,281,285,293,427,433,438,444,449,455,460,466,471,477,486,492,501,507,516,522,531,537,546,552,561,567
qt/multimedia/gen_qaudiosystemplugin.go
  s_64fea63fed100b::t_5b20c972967669 114-118,346-350,384-388,413-417,442-446,478-482,510-514,544-548,574-578,604-608,634-638,664-668
qt/multimedia/gen_qcamera.cpp
  s_64fea63fed100b::t_658746371508f3 1-2,34,75,79,83,90,94,98,105,109,113,120,124,129,136,140,146,153,157,162,169,173,179,186,190,196,203,207,213,220,224,230,237,241,249,256,260,268,566-569,573,580-583,587,594-597,601,608-611,613,620-623,625,632-635,641,648-651,659,666-669,673,680-683,687,788,794,804,810,819,825,834,840,849,855,864,870,879,885,894,900,909,915,924,930,939,945,954,960
qt/multimedia/gen_qcamera.go
  s_64fea63fed100b::t_c8d0a93d218465 93-97,417-420,439-442,461-464,483-486,502-505,521-524,545-548,571-574,593-596,804-808,833-837,862-866,891-895,923-927,953-957,985-989,1019-1023,1049-1053,1079-1083,1109-1113,1139-1143
qt/multimedia/gen_qcamera.h
  s_64fea63fed100b::t_aeb77812104194 111,113,115,117,119,121,123,125,127
qt/multimedia/gen_qcameracapturebufferformatcontrol.cpp
  s_64fea63fed100b::t_891a57ff1b5c70 1-2,19,86-89,93
qt/multimedia/gen_qcameracapturebufferformatcontrol.go
  s_64fea63fed100b::t_2a00b885199cc4 18-22,108-111
qt/multimedia/gen_qcameracapturebufferformatcontrol.h
  s_64fea63fed100b::t_67d0402ef33415 40
qt/multimedia/gen_qcameracapturedestinationcontrol.cpp
  s_64fea63fed100b::t_aefbf983260ba6 1-2,18,75-78,82
qt/multimedia/gen_qcameracapturedestinationcontrol.go
  s_64fea63fed100b::t_7c9c2ecb1bc18d 18-22,102-105
qt/multimedia/gen_qcameracapturedestinationcontrol.h
  s_64fea63fed100b::t_6247129aade2a2 40
qt/multimedia/gen_qcameracontrol.cpp
  s_64fea63fed100b::t_0e9f854ed2f5b9 1-2,18,96-99,103,110-113,117,125-128,139,146-149,153
qt/multimedia/gen_qcameracontrol.go
  s_64fea63fed100b::t_6ee3c782e0d951 28-32,128-131,150-153,176-179,203-206
qt/multimedia/gen_qcameracontrol.h
  s_64fea63fed100b::t_3ca2e246b31a6a 44,46,48,50
qt/multimedia/gen_qcameraexposure.cpp
  s_64fea63fed100b::t_d47aedf4f6b10e 1-2,19,224-227,230,237-240,244,251-254,256,263-266,270,277-280,282,289-292,295,302-305,309
qt/multimedia/gen_qcameraexposure.go
  s_64fea63fed100b::t_5511a79ee35d29 67-71,279-282,301-304,323-326,342-345,364-367,383-386,405-408
qt/multimedia/gen_qcameraexposure.h
  s_64fea63fed100b::t_79ee8ce98b6db8 67,69,71,73,75,77,79
qt/multimedia/gen_qcameraexposurecontrol.cpp
  s_64fea63fed100b::t_a133695347fe99 1-2,20,95-98,101,108-111,114,121-124,127
qt/multimedia/gen_qcameraexposurecontrol.go
  s_64fea63fed100b::t_d990a6d1d972a3 34-38,138-141,160-163,182-185
qt/multimedia/gen_qcameraexposurecontrol.h
  s_64fea63fed100b::t_f1292cc8983dc1 44,46,48
qt/multimedia/gen_qcameraflashcontrol.cpp
  s_64fea63fed100b::t_47d8767f888cb3 1-2,18,79-82,85
qt/multimedia/gen_qcameraflashcontrol.go
  s_64fea63fed100b::t_8eabb3a7627047 18-22,106-109
qt/multimedia/gen_qcameraflashcontrol.h
  s_64fea63fed100b::t_24612590dc2a08 41
qt/multimedia/gen_qcamerafocus.cpp
  s_64fea63fed100b::t_72a8a7d89d3e6a 1-2,21,193-196,200,207-210,214,221-224,226,233-236,240,247-250,254
qt/multimedia/gen_qcamerafocus.go
  s_64fea63fed100b::t_10266339a6f0aa 147-151,289-292,311-314,333-336,352-355,374-377
qt/multimedia/gen_qcamerafocus.h
  s_64fea63fed100b::t_e8b420387e07f6 70,72,74,76,78
qt/multimedia/gen_qcamerafocuscontrol.cpp
  s_64fea63fed100b::t_77ab004901d318 1-2,21,115-118,122,129-132,136,143-146,151,158-161,163
qt/multimedia/gen_qcamerafocuscontrol.go
  s_64fea63fed100b::t_2fed50400ae517 18-22,136-139,158-161,180-183,202-205
qt/multimedia/gen_qcamerafocuscontrol.h
  s_64fea63fed100b::t_c6b8784cda8e9a 50,52,54,56
qt/multimedia/gen_qcameraimagecapture.cpp
  s_64fea63fed100b::t_81407b240afb91 1-2,28,60,64,68,75,79,84,91,95,100,107,111,117,124,128,134,141,145,151,158,162,168,175,179,187,194,198,206,397-400,413,420-423,426,433-436,440,447-450,454,461-464,467,474-477,483,491-494,508,515-518,524,532-535,546,625,631,640,646,655,661,670,676,685,691,700,706,715,721,730,736,745,751
qt/multimedia/gen_qcameraimagecapture.go
  s_64fea63fed100b::t_07ec5401a6c655 42-46,244-247,273-276,295-298,317-320,339-342,361-364,389-392,417-420,445-448,609-613,638-642,670-674,702-706,736-740,766-770,796-800,826-830,856-860
qt/multimedia/gen_qcameraimagecapture.h
  s_64fea63fed100b::t_a7ce885cc56f5d 76,78,80,82,84,86,88,90,92
qt/multimedia/gen_qcameraimagecapturecontrol.cpp
  s_64fea63fed100b::t_7b86fb63d825f7 1-2,21,93-96,99,106-109,112,119-122,128,136-139,153,160-163,169,177-180,191,199-202,214
qt/multimedia/gen_qcameraimagecapturecontrol.go
  s_64fea63fed100b::t_93506a29002bd2 18-22,114-117,136-139,158-161,186-189,214-217,242-245,273-276
qt/multimedia/gen_qcameraimagecapturecontrol.h
  s_64fea63fed100b::t_ede488a824c9e3 48,50,52,54,56,58,60
qt/multimedia/gen_qcameralockscontrol.cpp
  s_64fea63fed100b::t_7fec63160362c5 1-2,18,80-83,91
qt/multimedia/gen_qcameralockscontrol.go
  s_64fea63fed100b::t_9c3f1b3d457f9f 18-22,106-109
qt/multimedia/gen_qcameralockscontrol.h
  s_64fea63fed100b::t_1e3a506fb93330 41
qt/multimedia/gen_qcameraviewfinder.cpp
  s_64fea63fed100b::t_0942c27fce6440 1-2,49,112,116,120,127,131,136,143,147,151,158,162,167,174,178,184,191,195,201,208,212,218,225,229,235,242,246,252,259,263,267,274,278,284,291,295,299,306,310,315,322,326,330,337,341,345,352,356,362,369,373,379,386,390,396,403,407,413,420,424,430,437,441,447,454,458,464,471,475,481,488,492,498,505,509,515,522,526,532,539,543,549,556,560,566,573,577,583,590,594,600,607,611,617,624,628,634,641,645,651,658,662,668,675,679,691,698,702,708,715,719,725,732,736,742,749,753,758,765,769,773,780,784,790,797,801,807,814,818,823,830,834,840,847,851,857,864,868,874,881,885,891,898,902,910,917,921,929,1038,1044,1053,1059,1068,1074,1083,1089,1098,1104,1113,1119,1128,1134,1143,1149,1158,1164,1173,1179,1188,1194,1203,1209,1218,1224,1233,1239,1248,1254,1263,1269,1278,1284,1293,1299,1308,1314,1323,1329,1338,1344,1353,1359,1368,1374,1383,1389,1398,1404,1413,1419,1428,1434,1443,1449,1458,1464,1473,1479,1488,1494,1503,1509,1518,1524,1533,1539,1548,1554,1564,1570,1579,1585,1594,1600,1609,1615,1624,1630,1639,1645,1654,1660,1669,1675,1684,1690,1699,1705,1714,1720,1729,1735,1744,1750,1759,1765
qt/multimedia/gen_qcameraviewfinder.go
  s_64fea63fed100b::t_f14f29534d4d89 18-22,275-279,304-308,338-342,367-371,399-403,429-433,459-463,489-493,519-523,549-553,578-582,610-614,639-643,671-675,700-704,729-733,759-763,789-793,819-823,849-853,879-883,909-913,939-943,969-973,999-1003,1029-1033,1059-1063,1089-1093,1119-1123,1149-1153,1179-1183,1209-1213,1239-1243,1269-1273,1306-1310,1344-1348,1374-1378,1406-1410,1436-1440,1468-1472,1497-1501,1529-1533,1561-1565,1593-1597,1627-1631,1657-1661,1687-1691,1717-1721,1747-1751
qt/multimedia/gen_qcamerazoomcontrol.cpp
  s_64fea63fed100b::t_d7be6db1ffddda 1-2,18,101-104,108,115-118,122,129-132,136,143-146,150,157-160,164,171-174,178
qt/multimedia/gen_qcamerazoomcontrol.go
  s_64fea63fed100b::t_31a4350f1ce86b 18-22,118-121,140-143,162-165,184-187,206-209,228-231
qt/multimedia/gen_qcamerazoomcontrol.h
  s_64fea63fed100b::t_1504e3015f2f06 44,46,48,50,52,54
qt/multimedia/gen_qcustomaudiorolecontrol.cpp
  s_64fea63fed100b::t_a3690ff1e61cbb 1-2,19,100-103,113
qt/multimedia/gen_qcustomaudiorolecontrol.go
  s_64fea63fed100b::t_fe2683f0ac2117 18-22,122-125
qt/multimedia/gen_qcustomaudiorolecontrol.h
  s_64fea63fed100b::t_ed3528f6bf1de9 40
qt/multimedia/gen_qgraphicsvideoitem.cpp
  s_64fea63fed100b::t_aee73270985e64 1-2,41,100,104,108,115,119,123,130,134,142,149,153,159,166,170,179,186,190,195,202,206,211,218,222,228,235,239,245,252,256,262,269,273,281,288,292,300,307,311,317,324,328,332,339,343,350,357,361,368,375,379,388,395,399,404,411,415,419,426,430,434,441,445,451,458,462,467,474,478,484,491,495,501,508,512,518,525,529,535,542,546,552,559,563,569,576,580,586,593,597,603,610,614,620,627,631,637,644,648,654,661,665,671,678,682,688,695,699,705,712,716,722,729,733,739,746,750,756,763,767,773,780,784,790,797,801,807,814,818,828,835,839,846,955-958,963,1011,1017,1026,1032,1041,1047,1056,1062,1071,1077,1086,1092,1101,1107,1116,1122,1131,1137,1146,1152,1161,1167,1176,1182,1191,1197,1206,1212,1221,1227,1236,1242,1251,1257,1266,1272,1281,1287,1296,1302,1311,1317,1326,1332,1341,1347,1356,1362,1371,1377,1386,1392,1401,1407,1416,1422,1431,1437,1446,1452,1461,1467,1476,1482,1491,1497,1506,1512,1521,1527,1536,1542,1551,1557,1566,1572,1581,1587,1596,1602,1611,1617,1626,1632,1641,1647,1656,1662
qt/multimedia/gen_qgraphicsvideoitem.go
  s_64fea63fed100b::t_c3b4cf412f1da5 18-22,157-160,332-336,363-367,392-396,426-430,458-462,492-496,524-528,556-560,590-594,620-624,650-654,680-684,710-714,742-746,771-775,803-807,837-841,871-875,905-909,934-938,963-967,997-1001,1029-1033,1059-1063,1089-1093,1119-1123,1149-1153,1179-1183,1209-1213,1239-1243,1269-1273,1299-1303,1329-1333,1359-1363,1389-1393,1419-1423,1449-1453,1479-1483,1509-1513,1539-1543,1571-1575,1603-1607,1635-1639,1669-1673
qt/multimedia/gen_qgraphicsvideoitem.h
  s_64fea63fed100b::t_53ad53d985601f 96
qt/multimedia/gen_qmediaaudioprobecontrol.cpp
  s_64fea63fed100b::t_f0047fa5697008 1-2,19,64-67,72,79-82,84
qt/multimedia/gen_qmediaaudioprobecontrol.go
  s_64fea63fed100b::t_4eec0ae4055568 18-22,90-93,112-115
qt/multimedia/gen_qmediaaudioprobecontrol.h
  s_64fea63fed100b::t_ea37bf576d7967 39,41
qt/multimedia/gen_qmediaavailabilitycontrol.cpp
  s_64fea63fed100b::t_2667767dab9653 1-2,18,67-70,74
qt/multimedia/gen_qmediaavailabilitycontrol.go
  s_64fea63fed100b::t_567c24d2cb3191 18-22,94-97
qt/multimedia/gen_qmediaavailabilitycontrol.h
  s_64fea63fed100b::t_b75403eafb6435 38
qt/multimedia/gen_qmediagaplessplaybackcontrol.cpp
  s_64fea63fed100b::t_4849e6c729060c 1-2,19,86-89,93,100-103,108,115-118,120
qt/multimedia/gen_qmediagaplessplaybackcontrol.go
  s_64fea63fed100b::t_2de3db40b380b8 18-22,112-115,134-137,156-159
qt/multimedia/gen_qmediagaplessplaybackcontrol.h
  s_64fea63fed100b::t_b1a27b0645cc4f 44,46,48
qt/multimedia/gen_qmedianetworkaccesscontrol.cpp
  s_64fea63fed100b::t_9680e6b679e6e2 1-2,20,78-81,86
qt/multimedia/gen_qmedianetworkaccesscontrol.go
  s_64fea63fed100b::t_454875fd263756 19-23,107-110
qt/multimedia/gen_qmedianetworkaccesscontrol.h
  s_64fea63fed100b::t_e2b31d09a9e4d8 41
qt/multimedia/gen_qmediaobject.cpp
  s_64fea63fed100b::t_6953a84e2f6db2 1-2,21,128-131,134,141-144,147,154-157,159,167-170,183,190-193,196,203-206,210
qt/multimedia/gen_qmediaobject.go
  s_64fea63fed100b::t_3b277f4716b5bc 18-22,145-148,167-170,189-192,212-215,238-241,260-263
qt/multimedia/gen_qmediaobject.h
  s_64fea63fed100b::t_8330577c81759f 49,51,53,55,57,59
qt/multimedia/gen_qmediaplayer.cpp
  s_64fea63fed100b::t_00fe0cc1a4b01d 1-2,32,76,80,84,91,95,100,107,111,117,124,128,132,139,143,147,154,158,163,170,174,180,187,191,197,204,208,214,221,225,231,238,242,250,257,261,269,577-580,585,592-595,600,607-610,614,621-624,628,635-638,642,649-652,656,663-666,669,676-679,682,689-692,695,702-705,708,715-718,721,728-731,734,741-744,748,755-758,762,770-773,783,790-793,797,804-807,812,918,924,934,940,949,955,964,970,979,985,994,1000,1009,1015,1024,1030,1039,1045,1054,1060,1069,1075,1084,1090
qt/multimedia/gen_qmediaplayer.go
  s_64fea63fed100b::t_0a0de1658686af 61-65,371-374,393-396,415-418,437-440,459-462,481-484,503-506,525-528,547-550,569-572,591-594,613-616,635-638,657-660,683-686,708-711,730-733,956-960,985-989,1017-1021,1047-1051,1076-1080,1105-1109,1137-1141,1171-1175,1201-1205,1231-1235,1261-1265,1291-1295
qt/multimedia/gen_qmediaplayer.h
  s_64fea63fed100b::t_21ce23f337d4a6 103,105,107,109,111,113,115,117,119,121,123,125,127,129,131,133,135
qt/multimedia/gen_qmediaplayercontrol.cpp
  s_64fea63fed100b::t_6fa77f4c8d8da7 1-2,21,171-174,179,186-189,193,200-203,207,214-217,221,228-231,235,242-245,248,255-258,261,268-271,274,281-284,287,294-297,300,307-310,313,320-323,328,335-338,342,350-353,364
qt/multimedia/gen_qmediaplayercontrol.go
  s_64fea63fed100b::t_5df340da98e56a 18-22,182-185,204-207,226-229,248-251,270-273,292-295,314-317,336-339,358-361,380-383,402-405,424-427,446-449,472-475
qt/multimedia/gen_qmediaplayercontrol.h
  s_64fea63fed100b::t_c0a9a89f6d0d92 65,67,69,71,73,75,77,79,81,83,85,87,89,91
qt/multimedia/gen_qmediaplaylist.cpp
  s_64fea63fed100b::t_7eca5efe77c0e2 1-2,27,60,64,68,75,79,84,91,95,100,107,111,117,124,128,134,141,145,151,158,162,168,175,179,187,194,198,206,407-410,413,420-423,427,434-437,442,449-452,456,463-466,470,477-480,484,491-494,498,505-508,512,519-522,524,531-534,536,608,614,623,629,638,644,653,659,668,674,683,689,698,704,713,719,728,734
qt/multimedia/gen_qmediaplaylist.go
  s_64fea63fed100b::t_1acf69a6ba5f63 39-43,267-270,289-292,311-314,333-336,357-360,381-384,405-408,429-432,453-456,472-475,628-632,657-661,689-693,721-725,755-759,785-789,815-819,845-849,875-879
qt/multimedia/gen_qmediaplaylist.h
  s_64fea63fed100b::t_2f3b2eb6e57b4f 85,87,89,91,93,95,97,99,101,103
qt/multimedia/gen_qmediarecorder.cpp
  s_64fea63fed100b::t_9f4f3d38371244 1-2,28,64,68,72,79,83,88,95,99,104,111,115,121,128,132,138,145,149,155,162,166,172,179,183,191,198,202,210,564-567,571,578-581,585,592-595,599,606-609,612,619-622,626,633-636,641,648-651,655,662-665,668,675-678,681,688-691,693,701-704,717,724-727,730,737-740,744,879,885,894,900,909,915,924,930,939,945,954,960,969,975,984,990,999,1005
qt/multimedia/gen_qmediarecorder.go
  s_64fea63fed100b::t_ff7e0fc6e9be8e 48-52,396-399,418-421,440-443,462-465,484-487,506-509,528-531,550-553,572-575,594-597,617-620,643-646,665-668,868-872,897-901,929-933,961-965,995-999,1025-1029,1055-1059,1085-1089,1115-1119
qt/multimedia/gen_qmediarecorder.h
  s_64fea63fed100b::t_ec6f35c94f7ca4 96,98,100,102,104,106,108,110,112,114,116,118,120
qt/multimedia/gen_qmediarecordercontrol.cpp
  s_64fea63fed100b::t_c0b328ac6b5266 1-2,19,105-108,112,119-122,126,133-136,140,147-150,153,160-163,167,174-177,182,190-193,204
qt/multimedia/gen_qmediarecordercontrol.go
  s_64fea63fed100b::t_8d35fd6986cc90 18-22,124-127,146-149,168-171,190-193,212-215,234-237,260-263
qt/multimedia/gen_qmediarecordercontrol.h
  s_64fea63fed100b::t_e416b7229b81c1 47,49,51,53,55,57,59
qt/multimedia/gen_qmediastreamscontrol.cpp
  s_64fea63fed100b::t_7b1c03d08eefa8 1-2,19,86-89,91,98-101,103
qt/multimedia/gen_qmediastreamscontrol.go
  s_64fea63fed100b::t_cb3865fabeba12 28-32,126-129,145-148
qt/multimedia/gen_qmediastreamscontrol.h
  s_64fea63fed100b::t_3f417289ebd68b 44,46
qt/multimedia/gen_qmediavideoprobecontrol.cpp
  s_64fea63fed100b::t_009f7526f35fa3 1-2,19,64-67,72,79-82,84
qt/multimedia/gen_qmediavideoprobecontrol.go
  s_64fea63fed100b::t_34195fcb3c7826 18-22,90-93,112-115
qt/multimedia/gen_qmediavideoprobecontrol.h
  s_64fea63fed100b::t_3effe978c71625 39,41
qt/multimedia/gen_qmetadatareadercontrol.cpp
  s_64fea63fed100b::t_57aa6f462bfc8e 1-2,20,95-98,100,108-111,124,131-134,137
qt/multimedia/gen_qmetadatareadercontrol.go
  s_64fea63fed100b::t_f435c74899bcf9 18-22,117-120,140-143,166-169
qt/multimedia/gen_qmetadatareadercontrol.h
  s_64fea63fed100b::t_2a6f87bf686e88 42,44,46
qt/multimedia/gen_qmetadatawritercontrol.cpp
  s_64fea63fed100b::t_c55ab903a896b3 1-2,20,105-108,110,118-121,134,141-144,147,154-157,160
qt/multimedia/gen_qmetadatawritercontrol.go
  s_64fea63fed100b::t_62170fd4ca926e 18-22,129-132,152-155,178-181,200-203
qt/multimedia/gen_qmetadatawritercontrol.h
  s_64fea63fed100b::t_793a7bbcc41aba 44,46,48,50
qt/multimedia/gen_qradiodata.cpp
  s_64fea63fed100b::t_a3572d3d725384 1-2,22,52,56,60,67,71,76,83,87,92,99,103,109,116,120,126,133,137,143,150,154,160,167,171,179,186,190,198,341-344,354,361-364,368,376-379,389,397-400,410,418-421,431,438-441,444,451-454,458,506,512,521,527,536,542,551,557,566,572,581,587,596,602,611,617,626,632
qt/multimedia/gen_qradiodata.go
  s_64fea63fed100b::t_656c75e2c15012 80-84,230-233,255-258,281-284,310-313,339-342,364-367,386-389,513-517,542-546,574-578,606-610,640-644,670-674,700-704,730-734,760-764
qt/multimedia/gen_qradiodata.h
  s_64fea63fed100b::t_afc009ccd686e4 58,60,62,64,66,68,70
qt/multimedia/gen_qradiodatacontrol.cpp
  s_64fea63fed100b::t_bdd3fcb1f12012 1-2,18,142-145,155,162-165,169,177-180,190,198-201,211,219-222,232,239-242,245,252-255,259
qt/multimedia/gen_qradiodatacontrol.go
  s_64fea63fed100b::t_d5010cfbc47de5 18-22,145-148,170-173,196-199,225-228,254-257,279-282,301-304
qt/multimedia/gen_qradiodatacontrol.h
  s_64fea63fed100b::t_24cd6eae8f750a 46,48,50,52,54,56,58
qt/multimedia/gen_qradiotuner.cpp
  s_64fea63fed100b::t_2a742415eb4778 1-2,25,62,66,70,77,81,85,92,96,100,107,111,116,123,127,133,140,144,149,156,160,166,173,177,183,190,194,200,207,211,217,224,228,236,243,247,255,450-453,457,464-467,471,478-481,484,491-494,497,504-507,510,517-520,523,530-533,536,543-546,549,557-560,571,578-581,584,591-594,598,650,656,666,672,681,687,696,702,711,717,726,732,741,747,756,762,771,777,786,792,801,807,816,822
qt/multimedia/gen_qradiotuner.go
  s_64fea63fed100b::t_62726d56380a1f 59-63,271-274,293-296,315-318,337-340,359-362,381-384,403-406,425-428,451-454,478-481,500-503,669-673,698-702,727-731,756-760,788-792,818-822,850-854,884-888,914-918,944-948,974-978,1004-1008
qt/multimedia/gen_qradiotuner.h
  s_64fea63fed100b::t_682996c1aed12f 77,79,81,83,85,87,89,91,93,95,97
qt/multimedia/gen_qradiotunercontrol.cpp
  s_64fea63fed100b::t_d3405b36b08471 1-2,19,198-201,205,212-215,219,226-229,232,239-242,245,252-255,258,265-268,271,278-281,284,291-294,297,304-307,311,319-322,333,340-343,346
qt/multimedia/gen_qradiotunercontrol.go
  s_64fea63fed100b::t_85d443cf9c8b84 18-22,210-213,232-235,254-257,276-279,298-301,320-323,342-345,364-367,386-389,412-415,439-442
qt/multimedia/gen_qradiotunercontrol.h
  s_64fea63fed100b::t_50a220a9278762 63,65,67,69,71,73,75,77,79,81,83
qt/multimedia/gen_qsound.cpp
  s_64fea63fed100b::t_07177d6355510a 1-2,20,41,45,50,57,61,67,74,78,84,91,95,101,108,112,118,125,129,137,144,148,156,298,304,313,319,328,334,343,349,358,364,373,379,388,394
qt/multimedia/gen_qsound.go
  s_64fea63fed100b::t_e45e9bf451e937 24-28,260-264,292-296,326-330,356-360,386-390,416-420,446-450
qt/multimedia/gen_qsoundeffect.cpp
  s_64fea63fed100b::t_f7f59ebfc3972d 1-2,23,55,59,64,71,75,81,88,92,98,105,109,115,122,126,132,139,143,151,158,162,170,323-326,328,335-338,340,347-350,352,359-362,364,371-374,376,383-386,388,395-398,400,407-410,412,419-422,424,480,486,495,501,510,516,525,531,540,546,555,561,570,576
qt/multimedia/gen_qsoundeffect.go
  s_64fea63fed100b::t_e28585a23f08b9 33-37,207-210,226-229,245-248,264-267,283-286,302-305,321-324,340-343,359-362,491-495,523-527,557-561,587-591,617-621,647-651,677-681
qt/multimedia/gen_qsoundeffect.h
  s_64fea63fed100b::t_e746500ed3e9b6 64,66,68,70,72,74,76,78,80
qt/multimedia/gen_qvideodeviceselectorcontrol.cpp
  s_64fea63fed100b::t_7dc890dedfe9aa 1-2,18,102-105,108,116-119,129,136-139,141
qt/multimedia/gen_qvideodeviceselectorcontrol.go
  s_64fea63fed100b::t_d8e4369fe0cf01 18-22,120-123,146-149,171-174
qt/multimedia/gen_qvideodeviceselectorcontrol.h
  s_64fea63fed100b::t_e76deb971e2ee1 43,45,47
qt/multimedia/gen_qvideoprobe.cpp
  s_64fea63fed100b::t_bc9b4cf8c92808 1-2,23,46,50,55,62,66,72,79,83,89,96,100,106,113,117,123,130,134,142,149,153,161,232-235,240,247-250,252,300,306,315,321,330,336,345,351,360,366,375,381,390,396
qt/multimedia/gen_qvideoprobe.go
  s_64fea63fed100b::t_d1a6cf3e3f9549 18-22,114-117,136-139,260-264,292-296,326-330,356-360,386-390,416-420,446-450
qt/multimedia/gen_qvideoprobe.h
  s_64fea63fed100b::t_86f36836668d9d 52,54
qt/multimedia/gen_qvideowidget.cpp
  s_64fea63fed100b::t_5eadce588d174e 1-2,49,117,121,125,132,136,140,147,151,156,163,167,173,180,184,190,197,201,207,214,218,224,231,235,241,248,252,257,264,268,272,279,283,289,296,300,304,311,315,320,327,331,335,342,346,350,357,361,367,374,378,384,391,395,401,408,412,418,425,429,435,442,446,452,459,463,469,476,480,486,493,497,503,510,514,520,527,531,537,544,548,554,561,565,571,578,582,588,595,599,605,612,616,622,629,633,639,646,650,656,663,667,673,680,684,696,703,707,713,720,724,730,737,741,747,754,758,763,770,774,778,785,789,795,802,806,812,819,823,828,835,839,845,852,856,862,869,873,879,886,890,896,903,907,915,922,926,934,1056-1059,1062,1069-1072,1075,1082-1085,1088,1095-1098,1101,1108-1111,1114,1162,1168,1177,1183,1192,1198,1207,1213,1222,1228,1237,1243,1252,1258,1267,1273,1282,1288,1297,1303,1312,1318,1327,1333,1342,1348,1357,1363,1372,1378,1387,1393,1402,1408,1417,1423,1432,1438,1447,1453,1462,1468,1477,1483,1492,1498,1507,1513,1522,1528,1537,1543,1552,1558,1567,1573,1582,1588,1597,1603,1612,1618,1627,1633,1642,1648,1657,1663,1672,1678,1688,1694,1703,1709,1718,1724,1733,1739,1748,1754,1763,1769,1778,1784,1793,1799,1808,1814,1823,1829,1838,1844,1853,1859,1868,1874,1883,1889
qt/multimedia/gen_qvideowidget.go
  s_64fea63fed100b::t_55fd347f49d83f 18-22,163-166,185-188,207-210,229-232,251-254,442-446,473-477,502-506,534-538,564-568,594-598,624-628,654-658,684-688,716-720,745-749,777-781,806-810,838-842,867-871,896-900,926-930,956-960,986-990,1016-1020,1046-1050,1076-1080,1106-1110,1136-1140,1166-1170,1196-1200,1226-1230,1256-1260,1286-1290,1316-1320,1346-1350,1376-1380,1406-1410,1436-1440,1473-1477,1511-1515,1541-1545,1573-1577,1603-1607,1635-1639,1664-1668,1696-1700,1728-1732,1760-1764,1794-1798,1824-1828,1854-1858,1884-1888,1914-1918
qt/multimedia/gen_qvideowidget.h
  s_64fea63fed100b::t_5bd3f0e20a8198 113,115,117,119,121
qt/multimedia/gen_qvideowidgetcontrol.cpp
  s_64fea63fed100b::t_80a845feb94f6e 1-2,19,120-123,126,133-136,139,146-149,152,159-162,165,172-175,178
qt/multimedia/gen_qvideowidgetcontrol.go
  s_64fea63fed100b::t_b6505f3fef16b3 18-22,142-145,164-167,186-189,208-211,230-233
qt/multimedia/gen_qvideowidgetcontrol.h
  s_64fea63fed100b::t_9012aa7c44d399 52,54,56,58,60
qt/multimedia/gen_qvideowindowcontrol.cpp
  s_64fea63fed100b::t_e857d02bf8f977 1-2,20,143-146,149,156-159,162,169-172,175,182-185,188,195-198,201,208-211,213
qt/multimedia/gen_qvideowindowcontrol.go
  s_64fea63fed100b::t_df9c8dbf31e713 18-22,166-169,188-191,210-213,232-235,254-257,276-279
qt/multimedia/gen_qvideowindowcontrol.h
  s_64fea63fed100b::t_418a6c294b12b9 59,61,63,65,67,69
qt/network/dtls/gen_qdtls.cpp
  s_64fea63fed100b::t_5f26785778bc14 1-2,30,38,61,65,70,77,81,87,94,98,104,111,115,121,128,132,138,145,149,157,164,168,176,314,320,329,335,344,350,359,365,374,380,389,395,404,410,475,479,484,491,495,501,508,512,518,525,529,535,542,546,552,559,563,571,578,582,590,801-804,807,814-817,819,877,883,892,898,907,913,922,928,937,943,952,958,967,973
qt/network/dtls/gen_qdtls.go
  s_64fea63fed100b::t_80b32acc6020ba 42-46,270-274,302-306,336-340,366-370,396-400,426-430,456-460,494-498,735-738,757-760,900-904,932-936,966-970,996-1000,1026-1030,1056-1060,1086-1090
qt/network/dtls/gen_qdtls.h
  s_64fea63fed100b::t_7773c39adcf820 130,132
qt/network/gen_qabstractsocket.cpp
  s_64fea63fed100b::t_97f03b56730374 1-2,25,79,83,88,95,99,118,125,129,141,148,152,157,164,168,172,179,183,187,194,198,202,209,213,220,227,231,235,242,246,256,263,267,277,284,288,294,301,305,310,317,321,325,332,336,340,347,351,356,363,367,372,379,383,388,395,399,404,411,415,422,429,433,440,447,451,458,465,469,475,482,486,490,497,501,505,512,516,522,529,533,537,544,548,553,560,564,570,577,581,587,594,598,604,611,615,621,628,632,640,647,651,659,905-908,910,917-920,922,929-932,934,941-944,948,955-958,962,969-972,976,983-986,992,1056,1062,1071,1077,1087,1093,1102,1108,1117,1123,1133,1139,1149,1155,1164,1170,1179,1185,1195,1201,1210,1216,1225,1231,1240,1246,1255,1261,1270,1276,1285,1291,1300,1306,1315,1321,1330,1336,1345,1351,1361,1367,1377,1383,1393,1399,1408,1414,1424,1430,1440,1446,1455,1461,1470,1476,1485,1491,1500,1506,1515,1521,1530,1536,1545,1551,1560,1566
qt/network/gen_qabstractsocket.go
  s_64fea63fed100b::t_266fe27694b9cb 106-110,362-365,381-384,400-403,419-422,441-444,463-466,485-488,746-750,777-781,815-819,849-853,876-880,905-909,934-938,963-967,993-997,1022-1026,1058-1062,1092-1096,1124-1128,1151-1155,1180-1184,1209-1213,1241-1245,1273-1277,1305-1309,1339-1343,1376-1380,1413-1417,1448-1452,1480-1484,1509-1513,1538-1542,1570-1574,1599-1603,1631-1635,1665-1669,1695-1699,1725-1729,1755-1759,1785-1789
qt/network/gen_qabstractsocket.h
  s_64fea63fed100b::t_c8c01cdea18fcd 91,93,95,97,99,101,103
qt/network/gen_qdnslookup.cpp
  s_64fea63fed100b::t_3860d11da2613b 1-2,28,312,316,321,328,332,338,345,349,355,362,366,372,379,383,389,396,400,408,415,419,427,658-661,663,671-674,684,691-694,698,705-708,713,761,767,776,782,791,797,806,812,821,827,836,842,851,857
qt/network/gen_qdnslookup.go
  s_64fea63fed100b::t_e98b76b2073655 486-490,750-753,773-776,798-801,820-823,947-951,979-983,1013-1017,1043-1047,1073-1077,1103-1107,1133-1137
qt/network/gen_qdnslookup.h
  s_64fea63fed100b::t_33c554cf700744 131,133,135,137
qt/network/gen_qhttpmultipart.cpp
  s_64fea63fed100b::t_89be223bf3af7a 1-2,24,94,98,103,110,114,120,127,131,137,144,148,154,161,165,171,178,182,190,197,201,209,339,345,354,360,369,375,384,390,399,405,414,420,429,435
qt/network/gen_qhttpmultipart.go
  s_64fea63fed100b::t_f216497948b9f8 138-142,365-369,397-401,431-435,461-465,491-495,521-525,551-555
qt/network/gen_qlocalserver.cpp
  s_64fea63fed100b::t_b394261836b61c 1-2,21,46,50,54,61,65,69,76,80,87,94,98,103,110,114,120,127,131,137,144,148,154,161,165,171,178,182,190,197,201,209,268-271,273,423,429,438,444,453,459,468,474,483,489,498,504,513,519,528,534,543,549,558,564
qt/network/gen_qlocalserver.go
  s_64fea63fed100b::t_de9b59189097f8 28-32,112-115,329-333,358-362,387-391,417-421,449-453,483-487,513-517,543-547,573-577,603-607
qt/network/gen_qlocalserver.h
  s_64fea63fed100b::t_4a4eb1497690f6 45
qt/network/gen_qlocalsocket.cpp
  s_64fea63fed100b::t_1c2f922447bfdf 1-2,21,63,67,71,78,82,86,93,97,101,108,112,116,123,127,133,140,144,149,156,160,165,172,176,181,188,192,199,206,210,217,224,228,232,239,243,247,254,258,264,271,275,279,286,290,294,301,305,312,319,323,328,335,339,345,352,356,362,369,373,379,386,390,396,403,407,415,422,426,434,617-620,622,629-632,634,641-644,648,655-658,662,669-672,676,749,755,764,770,780,786,796,802,811,817,826,832,841,847,856,862,871,877,887,893,903,909,919,925,935,941,950,956,965,971,980,986,996,1002,1011,1017,1026,1032,1041,1047,1056,1062,1071,1077,1086,1092
qt/network/gen_qlocalsocket.go
  s_64fea63fed100b::t_517fdf01b064a2 43-47,241-244,260-263,279-282,301-304,323-326,506-510,535-539,564-568,593-597,622-626,654-658,681-685,713-717,747-751,784-788,819-823,848-852,877-881,909-913,938-942,969-973,1004-1008,1036-1040,1070-1074,1100-1104,1130-1134,1160-1164,1190-1194
qt/network/gen_qlocalsocket.h
  s_64fea63fed100b::t_5f630ad4756d66 70,72,74,76,78
qt/network/gen_qnetworkaccessmanager.cpp
  s_64fea63fed100b::t_c7de8028bf0af3 1-2,37,67,71,81,88,92,97,104,108,114,121,125,131,138,142,148,155,159,165,172,176,184,191,195,203,478-481,487,494-497,501,508-511,514,521-524,527,540-543,556,563-566,570,577-580,582,589-592,596,673,679,688,694,703,709,718,724,733,739,748,754,763,769,778,784
qt/network/gen_qnetworkaccessmanager.go
  s_64fea63fed100b::t_fcde8de90b3678 38-42,381-384,405-408,429-432,451-454,479-482,511-514,535-538,554-557,751-755,787-791,819-823,853-857,883-887,913-917,943-947,973-977
qt/network/gen_qnetworkaccessmanager.h
  s_64fea63fed100b::t_7f1d392903a45e 114,116,118,120,122,124,126,128
qt/network/gen_qnetworkconfigmanager.cpp
  s_64fea63fed100b::t_ecc405519c5e3e 1-2,22,48,52,57,64,68,74,81,85,91,98,102,108,115,119,125,132,136,144,151,155,163,257-260,265,272-275,280,287-290,295,302-305,308,315-318,320,381,387,396,402,411,417,426,432,441,447,456,462,471,477
qt/network/gen_qnetworkconfigmanager.go
  s_64fea63fed100b::t_eee5b150ef5f81 30-34,154-157,176-179,198-201,220-223,242-245,378-382,410-414,444-448,474-478,504-508,534-538,564-568
qt/network/gen_qnetworkconfigmanager.h
  s_64fea63fed100b::t_fde6dd9c97dbe2 51,53,55,57,59
qt/network/gen_qnetworkcookiejar.cpp
  s_64fea63fed100b::t_c98ab510f35cbd 1-2,23,50,54,61,75,79,96,103,107,114,121,125,132,139,143,150,157,161,171,178,182,187,194,198,204,211,215,221,228,232,238,245,249,255,262,266,274,281,285,293,430,436,454,460,475,481,490,496,505,511,520,526,535,541,550,556,565,571,580,586,595,601,610,616,625,631
qt/network/gen_qnetworkcookiejar.go
  s_64fea63fed100b::t_b11b3772578281 18-22,289-293,332-336,374-378,406-410,438-442,470-474,504-508,536-540,570-574,600-604,630-634,660-664,690-694
qt/network/gen_qnetworkdiskcache.cpp
  s_64fea63fed100b::t_8b35ea8e3309be 1-2,24,54,58,62,69,73,80,87,91,99,106,110,117,124,128,135,142,146,153,160,164,170,177,181,186,193,197,201,208,212,217,224,228,234,241,245,251,258,262,268,275,279,285,292,296,304,311,315,323,486,492,502,508,517,523,532,538,547,553,562,568,577,583,592,598,607,613,623,629,638,644,653,659,668,674,683,689,698,704,713,719
qt/network/gen_qnetworkdiskcache.go
  s_64fea63fed100b::t_f6817b6da2a9a0 18-22,274-278,305-309,337-341,367-371,399-403,431-435,463-467,493-497,520-524,549-553,581-585,615-619,645-649,675-679,705-709,735-739
qt/network/gen_qnetworkproxy.cpp
  s_64fea63fed100b::t_674e75a486a8fe 1-2,21,407,411,418,504,510
qt/network/gen_qnetworkproxy.go
  s_64fea63fed100b::t_4aa2fce8e243c3 637-641,744-748
qt/network/gen_qnetworkreply.cpp
  s_64fea63fed100b::t_84c5d33300ec88 1-2,28,229-232,234,241-244,246,253-256,260,267-270,274,281-284,286,299-302,314,321-324,327,334-337,342,349-352,354,361-364,370,377-380,386
qt/network/gen_qnetworkreply.go
  s_64fea63fed100b::t_263863b809d036 57-61,285-288,304-307,323-326,345-348,367-370,392-395,422-425,444-447,466-469,485-488,509-512
qt/network/gen_qnetworkreply.h
  s_64fea63fed100b::t_48b2aab3fd5ae8 73,75,77,79,81,83,85,87,89,91,93
qt/network/gen_qnetworksession.cpp
  s_64fea63fed100b::t_39f0053b450ada 1-2,23,51,55,63,70,74,82,89,93,98,105,109,115,122,126,132,139,143,149,156,160,166,320-323,327,334-337,339,346-349,351,358-361,365,372-375,381,388-391,393,400-403,407,459,465,474,480,489,495,504,510,519,525,534,540,549,555
qt/network/gen_qnetworksession.go
  s_64fea63fed100b::t_75e3002745c741 47-51,228-231,250-253,269-272,288-291,310-313,334-337,353-356,484-488,514-518,544-548,576-580,610-614,640-644,670-674
qt/network/gen_qnetworksession.h
  s_64fea63fed100b::t_f5fc96733130d2 69,71,73,75,77,79,81
qt/network/gen_qsslsocket.cpp
  s_64fea63fed100b::t_8b71cf36cdf145 1-2,35,89,93,98,105,109,119,126,130,149,156,160,165,172,176,186,193,197,203,210,214,218,225,229,233,240,244,248,255,259,264,271,275,279,286,290,297,304,308,313,320,324,329,336,340,345,352,356,361,368,372,379,386,390,397,404,408,412,419,423,427,434,438,445,452,456,462,469,473,477,484,488,492,499,503,509,516,520,524,531,535,540,547,551,557,564,568,574,581,585,591,598,602,608,615,619,627,634,638,646,1204-1207,1209,1216-1219,1224,1237-1240,1252,1259-1262,1266,1273-1276,1280,1287-1290,1293,1300-1303,1305,1420,1426,1435,1441,1450,1456,1466,1472,1481,1487,1496,1502,1511,1517,1527,1533,1543,1549,1558,1564,1573,1579,1588,1594,1603,1609,1618,1624,1633,1639,1648,1654,1663,1669,1679,1685,1695,1701,1711,1717,1726,1732,1742,1748,1757,1763,1773,1779,1789,1795,1804,1810,1819,1825,1834,1840,1849,1855,1864,1870,1879,1885,1894,1900,1909,1915
qt/network/gen_qsslsocket.go
  s_64fea63fed100b::t_baa5459c6f291a 35-39,620-623,639-642,667-670,697-700,719-722,741-744,763-766,1118-1122,1145-1149,1185-1189,1223-1227,1250-1254,1284-1288,1316-1320,1345-1349,1374-1378,1403-1407,1430-1434,1459-1463,1489-1493,1521-1525,1553-1557,1585-1589,1619-1623,1656-1660,1691-1695,1720-1724,1751-1755,1786-1790,1818-1822,1847-1851,1876-1880,1908-1912,1937-1941,1969-1973,2003-2007,2033-2037,2063-2067,2093-2097,2123-2127
qt/network/gen_qsslsocket.h
  s_64fea63fed100b::t_b162a5d5c3e9c9 143,145,147,149,151,153,155
qt/network/gen_qtcpserver.cpp
  s_64fea63fed100b::t_6927ca4572e3ac 1-2,23,49,53,57,64,68,72,79,83,90,97,101,106,113,117,123,130,134,140,147,151,157,164,168,174,181,185,193,200,204,212,354-357,359,366-369,373,437,443,452,458,467,473,482,488,497,503,512,518,527,533,542,548,557,563,572,578
qt/network/gen_qtcpserver.go
  s_64fea63fed100b::t_4bac4559778a65 18-22,181-184,200-203,355-359,384-388,413-417,443-447,475-479,509-513,539-543,569-573,599-603,629-633
qt/network/gen_qtcpserver.h
  s_64fea63fed100b::t_75833b14b51289 68,70
qt/network/gen_qtcpsocket.cpp
  s_64fea63fed100b::t_54e53b180480f5 1-2,24,71,75,80,87,91,110,117,121,126,133,137,141,148,152,156,163,167,171,178,182,189,196,200,204,211,215,225,232,236,246,253,257,263,270,274,279,286,290,294,301,305,309,316,320,325,332,336,341,348,352,357,364,368,373,380,384,391,398,402,409,416,420,427,434,438,444,451,455,459,466,470,474,481,485,491,498,502,506,513,517,522,529,533,539,546,550,556,563,567,573,580,584,590,597,601,609,616,620,628,737,743,752,758,768,774,783,789,799,805,815,821,830,836,845,851,861,867,876,882,891,897,906,912,921,927,936,942,951,957,966,972,981,987,996,1002,1011,1017,1027,1033,1043,1049,1059,1065,1074,1080,1090,1096,1106,1112,1121,1127,1136,1142,1151,1157,1166,1172,1181,1187,1196,1202,1211,1217,1226,1232
qt/network/gen_qtcpsocket.go
  s_64fea63fed100b::t_96e6818ba14348 18-22,323-327,354-358,392-396,419-423,448-452,477-481,506-510,536-540,565-569,601-605,635-639,667-671,694-698,723-727,752-756,784-788,816-820,848-852,882-886,919-923,956-960,991-995,1023-1027,1052-1056,1081-1085,1113-1117,1142-1146,1174-1178,1208-1212,1238-1242,1268-1272,1298-1302,1328-1332
qt/network/gen_qudpsocket.cpp
  s_64fea63fed100b::t_cd8a1e28830089 1-2,27,74,78,83,90,94,113,120,124,129,136,140,144,151,155,159,166,170,174,181,185,192,199,203,207,214,218,228,235,239,249,256,260,266,273,277,282,289,293,297,304,308,312,319,323,328,335,339,344,351,355,360,367,371,376,383,387,394,401,405,412,419,423,430,437,441,447,454,458,462,469,473,477,484,488,494,501,505,509,516,520,525,532,536,542,549,553,559,566,570,576,583,587,593,600,604,612,619,623,631,812,818,827,833,843,849,858,864,874,880,890,896,905,911,920,926,936,942,951,957,966,972,981,987,996,1002,1011,1017,1026,1032,1041,1047,1056,1062,1071,1077,1086,1092,1102,1108,1118,1124,1134,1140,1149,1155,1165,1171,1181,1187,1196,1202,1211,1217,1226,1232,1241,1247,1256,1262,1271,1277,1286,1292,1301,1307
qt/network/gen_qudpsocket.go
  s_64fea63fed100b::t_bcae20e21f93a2 18-22,408-412,439-443,477-481,504-508,533-537,562-566,591-595,621-625,650-654,686-690,720-724,752-756,779-783,808-812,837-841,869-873,901-905,933-937,967-971,1004-1008,1041-1045,1076-1080,1108-1112,1137-1141,1166-1170,1198-1202,1227-1231,1259-1263,1293-1297,1323-1327,1353-1357,1383-1387,1413-1417
qt/opengl/gen_qgl.cpp
  s_64fea63fed100b::t_74b5ab557f54f9 1-2,54,60,381,385,390,397,401,406,413,417,422,429,433,438,445,449,454,548,554,563,569,578,584,593,599,608,614,734,738,742,749,753,758,765,769,774,781,785,790,797,801,806,813,817,824,831,835,840,847,851,856,863,867,874,881,885,890,897,901,907,914,918,924,931,935,940,947,951,956,963,967,971,978,982,988,995,999,1003,1010,1014,1018,1025,1029,1034,1041,1045,1049,1056,1060,1066,1073,1077,1083,1090,1094,1100,1107,1111,1117,1124,1128,1134,1141,1145,1151,1158,1162,1168,1175,1179,1185,1192,1196,1202,1209,1213,1219,1226,1230,1236,1243,1247,1253,1260,1264,1270,1277,1281,1287,1294,1298,1304,1311,1315,1321,1328,1332,1338,1345,1349,1355,1362,1366,1372,1379,1383,1389,1396,1400,1406,1413,1417,1423,1430,1434,1446,1453,1457,1463,1470,1474,1480,1487,1491,1497,1504,1508,1513,1520,1524,1528,1535,1539,1545,1552,1556,1562,1569,1573,1578,1585,1589,1595,1602,1606,1612,1619,1623,1629,1636,1640,1646,1653,1657,1665,1672,1676,1684,1955,1961,1970,1976,1985,1991,2000,2006,2015,2021,2030,2036,2045,2051,2060,2066,2075,2081,2090,2096,2105,2111,2120,2126,2135,2141,2150,2156,2165,2171,2180,2186,2195,2201,2210,2216,2225,2231,2240,2246,2255,2261,2270,2276,2285,2291,2300,2306,2315,2321,2330,2336,2345,2351,2360,2366,2375,2381,2390,2396,2405,2411,2420,2426,2435,2441,2450,2456,2465,2471,2480,2486,2495,2501,2510,2516,2525,2531,2540,2546,2555,2561,2570,2576,2585,2591,2601,2607,2616,2622,2631,2637,2646,2652,2661,2667,2676,2682,2691,2697,2706,2712,2721,2727,2736,2742,2751,2757,2766,2772,2781,2787,2796,2802
qt/opengl/gen_qgl.go
  s_64fea63fed100b::t_12c61047379224 400-404,633-637,665-669,692-696,719-723,746-750,786-790,1277-1281,1306-1310,1333-1337,1360-1364,1392-1396,1419-1423,1451-1455,1478-1482,1505-1509,1537-1541,1564-1568,1594-1598,1624-1628,1651-1655,1678-1682,1707-1711,1739-1743,1770-1774,1799-1803,1831-1835,1860-1864,1890-1894,1920-1924,1950-1954,1980-1984,2010-2014,2040-2044,2070-2074,2100-2104,2130-2134,2160-2164,2190-2194,2220-2224,2250-2254,2280-2284,2310-2314,2340-2344,2370-2374,2400-2404,2430-2434,2460-2464,2490-2494,2527-2531,2565-2569,2595-2599,2627-2631,2657-2661,2689-2693,2718-2722,2750-2754,2782-2786,2814-2818,2848-2852,2878-2882,2908-2912,2938-2942,2968-2972
qt/pdf/gen_qpdfbookmarkmodel.cpp
  s_64fea63fed100b::t_5df3a547e68312 1-2,31,88,92,100,107,111,120,127,131,138,145,149,156,163,167,174,181,185,189,204,208,217,224,228,235,242,246,257,264,268,276,283,287,298,305,309,316,329,333,355,362,366,370,389,393,407,414,418,430,437,441,453,460,464,468,475,479,483,490,494,503,510,514,523,530,534,543,550,554,563,570,574,587,594,598,611,618,622,630,637,641,648,655,659,666,673,677,685,692,696,703,710,714,728,742,746,753,760,764,768,775,779,784,791,795,800,807,811,817,824,828,834,841,845,851,858,862,868,875,879,887,894,898,906,1046-1049,1052,1059-1062,1066,1114,1120,1129,1135,1144,1150,1159,1165,1174,1180,1189,1195,1223,1229,1238,1244,1253,1259,1268,1274,1283,1289,1298,1304,1327,1333,1348,1354,1379,1385,1400,1406,1415,1421,1430,1436,1446,1452,1462,1468,1477,1483,1492,1498,1507,1513,1522,1528,1537,1543,1552,1558,1567,1573,1582,1588,1598,1604,1613,1619,1628,1634,1652,1658,1667,1673,1682,1688,1697,1703,1712,1718,1727,1733,1742,1748,1757,1763,1772,1778,1787,1793
qt/pdf/gen_qpdfbookmarkmodel.go
  s_64fea63fed100b::t_89639660f926fc 33-37,176-179,198-201,617-621,653-657,691-695,723-727,755-759,800-804,851-855,887-891,919-923,957-961,993-997,1044-1048,1104-1108,1160-1164,1203-1207,1243-1247,1283-1287,1323-1327,1352-1356,1381-1385,1417-1421,1453-1457,1489-1493,1525-1529,1565-1569,1605-1609,1635-1639,1667-1671,1699-1703,1733-1737,1773-1777,1820-1824,1852-1856,1881-1885,1908-1912,1940-1944,1974-1978,2004-2008,2034-2038,2064-2068,2094-2098
qt/pdf/gen_qpdfbookmarkmodel.h
  s_64fea63fed100b::t_56b419ba5130f9 67,69
qt/pdf/gen_qpdfdocument.cpp
  s_64fea63fed100b::t_6779929b308343 1-2,28,53,57,62,69,73,79,86,90,96,103,107,113,120,124,130,137,141,149,156,160,168,295-298,300,307-310,312,319-322,326,333-336,339,391,397,406,412,421,427,436,442,451,457,466,472,481,487
qt/pdf/gen_qpdfdocument.go
  s_64fea63fed100b::t_9aa02c98487f07 53-57,216-219,235-238,254-257,276-279,409-413,441-445,475-479,505-509,535-539,565-569,595-599
qt/pdf/gen_qpdfdocument.h
  s_64fea63fed100b::t_1c29490d183007 73,75,77,79
qt/pdf/gen_qpdfpagenavigation.cpp
  s_64fea63fed100b::t_ae0fa7a7729b1d 1-2,21,47,51,56,63,67,73,80,84,90,97,101,107,114,118,124,131,135,143,150,154,162,257-260,263,270-273,276,283-286,289,296-299,302,309-312,315,363,369,378,384,393,399,408,414,423,429,438,444,453,459
qt/pdf/gen_qpdfpagenavigation.go
  s_64fea63fed100b::t_da19e53e81cf4a 18-22,138-141,160-163,182-185,204-207,226-229,353-357,385-389,419-423,449-453,479-483,509-513,539-543
qt/pdf/gen_qpdfpagenavigation.h
  s_64fea63fed100b::t_10e5f5b3a939fd 54,56,58,60,62
qt/pdf/gen_qpdfpagerenderer.cpp
  s_64fea63fed100b::t_460aa3a9b3556d 1-2,24,48,52,57,64,68,74,81,85,91,98,102,108,115,119,125,132,136,144,151,155,163,244-247,250,257-260,264,271-274,284,337,343,352,358,367,373,382,388,397,403,412,418,427,433
qt/pdf/gen_qpdfpagerenderer.go
  s_64fea63fed100b::t_1794eb55948eb1 25-29,129-132,151-154,173-176,316-320,348-352,382-386,412-416,442-446,472-476,502-506
qt/pdf/gen_qpdfpagerenderer.h
  s_64fea63fed100b::t_890ab0425a4bad 56,58,60
qt/pdf/gen_qpdfsearchmodel.cpp
  s_64fea63fed100b::t_b0dec9a41669c8 1-2,34,88,92,96,111,115,122,129,133,141,148,152,158,165,169,178,185,189,198,205,209,221,228,232,239,246,250,261,268,272,280,287,291,302,309,313,320,333,337,359,366,370,374,393,397,411,418,422,434,441,445,449,456,460,464,471,475,484,491,495,504,511,515,524,531,535,544,551,555,568,575,579,592,599,603,611,618,622,629,636,640,648,655,659,666,673,677,691,705,709,716,723,727,731,738,742,747,754,758,763,770,774,780,787,791,797,804,808,814,821,825,833,840,844,852,1005-1008,1010,1017-1020,1022,1070,1076,1104,1110,1119,1125,1134,1140,1149,1155,1164,1170,1179,1185,1194,1200,1210,1216,1225,1231,1240,1246,1255,1261,1284,1290,1305,1311,1336,1342,1357,1363,1372,1378,1388,1394,1404,1410,1419,1425,1434,1440,1449,1455,1464,1470,1479,1485,1494,1500,1509,1515,1524,1530,1539,1545,1554,1560,1578,1584,1593,1599,1608,1614,1623,1629,1638,1644,1653,1659,1668,1674,1683,1689,1698,1704
qt/pdf/gen_qpdfsearchmodel.go
  s_64fea63fed100b::t_a034b63fd119a9 29-33,181-184,200-203,639-643,688-692,722-726,756-760,788-792,826-830,862-866,902-906,934-938,972-976,1008-1012,1059-1063,1119-1123,1175-1179,1218-1222,1258-1262,1298-1302,1327-1331,1356-1360,1392-1396,1428-1432,1464-1468,1500-1504,1540-1544,1580-1584,1610-1614,1642-1646,1676-1680,1716-1720,1763-1767,1795-1799,1824-1828,1851-1855,1883-1887,1917-1921,1947-1951,1977-1981,2007-2011
qt/pdf/gen_qpdfsearchmodel.h
  s_64fea63fed100b::t_1fe2803282e085 70,72
qt/pdf/gen_qpdfview.cpp
  s_64fea63fed100b::t_aec840ad400565 1-2,52,123,127,133,140,144,150,157,161,168,175,179,183,190,194,198,205,209,215,222,226,232,239,243,248,255,259,264,271,275,281,288,292,298,305,309,315,322,326,332,339,343,349,356,360,366,373,377,383,390,394,400,407,411,417,424,428,434,441,445,451,458,462,466,473,477,483,490,494,498,505,509,515,522,526,531,538,542,546,553,557,561,568,572,578,585,589,595,602,606,612,619,623,629,636,640,646,653,657,663,670,674,680,687,691,697,704,708,714,721,725,731,738,742,748,755,759,771,778,782,788,795,799,805,812,816,821,828,832,836,843,847,853,860,864,870,877,881,886,893,897,903,910,914,920,927,931,937,944,948,956,963,967,975,1098-1101,1104,1111-1114,1118,1125-1128,1132,1139-1142,1146,1153-1156,1159,1166-1169,1172,1220,1226,1235,1241,1250,1256,1265,1271,1280,1286,1295,1301,1310,1316,1325,1331,1340,1346,1355,1361,1370,1376,1385,1391,1400,1406,1415,1421,1430,1436,1445,1451,1460,1466,1475,1481,1490,1496,1505,1511,1520,1526,1535,1541,1550,1556,1565,1571,1580,1586,1595,1601,1610,1616,1625,1631,1640,1646,1655,1661,1670,1676,1685,1691,1700,1706,1715,1721,1730,1736,1745,1751,1760,1766,1775,1781,1790,1796,1806,1812,1821,1827,1836,1842,1851,1857,1866,1872,1881,1887,1896,1902,1911,1917,1926,1932,1941,1947,1956,1962,1971,1977
qt/pdf/gen_qpdfview.go
  s_64fea63fed100b::t_888b5977edcfac 33-37,171-174,193-196,215-218,237-240,259-262,281-284,526-530,556-560,586-590,620-624,651-655,680-684,710-714,744-748,776-780,808-812,838-842,868-872,898-902,928-932,958-962,988-992,1018-1022,1048-1052,1078-1082,1108-1112,1140-1144,1169-1173,1199-1203,1228-1232,1258-1262,1290-1294,1319-1323,1348-1352,1378-1382,1408-1412,1438-1442,1468-1472,1498-1502,1528-1532,1558-1562,1588-1592,1618-1622,1648-1652,1685-1689,1723-1727,1755-1759,1785-1789,1817-1821,1846-1850,1878-1882,1910-1914,1942-1946,1972-1976,2002-2006,2032-2036,2062-2066
qt/pdf/gen_qpdfview.h
  s_64fea63fed100b::t_ebf95a9d83b29c 118,120,122,124,126,128
qt/positioning/gen_qgeoareamonitorsource.cpp
  s_64fea63fed100b::t_08d389200a9beb 1-2,25,58,62,68,75,79,83,90,94,98,103,107,111,116,120,127,132,136,143,148,152,160,165,169,173,185,189,196,208,212,217,224,228,234,241,245,251,258,262,268,275,279,285,292,296,304,311,315,323,474-477,485,492-495,503,510-513,518,525-528,532,580,586,595,601,610,616,621,627,632,638,643,649,654,660,665,671,676,682,687,693,702,708,717,723,732,738,747,753,762,768,777,783
qt/positioning/gen_qgeoareamonitorsource.go
  s_64fea63fed100b::t_0f76dba7d68314 34-38,198-201,222-225,246-249,268-271,395-399,425-429,448-452,471-475,494-498,520-524,546-550,575-579,603-607,640-644,672-676,706-710,736-740,766-770,796-800,826-830
qt/positioning/gen_qgeoareamonitorsource.h
  s_64fea63fed100b::t_1a980d61dd8019 63,65,67,69
qt/positioning/gen_qgeopositioninfosource.cpp
  s_64fea63fed100b::t_793aa64fa6a713 1-2,24,57,61,67,74,78,85,92,96,101,106,110,114,119,123,127,132,136,140,145,149,153,158,162,166,171,175,180,185,189,194,201,205,211,218,222,228,235,239,245,252,256,262,269,273,281,288,292,300,475-478,483,490-493,495,502-505,509,516-519,521,569,575,584,590,599,605,610,616,621,627,632,638,643,649,654,660,665,671,676,682,691,697,706,712,721,727,736,742,751,757,766,772
qt/positioning/gen_qgeopositioninfosource.go
  s_64fea63fed100b::t_5e800f24043729 36-40,260-263,282-285,301-304,323-326,447-451,477-481,501-505,527-531,550-554,573-577,596-600,617-621,638-642,668-672,700-704,734-738,764-768,794-798,824-828,854-858
qt/positioning/gen_qgeopositioninfosource.h
  s_64fea63fed100b::t_a5a79af3c0649e 65,67,69,71
qt/positioning/gen_qgeopositioninfosourcefactory.cpp
  s_64fea63fed100b::t_f1c63fad484be0 1-2,20,24,43,47,52,57,61,66,71,75,80,107,113,118,124,129,135,151,155,182,187,191,218,223,227,254,259,263,268,273,277,282,287,291,296,348,354,359,365,370,376,381,387,392,398,403,409
qt/positioning/gen_qgeopositioninfosourcefactory.go
  s_64fea63fed100b::t_fea439c9f20b92 18-22,77-81,103-107,129-133,169-173,289-293,332-336,375-379,418-422,444-448,470-474
qt/positioning/gen_qgeosatelliteinfosource.cpp
  s_64fea63fed100b::t_385aae6ce77a03 1-2,24,54,58,64,71,75,79,84,88,92,97,101,105,110,114,118,123,127,132,137,141,146,153,157,163,170,174,180,187,191,197,204,208,214,221,225,233,240,244,252,405-408,420,433-436,448,455-458,460,467-470,474,522,528,537,543,548,554,559,565,570,576,581,587,592,598,607,613,622,628,637,643,652,658,667,673,682,688
qt/positioning/gen_qgeosatelliteinfosource.go
  s_64fea63fed100b::t_8dd3144d75bb58 27-31,221-224,257-260,287-290,306-309,433-437,457-461,480-484,503-507,524-528,545-549,575-579,607-611,641-645,671-675,701-705,731-735,761-765
qt/positioning/gen_qgeosatelliteinfosource.h
  s_64fea63fed100b::t_ba848c80c7e0c1 59,61,63,65
qt/positioning/gen_qnmeapositioninfosource.cpp
  s_64fea63fed100b::t_e472e0703d7a78 1-2,23,54,58,66,73,77,83,90,94,101,108,112,117,122,126,130,135,139,143,148,152,156,161,165,169,174,178,182,187,191,196,201,205,210,217,221,227,234,238,244,251,255,261,268,272,278,285,289,297,304,308,316,479,485,494,500,509,515,524,530,535,541,546,552,557,563,568,574,579,585,590,596,601,607,616,622,631,637,646,652,661,667,676,682,691,697
qt/positioning/gen_qnmeapositioninfosource.go
  s_64fea63fed100b::t_58616eb992158d 25-29,280-284,319-323,349-353,373-377,399-403,422-426,445-449,468-472,489-493,510-514,540-544,572-576,606-610,636-640,666-670,696-700,726-730
qt/printsupport/gen_qabstractprintdialog.cpp
  s_64fea63fed100b::t_e6774a49efde48 1-2,49,115,119,125,132,136,140,147,151,155,162,166,171,178,182,186,193,197,203,210,214,219,226,230,235,242,246,252,259,263,269,276,280,286,293,297,303,310,314,320,327,331,337,344,348,352,359,363,368,375,379,383,390,394,398,405,409,414,421,425,431,438,442,448,455,459,465,472,476,482,489,493,499,506,510,516,523,527,533,540,544,550,557,561,567,574,578,584,591,595,601,608,612,618,625,629,635,642,646,652,659,663,669,676,680,686,693,697,703,710,714,720,727,731,737,744,748,760,767,771,777,784,788,794,801,805,811,818,822,827,834,838,842,849,853,859,866,870,876,883,887,892,899,903,909,916,920,926,933,937,943,950,954,962,969,973,981,1151,1157,1166,1172,1181,1187,1196,1202,1211,1217,1226,1232,1241,1247,1256,1262,1271,1277,1286,1292,1301,1307,1316,1322,1331,1337,1346,1352,1361,1367,1376,1382,1391,1397,1406,1412,1421,1427,1436,1442,1451,1457,1466,1472,1481,1487,1496,1502,1511,1517,1526,1532,1541,1547,1556,1562,1571,1577,1586,1592,1601,1607,1616,1622,1631,1637,1646,1652,1661,1667,1676,1682,1691,1697,1706,1712,1721,1727,1737,1743,1752,1758,1767,1773,1782,1788,1797,1803,1812,1818,1827,1833,1842,1848,1857,1863,1872,1878,1887,1893,1902,1908,1917,1923
qt/printsupport/gen_qabstractprintdialog.go
  s_64fea63fed100b::t_639df9e2bc618d 40-44,367-371,399-403,430-434,459-463,486-490,515-519,545-549,572-576,599-603,629-633,659-663,689-693,719-723,749-753,783-787,812-816,844-848,873-877,902-906,934-938,964-968,994-998,1024-1028,1054-1058,1084-1088,1114-1118,1144-1148,1174-1178,1204-1208,1234-1238,1264-1268,1294-1298,1324-1328,1354-1358,1384-1388,1414-1418,1444-1448,1474-1478,1511-1515,1549-1553,1579-1583,1611-1615,1641-1645,1673-1677,1702-1706,1734-1738,1766-1770,1798-1802,1828-1832,1858-1862,1888-1892,1918-1922
qt/printsupport/gen_qpagesetupdialog.cpp
  s_64fea63fed100b::t_823914d57f3380 1-2,48,116,120,124,131,135,141,148,152,158,165,169,173,180,184,188,195,199,204,211,215,220,227,231,236,243,247,253,260,264,270,277,281,287,294,298,304,311,315,321,328,332,338,345,349,353,360,364,369,376,380,384,391,395,399,406,410,415,422,426,432,439,443,449,456,460,466,473,477,483,490,494,500,507,511,517,524,528,534,541,545,551,558,562,568,575,579,585,592,596,602,609,613,619,626,630,636,643,647,653,660,664,670,677,681,687,694,698,704,711,715,721,728,732,738,745,749,761,768,772,778,785,789,795,802,806,812,819,823,828,835,839,843,850,854,860,867,871,877,884,888,893,900,904,910,917,921,927,934,938,944,951,955,963,970,974,982,1108,1114,1123,1129,1138,1144,1153,1159,1168,1174,1183,1189,1198,1204,1213,1219,1228,1234,1243,1249,1258,1264,1273,1279,1288,1294,1303,1309,1318,1324,1333,1339,1348,1354,1363,1369,1378,1384,1393,1399,1408,1414,1423,1429,1438,1444,1453,1459,1468,1474,1483,1489,1498,1504,1513,1519,1528,1534,1543,1549,1558,1564,1573,1579,1588,1594,1603,1609,1618,1624,1633,1639,1648,1654,1663,1669,1678,1684,1694,1700,1709,1715,1724,1730,1739,1745,1754,1760,1769,1775,1784,1790,1799,1805,1814,1820,1829,1835,1844,1850,1859,1865,1874,1880
qt/printsupport/gen_qpagesetupdialog.go
  s_64fea63fed100b::t_aa3ab1d82149b5 18-22,307-311,336-340,366-370,398-402,429-433,458-462,485-489,512-516,539-543,569-573,599-603,629-633,659-663,689-693,723-727,752-756,784-788,813-817,842-846,874-878,904-908,934-938,964-968,994-998,1024-1028,1054-1058,1084-1088,1114-1118,1144-1148,1174-1178,1204-1208,1234-1238,1264-1268,1294-1298,1324-1328,1354-1358,1384-1388,1414-1418,1451-1455,1489-1493,1519-1523,1551-1555,1581-1585,1613-1617,1642-1646,1674-1678,1706-1710,1738-1742,1768-1772,1798-1802,1828-1832,1858-1862
qt/printsupport/gen_qprintdialog.cpp
  s_64fea63fed100b::t_7ac571a20db35f 1-2,49,118,122,126,133,137,142,149,153,159,166,170,176,183,187,191,198,202,206,213,217,222,229,233,238,245,249,255,262,266,272,279,283,289,296,300,306,313,317,323,330,334,340,347,351,355,362,366,371,378,382,386,393,397,401,408,412,417,424,428,434,441,445,451,458,462,468,475,479,485,492,496,502,509,513,519,526,530,536,543,547,553,560,564,570,577,581,587,594,598,604,611,615,621,628,632,638,645,649,655,662,666,672,679,683,689,696,700,706,713,717,723,730,734,740,747,751,763,770,774,780,787,791,797,804,808,814,821,825,830,837,841,845,852,856,862,869,873,879,886,890,895,902,906,912,919,923,929,936,940,946,953,957,965,972,976,984,1090-1093,1096,1148,1154,1163,1169,1178,1184,1193,1199,1208,1214,1223,1229,1238,1244,1253,1259,1268,1274,1283,1289,1298,1304,1313,1319,1328,1334,1343,1349,1358,1364,1373,1379,1388,1394,1403,1409,1418,1424,1433,1439,1448,1454,1463,1469,1478,1484,1493,1499,1508,1514,1523,1529,1538,1544,1553,1559,1568,1574,1583,1589,1598,1604,1613,1619,1628,1634,1643,1649,1658,1664,1673,1679,1688,1694,1703,1709,1718,1724,1734,1740,1749,1755,1764,1770,1779,1785,1794,1800,1809,1815,1824,1830,1839,1845,1854,1860,1869,1875,1884,1890,1899,1905,1914,1920
qt/printsupport/gen_qprintdialog.go
  s_64fea63fed100b::t_7a1c55ae698d8b 18-22,146-149,353-357,382-386,409-413,439-443,471-475,502-506,531-535,558-562,585-589,615-619,645-649,675-679,705-709,735-739,769-773,798-802,830-834,859-863,888-892,920-924,950-954,980-984,1010-1014,1040-1044,1070-1074,1100-1104,1130-1134,1160-1164,1190-1194,1220-1224,1250-1254,1280-1284,1310-1314,1340-1344,1370-1374,1400-1404,1430-1434,1460-1464,1497-1501,1535-1539,1565-1569,1597-1601,1627-1631,1659-1663,1688-1692,1720-1724,1752-1756,1784-1788,1814-1818,1844-1848,1874-1878,1904-1908
qt/printsupport/gen_qprintdialog.h
  s_64fea63fed100b::t_f41d7f3382ed91 109
qt/printsupport/gen_qprinter.cpp
  s_64fea63fed100b::t_cb349a8f49cc80 1-2,27,53,57,61,68,72,79,86,90,98,105,109,113,120,124,128,135,139,147,154,158,164,171,175,181,188,192,197,204,208,212,612,618,627,633,642,648,657,663,672,678,687,693,702,708,717,723,732,738,747,753
qt/printsupport/gen_qprinter.go
  s_64fea63fed100b::t_c81f3c89a37b6b 115-119,571-575,600-604,630-634,660-664,689-693,718-722,748-752,780-784,810-814,842-846
qt/printsupport/gen_qprintpreviewdialog.cpp
  s_64fea63fed100b::t_e0dec9ea7cf5e4 1-2,48,119,123,129,136,140,146,153,157,161,168,172,176,183,187,192,199,203,207,214,218,223,230,234,239,246,250,256,263,267,273,280,284,290,297,301,307,314,318,324,331,335,341,348,352,356,363,367,372,379,383,387,394,398,402,409,413,418,425,429,435,442,446,452,459,463,469,476,480,486,493,497,503,510,514,520,527,531,537,544,548,554,561,565,571,578,582,588,595,599,605,612,616,622,629,633,639,646,650,656,663,667,673,680,684,690,697,701,707,714,718,724,731,735,741,748,752,764,771,775,781,788,792,798,805,809,815,822,826,831,838,842,846,853,857,863,870,874,880,887,891,896,903,907,913,920,924,930,937,941,947,954,958,966,973,977,985,1078-1081,1084,1132,1138,1147,1153,1162,1168,1177,1183,1192,1198,1207,1213,1222,1228,1237,1243,1252,1258,1267,1273,1282,1288,1297,1303,1312,1318,1327,1333,1342,1348,1357,1363,1372,1378,1387,1393,1402,1408,1417,1423,1432,1438,1447,1453,1462,1468,1477,1483,1492,1498,1507,1513,1522,1528,1537,1543,1552,1558,1567,1573,1582,1588,1597,1603,1612,1618,1627,1633,1642,1648,1657,1663,1672,1678,1687,1693,1702,1708,1718,1724,1733,1739,1748,1754,1763,1769,1778,1784,1793,1799,1808,1814,1823,1829,1838,1844,1853,1859,1868,1874,1883,1889,1898,1904
qt/printsupport/gen_qprintpreviewdialog.go
  s_64fea63fed100b::t_64821c7591120b 18-22,138-141,341-345,371-375,403-407,434-438,463-467,490-494,519-523,546-550,573-577,603-607,633-637,663-667,693-697,723-727,757-761,786-790,818-822,847-851,876-880,908-912,938-942,968-972,998-1002,1028-1032,1058-1062,1088-1092,1118-1122,1148-1152,1178-1182,1208-1212,1238-1242,1268-1272,1298-1302,1328-1332,1358-1362,1388-1392,1418-1422,1448-1452,1485-1489,1523-1527,1553-1557,1585-1589,1615-1619,1647-1651,1676-1680,1708-1712,1740-1744,1772-1776,1802-1806,1832-1836,1862-1866,1892-1896
qt/printsupport/gen_qprintpreviewdialog.h
  s_64fea63fed100b::t_c3bc37df2ceb64 104
qt/printsupport/gen_qprintpreviewwidget.cpp
  s_64fea63fed100b::t_6094bea19ee03b 1-2,47,114,118,124,131,135,139,146,150,154,161,165,169,176,180,185,192,196,200,207,211,215,222,226,231,238,242,248,255,259,265,272,276,282,289,293,299,306,310,316,323,327,333,340,344,350,357,361,367,374,378,384,391,395,401,408,412,418,425,429,435,442,446,452,459,463,469,476,480,486,493,497,503,510,514,520,527,531,537,544,548,554,561,565,571,578,582,588,595,599,605,612,616,622,629,633,639,646,650,662,669,673,679,686,690,696,703,707,713,720,724,729,736,740,744,751,755,761,768,772,778,785,789,794,801,805,811,818,822,828,835,839,845,852,856,862,869,873,881,888,892,900,1076-1079,1082,1089-1092,1094,1150,1156,1165,1171,1180,1186,1195,1201,1210,1216,1225,1231,1240,1246,1255,1261,1270,1276,1285,1291,1300,1306,1315,1321,1330,1336,1345,1351,1360,1366,1375,1381,1390,1396,1405,1411,1420,1426,1435,1441,1450,1456,1465,1471,1480,1486,1495,1501,1510,1516,1525,1531,1540,1546,1555,1561,1570,1576,1585,1591,1600,1606,1615,1621,1630,1636,1646,1652,1661,1667,1676,1682,1691,1697,1706,1712,1721,1727,1736,1742,1751,1757,1766,1772,1781,1787,1796,1802,1811,1817,1826,1832,1841,1847
qt/printsupport/gen_qprintpreviewwidget.go
  s_64fea63fed100b::t_d45d689dc07638 34-38,234-237,256-259,452-456,482-486,513-517,544-548,573-577,605-609,634-638,663-667,695-699,725-729,755-759,785-789,815-819,845-849,875-879,905-909,935-939,965-969,995-999,1025-1029,1055-1059,1085-1089,1115-1119,1145-1149,1175-1179,1205-1209,1235-1239,1265-1269,1295-1299,1325-1329,1355-1359,1385-1389,1422-1426,1460-1464,1490-1494,1522-1526,1552-1556,1584-1588,1613-1617,1645-1649,1677-1681,1709-1713,1743-1747,1773-1777,1803-1807,1833-1837,1863-1867
qt/printsupport/gen_qprintpreviewwidget.h
  s_64fea63fed100b::t_ccd2ce40c94e33 122,124
qt/script/gen_qscriptclass.cpp
  s_64fea63fed100b::t_dc072cb566ab26 1-2,19,41,45,59,66,70,82,89,93,109,116,120,132,139,143,150,157,161,165,172,176,180,189,193,199,206,210,219,281,287,297,303,312,318,327,333,343,349,358,364,373,379,395,401,410,416
qt/script/gen_qscriptclass.go
  s_64fea63fed100b::t_945e33e5c2bb56 32-36,130-134,170-174,206-210,242-246,278-282,312-316,343-347,375-379,409-413
qt/script/gen_qscriptengine.cpp
  s_64fea63fed100b::t_5c847ab9c06af8 1-2,31,89,93,98,105,109,115,122,126,132,139,143,149,156,160,166,173,177,185,192,196,204,502-505,510,606,612,621,627,636,642,651,657,666,672,681,687,696,702
qt/script/gen_qscriptengine.go
  s_64fea63fed100b::t_06199cc6a6e023 123-127,496-499,701-705,733-737,767-771,797-801,827-831,857-861,887-891
qt/script/gen_qscriptengine.h
  s_64fea63fed100b::t_96fed2eee3c411 118
qt/script/gen_qscriptengineagent.cpp
  s_64fea63fed100b::t_9dcdd9f40d74ca 1-2,17,41,45,69,76,80,87,94,98,103,110,114,119,126,130,137,144,148,158,165,169,178,185,189,200,207,211,221,228,232,238,245,249,258,321,327,338,344,353,359,368,374,383,389,398,404,413,419,428,434,443,449,458,464,473,479
qt/script/gen_qscriptengineagent.go
  s_64fea63fed100b::t_f49e049ad4e0c7 24-28,139-143,179-183,209-213,236-240,263-267,293-297,325-329,359-363,393-397,425-429,459-463
qt/script/gen_qscriptextensioninterface.cpp
  s_64fea63fed100b::t_5ba881be8fa50c 1-2,17,32,36,49,54,58,62,98,104,109,115
qt/script/gen_qscriptextensioninterface.go
  s_64fea63fed100b::t_7300f97b60ed5d 18-22,77-81,105-109
qt/script/gen_qscriptextensionplugin.cpp
  s_64fea63fed100b::t_535c8d629bdbf6 1-2,25,48,52,56,73,77,90,95,99,104,111,115,121,128,132,138,145,149,155,162,166,172,179,183,191,198,202,210,341,347,352,358,363,369,378,384,393,399,408,414,423,429,438,444,453,459
qt/script/gen_qscriptextensionplugin.go
  s_64fea63fed100b::t_8db0b64f87959b 18-22,235-239,266-270,300-304,332-336,366-370,396-400,426-430,456-460,486-490
qt/sql/gen_qsqldriver.cpp
  s_64fea63fed100b::t_c11ace31a67313 1-2,27,74,78,82,89,93,97,104,108,112,119,123,127,134,138,144,163,167,179,186,190,202,209,213,221,230,234,248,257,261,279,288,292,296,303,307,313,318,322,326,331,335,339,344,348,393,398,402,414,421,425,437,444,448,452,471,475,489,496,500,514,523,527,531,538,542,548,555,559,565,572,576,584,591,595,600,607,611,617,624,628,634,641,645,651,658,662,668,675,679,687,694,698,706,945-948,958,966-969,984,1032,1038,1047,1053,1062,1068,1077,1083,1092,1098,1123,1129,1139,1145,1155,1161,1177,1183,1200,1206,1223,1229,1238,1244,1249,1255,1260,1266,1271,1277,1282,1288,1298,1304,1314,1320,1345,1351,1361,1367,1384,1390,1399,1405,1414,1420,1429,1435,1444,1450,1459,1465,1474,1480,1489,1495,1504,1510,1519,1525,1534,1540
qt/sql/gen_qsqldriver.go
  s_64fea63fed100b::t_6e6cc3b356015b 77-81,359-362,388-391,521-525,550-554,579-583,608-612,646-650,692-696,733-737,770-774,813-817,858-862,903-907,926-930,952-956,973-977,996-1000,1053-1057,1092-1096,1136-1140,1177-1181,1219-1223,1258-1262,1287-1291,1317-1321,1347-1351,1377-1381,1409-1413,1443-1447,1473-1477,1503-1507,1533-1537,1563-1567
qt/sql/gen_qsqldriver.h
  s_64fea63fed100b::t_54e10504544cfe 81,83
qt/sql/gen_qsqldriverplugin.cpp
  s_64fea63fed100b::t_42e804faffbec8 1-2,21,43,47,59,64,68,73,80,84,90,97,101,107,114,118,124,131,135,141,148,152,160,167,171,179,284,290,295,301,310,316,325,331,340,346,355,361,370,376,385,391
qt/sql/gen_qsqldriverplugin.go
  s_64fea63fed100b::t_490e45a5cf84eb 18-22,209-213,244-248,276-280,310-314,340-344,370-374,400-404,430-434
qt/sql/gen_qsqlquerymodel.cpp
  s_64fea63fed100b::t_234b106742f7fc 1-2,35,91,95,102,109,113,120,127,131,139,146,150,158,165,169,180,187,191,200,207,211,220,227,231,236,243,247,255,262,266,273,280,284,288,303,307,312,319,323,330,337,341,350,357,361,370,377,381,393,400,404,411,418,422,433,440,444,451,464,468,490,497,501,505,524,528,542,549,553,565,572,576,580,587,591,595,602,606,615,622,626,635,642,646,659,666,670,683,690,694,702,709,713,720,727,731,745,759,763,770,777,781,785,792,796,801,808,812,817,824,828,834,841,845,851,858,862,868,875,879,885,892,896,904,911,915,923,1138,1144,1153,1159,1168,1174,1183,1189,1198,1204,1213,1219,1228,1234,1243,1249,1258,1264,1273,1279,1288,1294,1322,1328,1337,1343,1352,1358,1367,1373,1382,1388,1397,1403,1413,1419,1428,1434,1457,1463,1478,1484,1509,1515,1530,1536,1545,1551,1561,1567,1577,1583,1592,1598,1607,1613,1622,1628,1637,1643,1652,1658,1667,1673,1691,1697,1706,1712,1721,1727,1736,1742,1751,1757,1766,1772,1781,1787,1796,1802,1811,1817,1826,1832
qt/sql/gen_qsqlquerymodel.go
  s_64fea63fed100b::t_82c91b2d30dc82 18-22,614-618,646-650,680-684,716-720,752-756,790-794,826-830,862-866,889-893,919-923,964-968,1013-1017,1042-1046,1076-1080,1114-1118,1150-1154,1190-1194,1222-1226,1271-1275,1331-1335,1387-1391,1430-1434,1470-1474,1510-1514,1539-1543,1568-1572,1604-1608,1640-1644,1680-1684,1720-1724,1754-1758,1794-1798,1841-1845,1873-1877,1902-1906,1929-1933,1961-1965,1995-1999,2025-2029,2055-2059,2085-2089,2115-2119
qt/sql/gen_qsqlrelationaltablemodel.cpp
  s_64fea63fed100b::t_eff906091708bb 1-2,39,174,178,186,193,197,208,215,219,228,235,239,244,251,255,259,266,270,283,290,294,303,310,314,319,326,330,336,343,347,351,360,364,372,379,383,390,397,401,405,414,418,425,432,436,444,451,455,462,469,473,481,488,492,500,507,511,524,531,535,542,549,553,562,569,573,582,589,593,598,605,609,613,620,624,629,636,640,645,652,656,663,670,674,681,688,692,703,710,714,723,730,734,742,749,753,760,767,771,775,790,794,799,806,810,819,826,830,839,846,850,862,869,873,880,893,897,919,926,930,934,953,957,971,978,982,994,1001,1005,1009,1016,1020,1024,1031,1035,1048,1055,1059,1072,1079,1083,1090,1097,1101,1115,1129,1133,1140,1147,1151,1156,1163,1167,1173,1180,1184,1190,1197,1201,1207,1214,1218,1224,1231,1235,1243,1250,1254,1262,1436,1442,1451,1457,1466,1472,1481,1487,1496,1502,1511,1517,1527,1533,1542,1548,1557,1563,1572,1578,1594,1600,1609,1615,1624,1630,1646,1652,1662,1668,1677,1683,1692,1698,1707,1713,1722,1728,1738,1744,1753,1759,1768,1774,1783,1789,1798,1804,1813,1819,1828,1834,1843,1849,1858,1864,1873,1879,1888,1894,1903,1909,1918,1924,1933,1939,1967,1973,1982,1988,1997,2003,2012,2018,2027,2033,2056,2062,2077,2083,2108,2114,2129,2135,2144,2150,2160,2166,2176,2182,2191,2197,2206,2212,2221,2227,2245,2251,2260,2266,2275,2281,2290,2296,2305,2311,2320,2326,2335,2341,2350,2356
qt/sql/gen_qsqlrelationaltablemodel.go
  s_64fea63fed100b::t_80f25933c20603 134-138,725-729,759-763,795-799,831-835,858-862,891-895,924-928,956-960,988-992,1020-1024,1052-1056,1086-1090,1120-1124,1152-1156,1186-1190,1222-1226,1252-1256,1284-1288,1320-1324,1353-1357,1385-1389,1421-1425,1457-1461,1489-1493,1518-1522,1545-1549,1579-1583,1611-1615,1643-1647,1681-1685,1717-1721,1747-1751,1792-1796,1841-1845,1870-1874,1908-1912,1944-1948,1997-2001,2057-2061,2113-2117,2156-2160,2196-2200,2236-2240,2265-2269,2294-2298,2334-2338,2376-2380,2416-2420,2463-2467,2495-2499,2527-2531,2561-2565,2591-2595,2621-2625,2651-2655,2681-2685
qt/sql/gen_qsqltablemodel.cpp
  s_64fea63fed100b::t_dc8e05df81fd51 1-2,37,110,114,127,134,138,145,152,156,164,171,175,186,193,197,205,212,216,221,228,232,239,246,250,258,265,269,277,284,288,301,308,312,319,326,330,339,346,350,359,366,370,379,386,390,396,403,407,411,418,422,427,434,438,442,449,453,458,465,469,477,484,488,495,502,506,511,518,522,526,535,539,543,552,556,563,570,574,581,588,592,603,610,614,623,630,634,642,649,653,660,667,671,675,690,694,699,706,710,719,726,730,739,746,750,762,769,773,780,793,797,819,826,830,834,853,857,871,878,882,894,901,905,909,916,920,924,931,935,948,955,959,972,979,983,990,997,1001,1015,1029,1033,1040,1047,1051,1056,1063,1067,1073,1080,1084,1090,1097,1101,1107,1114,1118,1124,1131,1135,1143,1150,1154,1162,1401-1404,1410,1417-1420,1425,1432-1435,1441,1448-1451,1454,1502,1508,1518,1524,1534,1540,1549,1555,1564,1570,1579,1585,1594,1600,1609,1615,1624,1630,1639,1645,1655,1661,1670,1676,1685,1691,1700,1706,1715,1721,1730,1736,1745,1751,1760,1766,1775,1781,1790,1796,1805,1811,1820,1826,1835,1841,1857,1863,1879,1885,1894,1900,1909,1915,1924,1930,1939,1945,1954,1960,1969,1975,2003,2009,2018,2024,2033,2039,2048,2054,2063,2069,2092,2098,2113,2119,2144,2150,2165,2171,2180,2186,2196,2202,2212,2218,2227,2233,2242,2248,2257,2263,2281,2287,2296,2302,2311,2317,2326,2332,2341,2347,2356,2362,2371,2377,2386,2392
qt/sql/gen_qsqltablemodel.go
  s_64fea63fed100b::t_ab9f0bda5df5b0 26-30,278-281,302-305,324-327,348-351,821-825,854-858,888-892,922-926,960-964,996-1000,1023-1027,1053-1057,1085-1089,1121-1125,1154-1158,1186-1190,1222-1226,1258-1262,1294-1298,1324-1328,1353-1357,1385-1389,1414-1418,1441-1445,1475-1479,1507-1511,1541-1545,1575-1579,1609-1613,1641-1645,1673-1677,1711-1715,1747-1751,1777-1781,1822-1826,1871-1875,1900-1904,1938-1942,1974-1978,2027-2031,2087-2091,2143-2147,2186-2190,2226-2230,2266-2270,2295-2299,2324-2328,2364-2368,2406-2410,2446-2450,2493-2497,2525-2529,2557-2561,2591-2595,2621-2625,2651-2655,2681-2685,2711-2715
qt/sql/gen_qsqltablemodel.h
  s_64fea63fed100b::t_c48dad471923d9 103,105,107,109
qt/svg/gen_qgraphicssvgitem.cpp
  s_64fea63fed100b::t_952aabf6202623 1-2,39,97,101,105,112,116,124,131,135,139,146,150,155,162,166,172,179,183,189,196,200,206,213,217,223,230,234,242,249,253,261,268,272,278,285,289,293,300,304,311,318,322,329,336,340,349,356,360,365,372,376,380,387,391,397,404,408,413,420,424,430,437,441,447,454,458,464,471,475,481,488,492,498,505,509,515,522,526,532,539,543,549,556,560,566,573,577,583,590,594,600,607,611,617,624,628,634,641,645,651,658,662,668,675,679,685,692,696,702,709,713,719,726,730,736,743,747,756,763,767,773,780,784,794,801,805,812,978,984,993,999,1008,1014,1023,1029,1038,1044,1053,1059,1068,1074,1083,1089,1098,1104,1113,1119,1128,1134,1143,1149,1158,1164,1173,1179,1188,1194,1203,1209,1218,1224,1233,1239,1248,1254,1263,1269,1278,1284,1293,1299,1308,1314,1323,1329,1338,1344,1353,1359,1368,1374,1383,1389,1398,1404,1413,1419,1428,1434,1443,1449,1458,1464,1473,1479,1488,1494,1503,1509,1518,1524,1533,1539,1548,1554,1563,1569,1578,1584,1593,1599
qt/svg/gen_qgraphicssvgitem.go
  s_64fea63fed100b::t_fe0f34e1e7bdbf 24-28,338-342,367-371,401-405,430-434,462-466,496-500,526-530,556-560,586-590,616-620,646-650,678-682,707-711,739-743,773-777,807-811,841-845,870-874,904-908,936-940,966-970,996-1000,1026-1030,1056-1060,1086-1090,1116-1120,1146-1150,1176-1180,1206-1210,1236-1240,1266-1270,1296-1300,1326-1330,1356-1360,1386-1390,1416-1420,1446-1450,1478-1482,1512-1516,1546-1550,1578-1582,1612-1616
qt/svg/gen_qsvggenerator.cpp
  s_64fea63fed100b::t_98848646aec417 1-2,22,41,45,49,56,60,66,73,77,81,88,92,98,105,109,114,121,125,129,234,240,249,255,264,270,279,285,294,300,309,315
qt/svg/gen_qsvggenerator.go
  s_64fea63fed100b::t_da794a6a4d04b9 18-22,162-166,191-195,223-227,252-256,282-286,314-318
qt/svg/gen_qsvgrenderer.cpp
  s_64fea63fed100b::t_9e9a303a357b76 1-2,28,56,60,65,72,76,82,89,93,99,106,110,116,123,127,133,140,144,152,159,163,171,362-365,367,420,426,435,441,450,456,465,471,480,486,495,501,510,516
qt/svg/gen_qsvgrenderer.go
  s_64fea63fed100b::t_e076338842c442 18-22,299-302,431-435,463-467,497-501,527-531,557-561,587-591,617-621
qt/svg/gen_qsvgrenderer.h
  s_64fea63fed100b::t_e8435ac41a42e6 87
qt/svg/gen_qsvgwidget.cpp
  s_64fea63fed100b::t_9aa948d1e5b56a 1-2,47,110,114,118,125,129,135,142,146,150,157,161,167,174,178,182,189,193,198,205,209,213,220,224,228,235,239,244,251,255,261,268,272,278,285,289,295,302,306,312,319,323,329,336,340,346,353,357,363,370,374,380,387,391,397,404,408,414,421,425,431,438,442,448,455,459,465,472,476,482,489,493,499,506,510,516,523,527,533,540,544,550,557,561,567,574,578,584,591,595,601,608,612,618,625,629,635,642,646,658,665,669,675,682,686,692,699,703,709,716,720,725,732,736,740,747,751,757,764,768,774,781,785,790,797,801,807,814,818,824,831,835,841,848,852,858,865,869,877,884,888,896,1029,1035,1044,1050,1059,1065,1074,1080,1089,1095,1104,1110,1119,1125,1134,1140,1149,1155,1164,1170,1179,1185,1194,1200,1209,1215,1224,1230,1239,1245,1254,1260,1269,1275,1284,1290,1299,1305,1314,1320,1329,1335,1344,1350,1359,1365,1374,1380,1389,1395,1404,1410,1419,1425,1434,1440,1449,1455,1464,1470,1479,1485,1494,1500,1509,1515,1525,1531,1540,1546,1555,1561,1570,1576,1585,1591,1600,1606,1615,1621,1630,1636,1645,1651,1660,1666,1675,1681,1690,1696,1705,1711,1720,1726
qt/svg/gen_qsvgwidget.go
  s_64fea63fed100b::t_038d6d252a8928 18-22,322-326,351-355,381-385,410-414,442-446,471-475,503-507,532-536,561-565,593-597,623-627,653-657,683-687,713-717,743-747,773-777,803-807,833-837,863-867,893-897,923-927,953-957,983-987,1013-1017,1043-1047,1073-1077,1103-1107,1133-1137,1163-1167,1193-1197,1223-1227,1253-1257,1290-1294,1328-1332,1358-1362,1390-1394,1420-1424,1452-1456,1481-1485,1513-1517,1545-1549,1577-1581,1611-1615,1641-1645,1671-1675,1701-1705,1731-1735
qt/uitools/gen_quiloader.cpp
  s_64fea63fed100b::t_9448f6c8fa27c3 1-2,27,52,56,77,84,88,109,116,120,133,140,144,157,164,168,173,180,184,190,197,201,207,214,218,224,231,235,241,248,252,260,267,271,279,513,519,530,536,547,553,563,569,579,585,594,600,609,615,624,630,639,645,654,660,669,675
qt/uitools/gen_quiloader.go
  s_64fea63fed100b::t_0e24813016d62c 18-22,347-351,396-400,441-445,482-486,519-523,551-555,585-589,615-619,645-649,675-679,705-709
qt/webchannel/gen_qqmlwebchannel.cpp
  s_64fea63fed100b::t_d6dc66fbe53ae1 1-2,23,44,48,53,60,64,70,77,81,87,94,98,104,111,115,121,128,132,140,147,151,159,278,284,293,299,308,314,323,329,338,344,353,359,368,374
qt/webchannel/gen_qqmlwebchannel.go
  s_64fea63fed100b::t_650504c74d745c 18-22,238-242,270-274,304-308,334-338,364-368,394-398,424-428
qt/webchannel/gen_qwebchannel.cpp
  s_64fea63fed100b::t_02499b972a590c 1-2,22,44,48,53,60,64,70,77,81,87,94,98,104,111,115,121,128,132,140,147,151,159,272-275,278,334,340,349,355,364,370,379,385,394,400,409,415,424,430
qt/webchannel/gen_qwebchannel.go
  s_64fea63fed100b::t_a5bd063049efbd 18-22,162-165,297-301,329-333,363-367,393-397,423-427,453-457,483-487
qt/webchannel/gen_qwebchannel.h
  s_64fea63fed100b::t_d3070fc3a855ba 51
qt/webchannel/gen_qwebchannelabstracttransport.cpp
  s_64fea63fed100b::t_d05f87129975b2 1-2,21,44,48,55,60,64,69,76,80,86,93,97,103,110,114,120,127,131,137,144,148,156,163,167,175,238-241,247,295,301,306,312,321,327,336,342,351,357,366,372,381,387,396,402
qt/webchannel/gen_qwebchannelabstracttransport.go
  s_64fea63fed100b::t_ead9c9bc7f3cb7 18-22,106-109,229-233,259-263,291-295,325-329,355-359,385-389,415-419,445-449
qt/webchannel/gen_qwebchannelabstracttransport.h
  s_64fea63fed100b::t_cb0e1631686c4f 46
qt/webengine/gen_qwebenginecookiestore.cpp
  s_64fea63fed100b::t_332b8e3cacb378 1-2,20,85-88,93,100-103,108
qt/webengine/gen_qwebenginecookiestore.go
  s_64fea63fed100b::t_430214b98610f3 19-23,111-114,133-136
qt/webengine/gen_qwebenginecookiestore.h
  s_64fea63fed100b::t_ea8240c058cb12 50,52
qt/webengine/gen_qwebenginedownloaditem.cpp
  s_64fea63fed100b::t_b11540bb952418 1-2,19,222-225,227,234-237,241,248-251,257,264-267,270
qt/webengine/gen_qwebenginedownloaditem.go
  s_64fea63fed100b::t_72f1cdb92d536f 75-79,283-286,302-305,324-327,348-351
qt/webengine/gen_qwebenginedownloaditem.h
  s_64fea63fed100b::t_636cf4d11ffa0d 65,67,69,71
qt/webengine/gen_qwebenginenotification.cpp
  s_64fea63fed100b::t_a85903d4496b01 1-2,19,136-139,141
qt/webengine/gen_qwebenginenotification.go
  s_64fea63fed100b::t_7d5cbaf5548d97 18-22,150-153
qt/webengine/gen_qwebenginenotification.h
  s_64fea63fed100b::t_61074f4b9eeb95 50
qt/webengine/gen_qwebenginepage.cpp
  s_64fea63fed100b::t_23261f16ca22c9 1-2,46,107,111,119,126,130,135,142,146,152,159,163,203,222,226,242,249,253,268,275,279,303,310,314,321,328,332,342,349,353,359,366,370,376,383,387,393,400,404,410,417,421,429,436,440,448,761-764,766,773-776,779,786-789,792,800-803,813,820-823,825,832-835,840,847-850,852,859-862,869,876-879,886,893-896,899,906-909,912,919-922,925,932-935,941,949-952,966,973-976,981,989-992,1002,1009-1012,1017,1024-1027,1032,1039-1042,1047,1054-1057,1062,1069-1072,1077,1084-1087,1090,1097-1100,1103,1110-1113,1117,1125-1128,1139,1146-1149,1151,1158-1161,1164,1171-1174,1178,1185-1188,1192,1199-1202,1207,1292,1298,1307,1313,1322,1328,1337,1343,1382,1388,1398,1404,1414,1420,1431,1437,1446,1452,1461,1467,1476,1482,1491,1497,1506,1512,1521,1527,1536,1542
qt/webengine/gen_qwebenginepage.go
  s_64fea63fed100b::t_3c6df3d6e5af54 153-157,520-523,539-542,561-564,587-590,612-615,631-634,653-656,672-675,696-699,720-723,744-747,768-771,792-795,820-823,849-852,877-880,902-905,924-927,946-949,968-971,990-993,1012-1015,1034-1037,1056-1059,1082-1085,1108-1111,1127-1130,1149-1152,1171-1174,1193-1196,1390-1394,1422-1426,1454-1458,1515-1519,1581-1585,1620-1624,1665-1669,1706-1710,1738-1742,1774-1778,1808-1812,1838-1842,1868-1872,1898-1902,1928-1932
qt/webengine/gen_qwebenginepage.h
  s_64fea63fed100b::t_8d6a33233d3de9 147,149,151,153,155,157,159,161,163,165,167,169,171,173,175,177,179,181,183,185,187,189,191,193,195,197,199,201,203,205
qt/webengine/gen_qwebengineprofile.cpp
  s_64fea63fed100b::t_c2f37ccae24fcf 1-2,30,54,58,63,70,74,80,87,91,97,104,108,114,121,125,131,138,142,150,157,161,169,479-482,485,537,543,552,558,567,573,582,588,597,603,612,618,627,633
qt/webengine/gen_qwebengineprofile.go
  s_64fea63fed100b::t_d3b6c6c8220d0b 34-38,382-385,513-517,545-549,579-583,609-613,639-643,669-673,699-703
qt/webengine/gen_qwebengineprofile.h
  s_64fea63fed100b::t_b8c0e28b7f4f08 101
qt/webengine/gen_qwebengineurlrequestinterceptor.cpp
  s_64fea63fed100b::t_cda3c29f0e25c6 1-2,21,43,47,54,59,63,68,75,79,85,92,96,102,109,113,119,126,130,136,143,147,155,162,166,174,278,284,289,295,304,310,319,325,334,340,349,355,364,370,379,385
qt/webengine/gen_qwebengineurlrequestinterceptor.go
  s_64fea63fed100b::t_9a70ea8aa7864a 18-22,205-209,235-239,267-271,301-305,331-335,361-365,391-395,421-425
qt/webengine/gen_qwebengineurlschemehandler.cpp
  s_64fea63fed100b::t_78a93a4b9e20f2 1-2,21,43,47,52,57,61,66,73,77,83,90,94,100,107,111,117,124,128,134,141,145,153,160,164,172,276,282,287,293,302,308,317,323,332,338,347,353,362,368,377,383
qt/webengine/gen_qwebengineurlschemehandler.go
  s_64fea63fed100b::t_ee89a36493b02a 18-22,205-209,235-239,267-271,301-305,331-335,361-365,391-395,421-425
qt/webengine/gen_qwebengineview.cpp
  s_64fea63fed100b::t_b2442b111dd37b 1-2,53,124,128,132,139,143,149,156,160,166,173,177,182,189,193,199,206,210,216,223,227,233,240,244,250,257,261,267,274,278,284,291,295,301,308,312,316,323,327,333,340,344,348,355,359,364,371,375,379,386,390,394,401,405,411,418,422,428,435,439,445,452,456,462,469,473,479,486,490,496,503,507,513,520,524,530,537,541,547,554,558,564,571,575,581,588,592,598,605,609,615,622,626,632,639,643,649,656,660,666,673,677,689,696,700,706,713,717,723,730,734,740,747,751,756,763,767,771,778,782,788,795,799,805,812,816,821,828,832,838,845,849,855,862,866,872,879,883,889,896,900,908,915,919,927,1109-1112,1114,1121-1124,1127,1134-1137,1140,1148-1151,1161,1168-1171,1173,1180-1183,1188,1195-1198,1203,1210-1213,1218,1225-1228,1233,1307,1313,1322,1328,1337,1343,1352,1358,1367,1373,1382,1388,1397,1403,1412,1418,1427,1433,1442,1448,1457,1463,1472,1478,1487,1493,1502,1508,1517,1523,1532,1538,1547,1553,1562,1568,1577,1583,1592,1598,1607,1613,1622,1628,1637,1643,1652,1658,1667,1673,1682,1688,1697,1703,1712,1718,1727,1733,1742,1748,1757,1763,1772,1778,1787,1793,1802,1808,1818,1824,1833,1839,1848,1854,1863,1869,1878,1884,1893,1899,1908,1914,1923,1929,1938,1944,1953,1959,1968,1974,1983,1989,1998,2004,2013,2019
qt/webengine/gen_qwebengineview.go
  s_64fea63fed100b::t_86978a0365b896 18-22,231-234,250-253,272-275,298-301,323-326,342-345,364-367,386-389,408-411,653-657,682-686,714-718,744-748,776-780,806-810,836-840,866-870,896-900,926-930,956-960,986-990,1015-1019,1047-1051,1076-1080,1108-1112,1137-1141,1166-1170,1196-1200,1226-1230,1256-1260,1286-1290,1316-1320,1346-1350,1376-1380,1406-1410,1436-1440,1466-1470,1496-1500,1526-1530,1556-1560,1586-1590,1616-1620,1653-1657,1691-1695,1721-1725,1753-1757,1783-1787,1815-1819,1844-1848,1876-1880,1908-1912,1940-1944,1974-1978,2004-2008,2034-2038,2064-2068,2094-2098
qt/webengine/gen_qwebengineview.h
  s_64fea63fed100b::t_722e8e419c48c4 132,134,136,138,140,142,144,146,148
qt/webkit/gen_qgraphicswebview.cpp
  s_64fea63fed100b::t_09e8c96a5695e6 1-2,54,139,143,151,158,162,167,174,178,186,193,197,206,213,217,222,229,233,242,249,253,259,266,270,276,283,287,293,300,304,310,317,321,327,334,338,344,351,355,361,368,372,378,385,389,395,402,406,412,419,423,429,436,440,446,453,457,463,470,474,480,487,491,497,504,508,514,521,525,531,538,542,548,555,559,564,571,575,580,587,591,604,611,615,619,626,630,638,645,649,653,660,664,668,675,679,685,692,696,711,718,722,727,734,738,745,752,756,762,769,773,779,786,790,796,803,807,813,820,824,829,836,840,846,853,857,863,870,874,880,887,891,897,904,908,914,921,925,931,938,942,948,955,959,965,972,976,982,989,993,999,1006,1010,1018,1025,1029,1037,1044,1048,1054,1061,1065,1072,1079,1083,1090,1097,1101,1110,1117,1121,1126,1133,1137,1141,1148,1152,1158,1165,1169,1175,1182,1186,1192,1199,1203,1213,1220,1224,1231,1452-1455,1457,1464-1467,1470,1477-1480,1483,1490-1493,1498,1506-1509,1519,1526-1529,1531,1539-1542,1552,1559-1562,1567,1654,1660,1669,1675,1684,1690,1699,1705,1714,1720,1729,1735,1744,1750,1759,1765,1774,1780,1789,1795,1804,1810,1819,1825,1834,1840,1849,1855,1864,1870,1879,1885,1894,1900,1909,1915,1924,1930,1939,1945,1954,1960,1969,1975,1984,1990,1999,2005,2014,2020,2029,2035,2044,2050,2059,2065,2074,2080,2089,2095,2104,2110,2119,2125,2134,2140,2150,2156,2165,2171,2181,2187,2196,2202,2211,2217,2226,2232,2241,2247,2256,2262,2271,2277,2286,2292,2301,2307,2316,2322,2331,2337,2346,2352,2361,2367,2376,2382,2391,2397,2406,2412,2421,2427,2436,2442,2451,2457,2466,2472,2481,2487,2496,2502,2511,2517,2526,2532,2541,2547,2556,2562,2571,2577,2586,2592
qt/webkit/gen_qgraphicswebview.go
  s_64fea63fed100b::t_d4629afc9b282c 19-23,275-278,294-297,316-319,338-341,364-367,389-392,412-415,437-440,705-709,735-739,762-766,798-802,832-836,866-870,902-906,934-938,964-968,994-998,1024-1028,1054-1058,1084-1088,1114-1118,1144-1148,1174-1178,1204-1208,1234-1238,1264-1268,1294-1298,1324-1328,1354-1358,1384-1388,1414-1418,1444-1448,1476-1480,1508-1512,1544-1548,1573-1577,1609-1613,1640-1644,1669-1673,1705-1709,1741-1745,1773-1777,1805-1809,1835-1839,1865-1869,1895-1899,1925-1929,1952-1956,1982-1986,2012-2016,2042-2046,2072-2076,2102-2106,2132-2136,2166-2170,2196-2200,2226-2230,2256-2260,2286-2290,2316-2320,2346-2350,2378-2382,2412-2416,2446-2450,2480-2484,2509-2513,2543-2547,2573-2577,2605-2609,2639-2643
qt/webkit/gen_qgraphicswebview.h
  s_64fea63fed100b::t_a95412b69572f3 145,147,149,151,153,155,157,159
qt/webkit/gen_qwebframe.cpp
  s_64fea63fed100b::t_d412ed08221da2 1-2,36,448-451,453,460-463,465,473-476,486,493-496,501,508-511,513,520-523,525,532-535,540,547-550,552,559-562,565,572-575,577
qt/webkit/gen_qwebframe.go
  s_64fea63fed100b::t_cd983fec89e375 207-211,552-555,571-574,594-597,619-622,641-644,660-663,679-682,701-704,720-723,742-745
qt/webkit/gen_qwebframe.h
  s_64fea63fed100b::t_723123265822fd 142,144,146,148,150,152,154,156,158,160
qt/webkit/gen_qwebhistoryinterface.cpp
  s_64fea63fed100b::t_38e5d2c4fd3ab9 1-2,20,43,47,59,64,68,80,85,89,94,101,105,111,118,122,128,135,139,145,152,156,162,169,173,181,188,192,200,318,324,329,335,340,346,355,361,370,376,385,391,400,406,415,421,430,436
qt/webkit/gen_qwebhistoryinterface.go
  s_64fea63fed100b::t_f10adadf2c0da5 18-22,225-229,254-258,287-291,319-323,353-357,383-387,413-417,443-447,473-477
qt/webkit/gen_qwebinspector.cpp
  s_64fea63fed100b::t_7945d13191da40 1-2,47,108,112,116,123,127,132,139,143,149,156,160,166,173,177,183,190,194,200,207,211,215,222,226,232,239,243,247,254,258,263,270,274,278,285,289,293,300,304,310,317,321,327,334,338,344,351,355,361,368,372,378,385,389,395,402,406,412,419,423,429,436,440,446,453,457,463,470,474,480,487,491,497,504,508,514,521,525,531,538,542,548,555,559,565,572,576,582,589,593,599,606,610,616,623,627,633,640,644,656,663,667,673,680,684,690,697,701,707,714,718,723,730,734,738,745,749,755,762,766,772,779,783,788,795,799,805,812,816,822,829,833,839,846,850,856,863,867,875,882,886,894,1015,1021,1030,1036,1045,1051,1060,1066,1075,1081,1090,1096,1105,1111,1120,1126,1135,1141,1150,1156,1165,1171,1180,1186,1195,1201,1210,1216,1225,1231,1240,1246,1255,1261,1270,1276,1285,1291,1300,1306,1315,1321,1330,1336,1345,1351,1360,1366,1375,1381,1390,1396,1405,1411,1420,1426,1435,1441,1450,1456,1465,1471,1480,1486,1495,1501,1511,1517,1526,1532,1541,1547,1556,1562,1571,1577,1586,1592,1601,1607,1616,1622,1631,1637,1646,1652,1661,1667,1676,1682,1691,1697,1706,1712
qt/webkit/gen_qwebinspector.go
  s_64fea63fed100b::t_9473d58f50f010 18-22,291-295,320-324,352-356,382-386,412-416,442-446,472-476,501-505,533-537,562-566,594-598,623-627,652-656,682-686,712-716,742-746,772-776,802-806,832-836,862-866,892-896,922-926,952-956,982-986,1012-1016,1042-1046,1072-1076,1102-1106,1132-1136,1162-1166,1192-1196,1222-1226,1259-1263,1297-1301,1327-1331,1359-1363,1389-1393,1421-1425,1450-1454,1482-1486,1514-1518,1546-1550,1580-1584,1610-1614,1640-1644,1670-1674,1700-1704
qt/webkit/gen_qwebkitplatformplugin.cpp
  s_64fea63fed100b::t_8aff3af6d072bc 1-2,30,33,161-164,169,176-179,181,312-315,317,324-327,329
qt/webkit/gen_qwebkitplatformplugin.go
  s_64fea63fed100b::t_25f5abe4055492 170-174,258-261,284-287,434-438,510-513,529-532
qt/webkit/gen_qwebkitplatformplugin.h
  s_64fea63fed100b::t_d808cfe101047b 82,84,107,109
qt/webkit/gen_qwebpage.cpp
  s_64fea63fed100b::t_7c5d4bd3f5857f 1-2,52,116,120,128,135,139,144,151,155,163,170,174,180,187,191,195,202,206,212,219,223,272,279,283,293,300,304,317,326,330,344,351,355,368,375,379,401,408,412,419,428,432,438,445,449,455,462,466,472,479,483,489,496,500,508,515,519,527,839-842,844,851-854,857,864-867,870,880-883,909,917-920,930,937-940,942,949-952,955,962-965,970,977-980,985,992-995,1002,1009-1012,1014,1021-1024,1027,1034-1037,1042,1049-1052,1055,1062-1065,1068,1075-1078,1081,1088-1091,1094,1101-1104,1109,1116-1119,1124,1131-1134,1136,1143-1146,1148,1156-1159,1170,1177-1180,1187,1194-1197,1201,1208-1211,1214,1221-1224,1226,1233-1236,1241,1248-1251,1256,1263-1266,1269,1278-1281,1304,1311-1314,1317,1370,1376,1385,1391,1400,1406,1415,1421,1430,1436,1445,1451,1460,1466,1490,1496,1505,1511,1528,1534,1544,1550,1560,1566,1577,1583,1599,1605,1614,1620,1629,1635,1644,1650,1659,1665,1674,1680
qt/webkit/gen_qwebpage.go
  s_64fea63fed100b::t_f639775ec4540a 210-214,543-546,562-565,584-587,618-621,655-658,680-683,699-702,721-724,743-746,765-768,791-794,810-813,832-835,854-857,876-879,898-901,920-923,942-945,964-967,986-989,1005-1008,1028-1031,1055-1058,1081-1084,1105-1108,1127-1130,1146-1149,1170-1173,1194-1197,1226-1229,1261-1264,1396-1400,1428-1432,1460-1464,1496-1500,1528-1532,1557-1561,1613-1617,1671-1675,1713-1717,1757-1761,1796-1800,1841-1845,1882-1886,1917-1921,1951-1955,1981-1985,2011-2015,2041-2045,2071-2075
qt/webkit/gen_qwebpage.h
  s_64fea63fed100b::t_f7d01eb0f529de 185,187,189,191,193,195,197,199,201,203,205,207,209,211,213,215,217,219,221,223,225,227,229,231,233,235,237,239,241,243,245
qt/webkit/gen_qwebpluginfactory.cpp
  s_64fea63fed100b::t_0364cd99a8de3b 1-2,26,52,56,60,72,76,81,88,92,141,146,150,158,165,169,175,182,186,191,198,202,208,215,219,225,232,236,242,249,253,259,266,270,278,285,289,297,441,447,452,458,467,473,478,484,493,499,508,514,523,529,538,544,553,559,568,574,583,589,598,604
qt/webkit/gen_qwebpluginfactory.go
  s_64fea63fed100b::t_134a24067ecf76 18-22,253-257,287-291,308-312,366-370,402-406,434-438,466-470,500-504,530-534,560-564,590-594,620-624
qt/webkit/gen_qwebview.cpp
  s_64fea63fed100b::t_e668de7b2d49a6 1-2,54,125,129,135,142,146,150,157,161,166,173,177,183,190,194,200,207,211,217,224,228,234,241,245,251,258,262,268,275,279,285,292,296,302,309,313,319,326,330,336,343,347,353,360,364,370,377,381,387,394,398,404,411,415,421,428,432,438,445,449,455,462,466,472,479,483,489,496,500,505,512,516,520,527,531,537,544,548,552,559,563,568,575,579,583,590,594,598,605,609,615,622,626,632,639,643,649,656,660,666,673,677,683,690,694,700,707,711,717,724,728,734,741,745,757,764,768,774,781,785,791,798,802,807,814,818,822,829,833,839,846,850,856,863,867,873,880,884,890,897,901,909,916,920,928,1155-1158,1160,1167-1170,1173,1180-1183,1186,1194-1197,1207,1215-1218,1228,1235-1238,1243,1250-1253,1255,1262-1265,1267,1274-1277,1282,1369,1375,1384,1390,1399,1405,1414,1420,1429,1435,1444,1450,1459,1465,1474,1480,1489,1495,1504,1510,1519,1525,1534,1540,1549,1555,1564,1570,1579,1585,1594,1600,1609,1615,1624,1630,1639,1645,1654,1660,1669,1675,1684,1690,1699,1705,1714,1720,1729,1735,1744,1750,1759,1765,1774,1780,1789,1795,1804,1810,1819,1825,1834,1840,1849,1855,1864,1870,1879,1885,1894,1900,1909,1915,1924,1930,1940,1946,1955,1961,1970,1976,1985,1991,2000,2006,2015,2021,2030,2036,2045,2051,2060,2066,2075,2081
qt/webkit/gen_qwebview.go
  s_64fea63fed100b::t_66e9c619f214d7 20-24,272-275,291-294,313-316,339-342,368-371,393-396,415-418,434-437,453-456,715-719,749-753,778-782,810-814,840-844,870-874,902-906,932-936,962-966,992-996,1022-1026,1052-1056,1082-1086,1112-1116,1142-1146,1172-1176,1202-1206,1232-1236,1262-1266,1292-1296,1322-1326,1352-1356,1382-1386,1414-1418,1443-1447,1475-1479,1504-1508,1536-1540,1565-1569,1594-1598,1624-1628,1654-1658,1684-1688,1714-1718,1744-1748,1774-1778,1804-1808,1841-1845,1879-1883,1911-1915,1941-1945,1973-1977,2002-2006,2036-2040,2066-2070,2096-2100,2126-2130,2156-2160
qt/webkit/gen_qwebview.h
  s_64fea63fed100b::t_7755b27847c3be 143,145,147,149,151,153,155,157,159
qt/websockets/gen_qmaskgenerator.cpp
  s_64fea63fed100b::t_a92783f497debc 1-2,16,39,43,47,52,56,60,65,69,74,81,85,91,98,102,108,115,119,125,132,136,142,149,153,161,168,172,180,215,221,226,232,237,243,252,258,267,273,282,288,297,303,312,318,327,333
qt/websockets/gen_qmaskgenerator.go
  s_64fea63fed100b::t_d2d2437bbca62c 18-22,137-141,160-164,189-193,221-225,255-259,285-289,315-319,345-349,375-379
qt/websockets/gen_qwebsocket.cpp
  s_64fea63fed100b::t_a85d56019abb6a 1-2,31,69,73,78,85,89,95,102,106,112,119,123,129,136,140,146,153,157,165,172,176,184,502-505,507,514-517,519,526-529,531,538-541,545,552-555,561,568-571,573,581-584,595,603-606,615,623-626,636,644-647,655,662-665,669,677-680,690,697-700,704,717-720,732,739-742,745,807,813,822,828,837,843,852,858,867,873,882,888,897,903
qt/websockets/gen_qwebsocket.go
  s_64fea63fed100b::t_d82d3117f48900 19-23,359-362,378-381,397-400,416-419,438-441,462-465,485-488,518-521,548-551,580-583,605-608,634-637,661-664,689-692,719-722,869-873,901-905,935-939,965-969,995-999,1025-1029,1055-1059
qt/websockets/gen_qwebsocket.h
  s_64fea63fed100b::t_32f50e5f887f49 110,112,114,116,118,120,122,124,126,128,130,132,134,136,138
qt/websockets/gen_qwebsocketserver.cpp
  s_64fea63fed100b::t_0f1d9df5c8d27b 1-2,30,60,64,68,75,79,84,91,95,101,108,112,118,125,129,135,142,146,152,159,163,171,178,182,190,405-408,412,419-422,426,433-436,439,446-449,451,458-461,466,479-482,494,501-504,507,514-517,519,575,581,590,596,605,611,620,626,635,641,650,656,665,671,680,686
qt/websockets/gen_qwebsocketserver.go
  s_64fea63fed100b::t_c94a45fed47b25 26-30,266-269,288-291,310-313,332-335,351-354,379-382,409-412,431-434,563-567,592-596,624-628,658-662,688-692,718-722,748-752,778-782
qt/websockets/gen_qwebsocketserver.h
  s_64fea63fed100b::t_30a0435970cdee 92,94,96,98,100,102,104,106
qt6/designer/gen_abstractactioneditor.cpp
  s_64fea63fed100b::t_3f261f86409981 1-2,50,115,119,123,130,134,139,144,148,153,158,162,167,172,176,180,187,191,197,204,208,212,219,223,227,234,238,243,250,254,258,265,269,273,280,284,289,296,300,306,313,317,323,330,334,340,347,351,357,364,368,374,381,385,391,398,402,408,415,419,425,432,436,442,449,453,459,466,470,476,483,487,493,500,504,510,517,521,527,534,538,544,551,555,561,568,572,578,585,589,595,602,606,612,619,623,629,636,640,646,653,657,663,670,674,680,687,691,697,704,708,721,728,732,738,745,749,755,762,766,772,779,783,788,795,799,803,810,814,820,827,831,837,844,848,853,860,864,870,877,881,887,894,898,904,911,915,921,928,932,940,947,951,959,1047,1053,1062,1068,1073,1079,1084,1090,1095,1101,1110,1116,1125,1131,1140,1146,1155,1161,1170,1176,1185,1191,1200,1206,1215,1221,1230,1236,1245,1251,1260,1266,1275,1281,1290,1296,1305,1311,1320,1326,1335,1341,1350,1356,1365,1371,1380,1386,1395,1401,1410,1416,1425,1431,1440,1446,1455,1461,1470,1476,1485,1491,1500,1506,1515,1521,1530,1536,1545,1551,1560,1566,1575,1581,1591,1597,1606,1612,1621,1627,1636,1642,1651,1657,1666,1672,1681,1687,1696,1702,1711,1717,1726,1732,1741,1747,1756,1762,1771,1777,1786,1792
qt6/designer/gen_abstractactioneditor.go
  s_64fea63fed100b::t_8936ed0a46b9c4 18-22,256-260,279-283,303-307,327-331,357-361,386-390,418-422,449-453,478-482,510-514,539-543,568-572,600-604,630-634,660-664,690-694,720-724,750-754,780-784,810-814,840-844,870-874,900-904,930-934,960-964,990-994,1020-1024,1050-1054,1080-1084,1110-1114,1140-1144,1170-1174,1200-1204,1230-1234,1260-1264,1290-1294,1327-1331,1365-1369,1395-1399,1427-1431,1457-1461,1489-1493,1518-1522,1550-1554,1582-1586,1614-1618,1648-1652,1678-1682,1708-1712,1738-1742,1768-1772
qt6/designer/gen_abstractformbuilder.cpp
  s_64fea63fed100b::t_573f9e4ff19103 1-2,22,43,47,53,60,64,71,78,82,88,95,99,120,127,131,152,159,163,176,183,187,200,207,211,224,267,273,282,288,297,303,312,318,329,335,346,352,362,368,378,384
qt6/designer/gen_abstractformbuilder.go
  s_64fea63fed100b::t_7a4710b9dba8c6 18-22,122-126,156-160,188-192,226-230,275-279,320-324,361-365,402-406
qt6/designer/gen_abstractformeditor.cpp
  s_64fea63fed100b::t_ace425c81244af 1-2,36,57,61,66,73,77,83,90,94,100,107,111,117,124,128,134,141,145,153,160,164,172,377,383,392,398,407,413,422,428,437,443,452,458,467,473
qt6/designer/gen_abstractformeditor.go
  s_64fea63fed100b::t_371c05ee1ff60a 18-22,375-379,407-411,441-445,471-475,501-505,531-535,561-565
qt6/designer/gen_abstractformeditorplugin.cpp
  s_64fea63fed100b::t_fc38bc4ad2301e 1-2,13,30,34,38,43,47,52,57,61,65,70,74,78,105,111,116,122,127,133,138,144
qt6/designer/gen_abstractformeditorplugin.go
  s_64fea63fed100b::t_18d69ddc6d77ae 18-22,77-81,100-104,124-128,147-151
qt6/designer/gen_abstractformwindow.cpp
  s_64fea63fed100b::t_65179cc57d0201 1-2,26,439-442,445,452-455,458,466-469,479,486-489,493,500-503,505,512-515,517,524-527,529,536-539,542,549-552,555,562-565,568,575-578,581,588-591,593,600-603,606,613-616,619
qt6/designer/gen_abstractformwindow.go
  s_64fea63fed100b::t_b9b3ad9070cc54 35-39,454-457,476-479,502-505,527-530,549-552,568-571,587-590,606-609,628-631,650-653,672-675,694-697,713-716,735-738
qt6/designer/gen_abstractformwindow.h
  s_64fea63fed100b::t_cd823bac89c7b1 107,109,111,113,115,117,119,121,123,125,127,129,131,133
qt6/designer/gen_abstractformwindowcursor.cpp
  s_64fea63fed100b::t_5efa5d244afdbc 1-2,17,43,47,51,56,60,68,73,77,81,86,90,97,102,106,110,115,119,123,128,132,137,142,146,150,155,159,163,168,172,177,182,186,201,206,210,226,231,235,248,318,324,329,335,340,346,351,357,362,368,373,379,384,390,395,401,406,412,417,423,428,434,439,445,450,456
qt6/designer/gen_abstractformwindowcursor.go
  s_64fea63fed100b::t_73f79b37212979 39-43,150-154,173-177,201-205,224-228,250-254,273-277,296-300,322-326,345-349,368-372,394-398,422-426,452-456
qt6/designer/gen_abstractformwindowmanager.cpp
  s_64fea63fed100b::t_8ee65551b73031 1-2,28,68,72,78,83,87,93,98,102,106,111,115,119,124,128,133,138,142,149,154,158,162,167,171,185,190,194,198,203,207,212,217,221,226,231,235,240,245,249,253,258,262,266,271,275,279,284,288,293,300,304,310,317,321,327,334,338,344,351,355,361,368,372,380,387,391,399,561-564,567,574-577,580,587-590,593,600-603,606,656,662,667,673,678,684,689,695,700,706,711,717,722,728,733,739,744,750,755,761,766,772,777,783,788,794,799,805,810,816,821,827,836,842,851,857,866,872,881,887,896,902,911,917
qt6/designer/gen_abstractformwindowmanager.go
  s_64fea63fed100b::t_048d48814844b4 49-53,240-243,262-265,284-287,306-309,429-433,455-459,481-485,504-508,527-531,553-557,581-585,604-608,634-638,657-661,681-685,705-709,729-733,750-754,771-775,798-802,830-834,864-868,894-898,924-928,954-958,984-988
qt6/designer/gen_abstractformwindowmanager.h
  s_64fea63fed100b::t_1d213f2004b501 83,85,87,89
qt6/designer/gen_abstractformwindowtool.cpp
  s_64fea63fed100b::t_cd7e2293c0c96a 1-2,24,52,56,60,65,69,73,78,82,86,91,95,99,104,108,112,117,121,125,130,134,141,146,150,155,162,166,172,179,183,189,196,200,206,213,217,223,230,234,242,249,253,261,356,362,367,373,378,384,389,395,400,406,411,417,422,428,433,439,448,454,463,469,478,484,493,499,508,514,523,529
qt6/designer/gen_abstractformwindowtool.go
  s_64fea63fed100b::t_d87b4db139963b 18-22,198-202,221-225,244-248,267-271,290-294,311-315,332-336,368-372,400-404,434-438,464-468,494-498,524-528,554-558
qt6/designer/gen_abstractintegration.cpp
  s_64fea63fed100b::t_0b5c0ab6bd355b 1-2,27,60,101,105,110,115,119,124,129,133,137,144,148,160,165,169,173,178,182,187,192,196,200,205,209,213,218,222,228,233,237,241,248,252,258,263,267,283,288,292,307,312,316,328,333,337,352,357,361,373,378,382,387,392,396,401,406,410,414,419,423,427,432,436,441,448,452,458,465,469,475,482,486,492,499,503,509,516,520,528,535,539,547,691-694,708,717-720,740,749-752,770,786-789,824,832-835,845,916,922,927,933,938,944,949,955,960,966,971,977,982,988,993,999,1004,1010,1015,1021,1026,1032,1037,1043,1048,1054,1059,1065,1070,1076,1081,1087,1092,1098,1103,1109,1114,1120,1125,1131,1136,1142,1151,1157,1166,1172,1181,1187,1196,1202,1211,1217,1226,1232,1297,1301,1305,1314,1318,1331,1338,1342,1346,1353,1357,1363,1370,1374,1378,1385,1389,1396,1403,1407,1411,1418,1422,1429,1436,1440,1445,1452,1456,1461,1468,1472,1476,1485,1489,1506,1513,1517,1533,1540,1544,1557,1564,1568,1584,1591,1595,1608,1615,1619,1625,1632,1636,1642,1649,1653,1658,1665,1669,1674,1681,1685,1690,1697,1701,1707,1714,1718,1724,1731,1735,1741,1748,1752,1758,1765,1769,1777,1784,1788,1796,1969,1975,1991,1997,2007,2013,2022,2028,2037,2043,2053,2059,2068,2074,2084,2090,2099,2105,2114,2120,2129,2135,2151,2157,2167,2173,2183,2189,2199,2205,2215,2221,2231,2237,2246,2252,2261,2267,2276,2282,2291,2297,2306,2312,2321,2327,2336,2342,2351,2357,2366,2372,2381,2387
qt6/designer/gen_abstractintegration.go
  s_64fea63fed100b::t_52a7b6b04619a5 35-39,226-229,262-265,303-306,350-353,393-396,555-559,581-585,607-611,633-637,660-664,683-687,707-711,730-734,753-757,777-781,803-807,827-831,857-861,885-889,912-916,940-944,967-971,991-995,1015-1019,1036-1040,1063-1067,1095-1099,1129-1133,1159-1163,1189-1193,1219-1223,1249-1253,1287-1291,1561-1565,1597-1601,1630-1634,1659-1663,1689-1693,1718-1722,1748-1752,1777-1781,1807-1811,1839-1843,1873-1877,1909-1913,1949-1953,1987-1991,2024-2028,2062-2066,2095-2099,2125-2129,2155-2159,2182-2186,2209-2213,2241-2245,2275-2279,2305-2309,2335-2339,2365-2369,2395-2399
qt6/designer/gen_abstractintegration.h
  s_64fea63fed100b::t_a3ee98a1e188dc 70,72,74,76,78
qt6/designer/gen_abstractmetadatabase.cpp
  s_64fea63fed100b::t_aaeb9592045c77 1-2,24,31,57,61,65,72,76,88,93,97,101,113,117,131,136,140,144,149,153,158,216,222,227,233,238,244,249,255,260,266,271,277,294,298,303,308,312,317,322,326,331,336,340,344,356,360,364,369,373,378,385,389,395,402,406,412,419,423,429,436,440,446,453,457,465,472,476,484,561-564,566,592,598,603,609,614,620,625,631,636,642,647,653,662,668,677,683,692,698,707,713,722,728,737,743
qt6/designer/gen_abstractmetadatabase.go
  s_64fea63fed100b::t_72df3d45335347 18-22,104-108,130-134,157-161,185-189,215-219,238-242,276-280,377-380,473-477,499-503,523-527,547-551,575-579,604-608,636-640,670-674,700-704,730-734,760-764,790-794
qt6/designer/gen_abstractmetadatabase.h
  s_64fea63fed100b::t_83e22290d2ad06 76
qt6/designer/gen_abstractnewformwidget.cpp
  s_64fea63fed100b::t_4e4271c7fc752b 1-2,20,62-65,67,74-77,80
qt6/designer/gen_abstractnewformwidget.go
  s_64fea63fed100b::t_66e701f440583b 18-22,89-92,108-111
qt6/designer/gen_abstractnewformwidget.h
  s_64fea63fed100b::t_3a94358a969fc2 42,44
qt6/designer/gen_abstractobjectinspector.cpp
  s_64fea63fed100b::t_4ba7ef3f2a7091 1-2,49,112,116,120,127,131,136,141,145,149,156,160,166,173,177,181,188,192,196,203,207,212,219,223,227,234,238,242,249,253,258,265,269,275,282,286,292,299,303,309,316,320,326,333,337,343,350,354,360,367,371,377,384,388,394,401,405,411,418,422,428,435,439,445,452,456,462,469,473,479,486,490,496,503,507,513,520,524,530,537,541,547,554,558,564,571,575,581,588,592,598,605,609,615,622,626,632,639,643,649,656,660,666,673,677,690,697,701,707,714,718,724,731,735,741,748,752,757,764,768,772,779,783,789,796,800,806,813,817,822,829,833,839,846,850,856,863,867,873,880,884,890,897,901,909,916,920,928,1008,1014,1023,1029,1034,1040,1049,1055,1064,1070,1079,1085,1094,1100,1109,1115,1124,1130,1139,1145,1154,1160,1169,1175,1184,1190,1199,1205,1214,1220,1229,1235,1244,1250,1259,1265,1274,1280,1289,1295,1304,1310,1319,1325,1334,1340,1349,1355,1364,1370,1379,1385,1394,1400,1409,1415,1424,1430,1439,1445,1454,1460,1469,1475,1484,1490,1499,1505,1514,1520,1530,1536,1545,1551,1560,1566,1575,1581,1590,1596,1605,1611,1620,1626,1635,1641,1650,1656,1665,1671,1680,1686,1695,1701,1710,1716,1725,1731
qt6/designer/gen_abstractobjectinspector.go
  s_64fea63fed100b::t_e31c574950ee41 18-22,248-252,271-275,301-305,330-334,362-366,393-397,422-426,454-458,483-487,512-516,544-548,574-578,604-608,634-638,664-668,694-698,724-728,754-758,784-788,814-818,844-848,874-878,904-908,934-938,964-968,994-998,1024-1028,1054-1058,1084-1088,1114-1118,1144-1148,1174-1178,1204-1208,1234-1238,1271-1275,1309-1313,1339-1343,1371-1375,1401-1405,1433-1437,1462-1466,1494-1498,1526-1530,1558-1562,1592-1596,1622-1626,1652-1656,1682-1686,1712-1716
qt6/designer/gen_abstractoptionspage.cpp
  s_64fea63fed100b::t_e9ecdd93bdc9ac 1-2,15,32,36,40,47,51,56,61,65,69,74,78,82,116,122,127,133,138,144,149,155
qt6/designer/gen_abstractoptionspage.go
  s_64fea63fed100b::t_bd33b097892da1 18-22,80-84,106-110,132-136,153-157
qt6/designer/gen_abstractpropertyeditor.cpp
  s_64fea63fed100b::t_2a272d2092ae75 1-2,48,117,121,125,132,136,140,145,149,153,158,162,166,173,177,182,187,191,207,212,216,221,226,230,234,241,245,251,258,262,266,273,277,281,288,292,297,304,308,312,319,323,327,334,338,343,350,354,360,367,371,377,384,388,394,401,405,411,418,422,428,435,439,445,452,456,462,469,473,479,486,490,496,503,507,513,520,524,530,537,541,547,554,558,564,571,575,581,588,592,598,605,609,615,622,626,632,639,643,649,656,660,666,673,677,683,690,694,700,707,711,717,724,728,734,741,745,751,758,762,775,782,786,792,799,803,809,816,820,826,833,837,842,849,853,857,864,868,874,881,885,891,898,902,907,914,918,924,931,935,941,948,952,958,965,969,975,982,986,994,1001,1005,1013,1090-1093,1106,1145,1151,1160,1166,1171,1177,1182,1188,1193,1199,1204,1210,1215,1221,1226,1232,1241,1247,1256,1262,1271,1277,1286,1292,1301,1307,1316,1322,1331,1337,1346,1352,1361,1367,1376,1382,1391,1397,1406,1412,1421,1427,1436,1442,1451,1457,1466,1472,1481,1487,1496,1502,1511,1517,1526,1532,1541,1547,1556,1562,1571,1577,1586,1592,1601,1607,1616,1622,1631,1637,1646,1652,1661,1667,1676,1682,1691,1697,1706,1712,1722,1728,1737,1743,1752,1758,1767,1773,1782,1788,1797,1803,1812,1818,1827,1833,1842,1848,1857,1863,1872,1878,1887,1893,1902,1908,1917,1923
qt6/designer/gen_abstractpropertyeditor.go
  s_64fea63fed100b::t_624cc6d0109169 18-22,116-119,305-309,328-332,351-355,374-378,400-404,424-428,454-458,484-488,513-517,545-549,576-580,605-609,637-641,666-670,695-699,727-731,757-761,787-791,817-821,847-851,877-881,907-911,937-941,967-971,997-1001,1027-1031,1057-1061,1087-1091,1117-1121,1147-1151,1177-1181,1207-1211,1237-1241,1267-1271,1297-1301,1327-1331,1357-1361,1387-1391,1417-1421,1454-1458,1492-1496,1522-1526,1554-1558,1584-1588,1616-1620,1645-1649,1677-1681,1709-1713,1741-1745,1775-1779,1805-1809,1835-1839,1865-1869,1895-1899
qt6/designer/gen_abstractpropertyeditor.h
  s_64fea63fed100b::t_bea4b2aa4c9ea5 100
qt6/designer/gen_abstractresourcebrowser.cpp
  s_64fea63fed100b::t_56264bda09d356 1-2,47,112,116,128,133,137,141,148,152,156,163,167,173,180,184,188,195,199,203,210,214,219,226,230,234,241,245,249,256,260,265,272,276,282,289,293,299,306,310,316,323,327,333,340,344,350,357,361,367,374,378,384,391,395,401,408,412,418,425,429,435,442,446,452,459,463,469,476,480,486,493,497,503,510,514,520,527,531,537,544,548,554,561,565,571,578,582,588,595,599,605,612,616,622,629,633,639,646,650,656,663,667,673,680,684,697,704,708,714,721,725,731,738,742,748,755,759,764,771,775,779,786,790,796,803,807,813,820,824,829,836,840,846,853,857,863,870,874,880,887,891,897,904,908,916,923,927,935,1005-1008,1018,1026-1029,1039,1065,1071,1076,1082,1087,1093,1102,1108,1117,1123,1132,1138,1147,1153,1162,1168,1177,1183,1192,1198,1207,1213,1222,1228,1237,1243,1252,1258,1267,1273,1282,1288,1297,1303,1312,1318,1327,1333,1342,1348,1357,1363,1372,1378,1387,1393,1402,1408,1417,1423,1432,1438,1447,1453,1462,1468,1477,1483,1492,1498,1507,1513,1522,1528,1537,1543,1552,1558,1567,1573,1583,1589,1598,1604,1613,1619,1628,1634,1643,1649,1658,1664,1673,1679,1688,1694,1703,1709,1718,1724,1733,1739,1748,1754,1763,1769,1778,1784
qt6/designer/gen_abstractresourcebrowser.go
  s_64fea63fed100b::t_fa854d84587a14 18-22,112-115,141-144,307-311,334-338,366-370,395-399,427-431,458-462,487-491,519-523,548-552,577-581,609-613,639-643,669-673,699-703,729-733,759-763,789-793,819-823,849-853,879-883,909-913,939-943,969-973,999-1003,1029-1033,1059-1063,1089-1093,1119-1123,1149-1153,1179-1183,1209-1213,1239-1243,1269-1273,1299-1303,1336-1340,1374-1378,1404-1408,1436-1440,1466-1470,1498-1502,1527-1531,1559-1563,1591-1595,1623-1627,1657-1661,1687-1691,1717-1721,1747-1751,1777-1781
qt6/designer/gen_abstractresourcebrowser.h
  s_64fea63fed100b::t_51c37a1190a241 96,98
qt6/designer/gen_abstractsettings.cpp
  s_64fea63fed100b::t_a043dd006231e8 1-2,15,34,38,50,55,59,63,68,72,84,89,93,108,113,117,132,137,141,153,193,199,204,210,215,221,226,232,237,243,248,254
qt6/designer/gen_abstractsettings.go
  s_64fea63fed100b::t_895e9b88266bfa 18-22,107-111,134-138,155-159,184-188,212-216,242-246
qt6/designer/gen_abstractwidgetbox.cpp
  s_64fea63fed100b::t_ffc7f2e92ef5c6 1-2,51,126,130,134,139,143,148,153,157,164,169,173,178,183,187,192,197,201,207,212,216,224,229,233,239,244,248,265,270,274,286,291,295,299,306,310,314,319,323,327,332,336,340,347,351,357,364,368,372,379,383,387,394,398,403,410,414,418,425,429,433,440,444,449,456,460,466,473,477,483,490,494,500,507,511,517,524,528,534,541,545,551,558,562,568,575,579,585,592,596,602,609,613,619,626,630,636,643,647,653,660,664,670,677,681,687,694,698,704,711,715,721,728,732,738,745,749,755,762,766,772,779,783,789,796,800,806,813,817,823,830,834,840,847,851,857,864,868,881,888,892,898,905,909,915,922,926,932,939,943,948,955,959,963,970,974,980,987,991,997,1004,1008,1013,1020,1024,1030,1037,1041,1047,1054,1058,1064,1071,1075,1081,1088,1092,1100,1107,1111,1119,1266,1272,1277,1283,1288,1294,1299,1305,1310,1316,1321,1327,1332,1338,1343,1349,1354,1360,1365,1371,1376,1382,1387,1393,1398,1404,1409,1415,1424,1430,1439,1445,1454,1460,1469,1475,1484,1490,1499,1505,1514,1520,1529,1535,1544,1550,1559,1565,1574,1580,1589,1595,1604,1610,1619,1625,1634,1640,1649,1655,1664,1670,1679,1685,1694,1700,1709,1715,1724,1730,1739,1745,1754,1760,1769,1775,1784,1790,1799,1805,1814,1820,1829,1835,1844,1850,1859,1865,1874,1880,1889,1895,1905,1911,1920,1926,1935,1941,1950,1956,1965,1971,1980,1986,1995,2001,2010,2016,2025,2031,2040,2046,2055,2061,2070,2076,2085,2091,2100,2106
qt6/designer/gen_abstractwidgetbox.go
  s_64fea63fed100b::t_e2d075862767e1 32-36,331-335,354-358,380-384,404-408,428-432,454-458,482-486,508-512,534-538,566-570,593-597,619-623,642-646,671-675,700-704,732-736,763-767,792-796,824-828,853-857,882-886,914-918,944-948,974-978,1004-1008,1034-1038,1064-1068,1094-1098,1124-1128,1154-1158,1184-1188,1214-1218,1244-1248,1274-1278,1304-1308,1334-1338,1364-1368,1394-1398,1424-1428,1454-1458,1484-1488,1514-1518,1544-1548,1574-1578,1604-1608,1641-1645,1679-1683,1709-1713,1741-1745,1771-1775,1803-1807,1832-1836,1864-1868,1896-1900,1928-1932,1962-1966,1992-1996,2022-2026,2052-2056,2082-2086
qt6/designer/gen_abstractwidgetdatabase.cpp
  s_64fea63fed100b::t_6b49cc012fa751 1-2,25,52,81,85,89,96,100,112,117,121,125,132,136,148,153,157,161,168,172,184,189,193,197,204,208,220,225,229,233,240,244,256,261,265,269,274,278,285,290,294,298,303,307,312,317,321,325,330,334,339,344,348,352,357,361,366,371,375,379,386,390,402,407,411,415,420,424,429,434,438,442,449,453,465,470,474,488,493,497,501,694,700,705,711,716,722,727,733,738,744,749,755,760,766,771,777,782,788,793,799,804,810,815,821,826,832,837,843,848,854,859,865,870,876,881,887,892,898,903,909,914,920,925,931,936,942,947,953,958,964,969,975,992,996,1000,1007,1011,1016,1023,1027,1032,1039,1043,1050,1057,1061,1067,1074,1078,1084,1091,1095,1108,1115,1119,1123,1130,1134,1139,1146,1150,1156,1163,1167,1173,1180,1184,1190,1197,1201,1207,1214,1218,1226,1233,1237,1245,1334-1337,1339,1373,1379,1388,1394,1403,1409,1418,1424,1433,1439,1448,1454,1463,1469,1479,1485,1494,1500,1509,1515,1524,1530,1539,1545,1554,1560,1569,1575,1584,1590
qt6/designer/gen_abstractwidgetdatabase.go
  s_64fea63fed100b::t_89c33d6f5564e1 18-22,230-234,256-260,283-287,309-313,336-340,362-366,389-393,415-419,442-446,468-472,495-499,518-522,542-546,565-569,589-593,612-616,636-640,659-663,683-687,709-713,736-740,759-763,783-787,809-813,836-840,868-872,910-914,1029-1032,1139-1143,1168-1172,1200-1204,1232-1236,1264-1268,1294-1298,1332-1336,1368-1372,1397-1401,1429-1433,1463-1467,1493-1497,1523-1527,1553-1557,1583-1587
qt6/designer/gen_abstractwidgetdatabase.h
  s_64fea63fed100b::t_5bf3608bee4584 143
qt6/designer/gen_abstractwidgetfactory.cpp
  s_64fea63fed100b::t_846125af047a56 1-2,23,51,55,59,64,68,73,78,82,87,92,96,109,114,118,125,130,134,139,144,148,153,158,162,167,174,178,184,191,195,201,208,212,218,225,229,235,242,246,254,261,265,273,369,375,380,386,391,397,402,408,413,419,424,430,435,441,446,452,461,467,476,482,491,497,506,512,521,527,536,542
qt6/designer/gen_abstractwidgetfactory.go
  s_64fea63fed100b::t_7d2c31a7d41660 18-22,202-206,225-229,251-255,277-281,307-311,337-341,363-367,393-397,425-429,459-463,489-493,519-523,549-553,579-583
qt6/designer/gen_container.cpp
  s_64fea63fed100b::t_af8ec69bb6dbfe 1-2,12,34,38,42,47,51,56,61,65,69,74,78,83,88,92,96,101,105,110,115,119,125,130,134,139,144,148,153,200,206,211,217,222,228,233,239,244,250,255,261,266,272,277,283,288,294
qt6/designer/gen_container.go
  s_64fea63fed100b::t_8c83dc211152d0 18-22,97-101,120-124,146-150,169-173,193-197,216-220,240-244,266-270,292-296
qt6/designer/gen_default_extensionfactory.cpp
  s_64fea63fed100b::t_b69bc2a87694c0 1-2,22,45,49,62,69,73,87,94,98,103,110,114,120,127,131,137,144,148,154,161,165,171,178,182,190,197,201,209,286,292,302,308,318,324,333,339,348,354,363,369,378,384,393,399,408,414
qt6/designer/gen_default_extensionfactory.go
  s_64fea63fed100b::t_3014b17f63e5e3 18-22,195-199,236-240,274-278,306-310,340-344,370-374,400-404,430-434,460-464
qt6/designer/gen_dynamicpropertysheet.cpp
  s_64fea63fed100b::t_15c72413b30121 1-2,15,33,37,41,46,50,65,70,74,79,84,88,93,98,102,114,147,153,158,164,169,175,180,186,191,197
qt6/designer/gen_dynamicpropertysheet.go
  s_64fea63fed100b::t_469e8761725724 18-22,89-93,112-116,142-146,168-172,194-198
qt6/designer/gen_formbuilder.cpp
  s_64fea63fed100b::t_c7bcf453261dd8 1-2,23,45,49,70,77,81,102,109,113,118,125,129,135,142,146,153,160,164,170,177,181,194,201,205,218,225,229,242,302,308,319,325,336,342,351,357,366,372,381,387,396,402,412,418,428,434
qt6/designer/gen_formbuilder.go
  s_64fea63fed100b::t_6691e4e37493ed 18-22,148-152,197-201,238-242,265-269,299-303,331-335,365-369,406-410,447-451
qt6/designer/gen_layoutdecoration.cpp
  s_64fea63fed100b::t_a1a2d7b124c01a 1-2,18,46,50,55,67,71,76,81,85,90,95,99,104,109,113,117,122,126,130,135,139,143,153,157,173,178,182,187,192,196,201,206,210,215,220,224,228,233,237,244,249,253,259,264,268,276,372,378,383,389,394,400,405,411,416,422,427,433,438,444,449,455,460,466,471,477,482,488,493,499,504,510,515,521,526,532
qt6/designer/gen_layoutdecoration.go
  s_64fea63fed100b::t_df4b6d5038cf2d 26-30,164-168,195-199,221-225,247-251,273-277,296-300,322-326,360-364,399-403,423-427,447-451,471-475,492-496,518-522,546-550
qt6/designer/gen_membersheet.cpp
  s_64fea63fed100b::t_5a1d124ba45c61 1-2,16,43,47,51,56,60,72,77,81,86,93,97,102,109,113,126,131,135,140,145,149,155,160,164,169,174,178,183,188,192,197,202,206,211,218,222,227,234,238,243,260,264,269,406,412,417,423,428,434,439,445,450,456,461,467,472,478,483,489,494,500,505,511,516,522,527,533,538,544,549,555
qt6/designer/gen_membersheet.go
  s_64fea63fed100b::t_b08614e7023c29 12,18-22,155-159,178-182,207-211,236-240,265-269,294-298,320-324,346-350,372-376,398-402,424-428,453-457,482-486,520-524
qt6/designer/gen_propertysheet.cpp
  s_64fea63fed100b::t_dd5c4f2ba1a097 1-2,15,44,48,52,57,61,73,78,82,87,94,98,103,110,114,127,132,136,141,146,150,155,160,164,169,174,178,184,189,193,198,203,207,213,218,222,227,232,236,244,249,253,258,263,267,273,278,282,287,378,384,389,395,400,406,411,417,422,428,433,439,444,450,455,461,466,472,477,483,488,494,499,505,510,516,521,527,532,538,543,549
qt6/designer/gen_propertysheet.go
  s_64fea63fed100b::t_015a8f8287c977 18-22,141-145,164-168,193-197,222-226,251-255,280-284,306-310,332-336,358-362,384-388,410-414,436-440,462-466,488-492,514-518,540-544
qt6/designer/gen_qextensionmanager.cpp
  s_64fea63fed100b::t_c376837f7462bc 1-2,22,46,50,64,71,75,89,96,100,113,120,124,129,136,140,146,153,157,163,170,174,180,187,191,197,204,208,216,223,227,235,318,324,334,340,350,356,366,372,381,387,396,402,411,417,426,432,441,447,456,462
qt6/designer/gen_qextensionmanager.go
  s_64fea63fed100b::t_65f9c3a5b7ad69 18-22,207-211,246-250,285-289,322-326,354-358,388-392,418-422,448-452,478-482,508-512
qt6/designer/gen_taskmenu.cpp
  s_64fea63fed100b::t_92b4fdbc6c5721 1-2,13,28,32,36,43,47,51,86,92,101,107
qt6/designer/gen_taskmenu.go
  s_64fea63fed100b::t_8e42261ad5bcab 18-22,81-85,104-108
qt6/gen_qabstractanimation.cpp
  s_64fea63fed100b::t_5f6bdf25c39944 1-2,22,38,65,69,73,78,82,87,94,98,103,108,112,121,128,132,139,146,150,156,163,167,173,180,184,190,197,201,207,214,218,226,233,237,245,339-342,344,351-354,360,367-370,373,380-383,387,441,447,452,458,467,473,478,484,493,499,508,514,523,529,538,544,553,559,568,574,583,589,654,658,663,670,674,678,685,689,694,701,705,710,717,721,726,733,737,743,750,754,760,767,771,777,784,788,794,801,805,813,820,824,832,902-905,907,914-917,919,945,951,960,966,976,982,991,997,1006,1012,1021,1027,1036,1042,1051,1057,1066,1072,1081,1087,1096,1102
qt6/gen_qabstractanimation.go
  s_64fea63fed100b::t_bee4ead3621694 39-43,158-161,177-180,201-204,223-226,350-354,379-383,405-409,435-439,467-471,497-501,531-535,561-565,591-595,621-625,651-655,689-693,784-787,803-806,917-921,944-948,973-977,1000-1004,1027-1031,1059-1063,1093-1097,1123-1127,1153-1157,1183-1187,1213-1217
qt6/gen_qabstractanimation.h
  s_64fea63fed100b::t_a1a774a521a0eb 57,59,61,63,120,122
qt6/gen_qabstractbutton.cpp
  s_64fea63fed100b::t_2afcdfcef37985 1-2,50,119,123,128,133,137,144,151,155,160,167,171,176,183,187,192,199,203,209,216,220,226,233,237,243,250,254,260,267,271,277,284,288,294,301,305,311,318,322,328,335,339,345,352,356,360,367,371,377,384,388,392,399,403,407,414,418,423,430,434,438,445,449,453,460,464,470,477,481,487,494,498,504,511,515,521,528,532,538,545,549,555,562,566,572,579,583,589,596,600,606,613,617,623,630,634,640,647,651,657,664,668,674,681,685,691,698,702,708,715,719,725,732,736,749,756,760,766,773,777,783,790,794,799,806,810,814,821,825,831,838,842,848,855,859,864,871,875,881,888,892,898,905,909,915,922,926,934,941,945,953,1118-1121,1123,1130-1133,1135,1142-1145,1147,1154-1157,1160,1189-1192,1195,1199,1205,1210,1216,1225,1231,1240,1246,1255,1261,1270,1276,1285,1291,1300,1306,1315,1321,1330,1336,1345,1351,1360,1366,1375,1381,1390,1396,1405,1411,1420,1426,1435,1441,1450,1456,1465,1471,1480,1486,1495,1501,1510,1516,1525,1531,1540,1546,1555,1561,1570,1576,1585,1591,1600,1606,1615,1621,1630,1636,1645,1651,1660,1666,1675,1681,1690,1696,1705,1711,1720,1726,1735,1741,1750,1756,1766,1772,1781,1787,1796,1802,1811,1817,1826,1832,1841,1847,1856,1862,1871,1877,1886,1892,1901,1907,1916,1922,1931,1937
qt6/gen_qabstractbutton.go
  s_64fea63fed100b::t_d8e504b9eefd5e 17-21,209-212,228-231,247-250,266-269,310-313,451-455,481-485,513-517,540-544,567-571,599-603,629-633,659-663,689-693,719-723,749-753,779-783,809-813,839-843,869-873,898-902,930-934,961-965,990-994,1022-1026,1051-1055,1080-1084,1110-1114,1140-1144,1170-1174,1200-1204,1230-1234,1260-1264,1290-1294,1320-1324,1350-1354,1380-1384,1410-1414,1440-1444,1470-1474,1500-1504,1530-1534,1567-1571,1605-1609,1637-1641,1667-1671,1699-1703,1728-1732,1760-1764,1792-1796,1824-1828,1858-1862,1888-1892,1918-1922,1948-1952
qt6/gen_qabstractbutton.h
  s_64fea63fed100b::t_1bd6246c9d74d3 126,128,130,132,150
qt6/gen_qabstracteventdispatcher.cpp
  s_64fea63fed100b::t_25a91aa287b417 1-2,23,135-138,140,147-150,152
qt6/gen_qabstracteventdispatcher.go
  s_64fea63fed100b::t_f551d1d00af169 17-21,163-166,182-185
qt6/gen_qabstracteventdispatcher.h
  s_64fea63fed100b::t_e981afe8030754 63,65
qt6/gen_qabstractfileiconprovider.cpp
  s_64fea63fed100b::t_5ea6d722ef7e63 1-2,16,34,38,44,51,55,62,69,73,80,89,93,100,107,111,115,156,162,171,177,186,192,208,214,223,229
qt6/gen_qabstractfileiconprovider.go
  s_64fea63fed100b::t_dc7ca66e0567fe 35-39,113-117,147-151,181-185,216-220,246-250
qt6/gen_qabstractitemdelegate.cpp
  s_64fea63fed100b::t_fcb14a130b9799 1-2,29,64,68,79,84,88,98,103,107,118,125,129,138,145,149,158,165,169,179,186,190,202,209,213,225,232,236,248,255,259,263,277,281,286,293,297,303,310,314,320,327,331,337,344,348,354,361,365,373,380,384,392,489-492,495,502-505,508,515-518,523,552-555,560,564,570,575,581,586,592,601,607,616,622,631,637,646,652,661,667,676,682,691,697,715,721,730,736,745,751,760,766,775,781,790,796,805,811
qt6/gen_qabstractitemdelegate.go
  s_64fea63fed100b::t_fff307a46c65f0 27-31,150-153,172-175,194-197,238-241,317-321,345-349,379-383,415-419,447-451,479-483,513-517,547-551,585-589,629-633,663-667,695-699,729-733,759-763,789-793,819-823,849-853
qt6/gen_qabstractitemdelegate.h
  s_64fea63fed100b::t_ae40f9e487a08b 68,70,72,76
qt6/gen_qabstractitemmodel.cpp
  s_64fea63fed100b::t_20655dad68c17a 1-2,34,102,145,480,484,493,498,502,509,514,518,527,534,538,545,550,554,561,566,570,577,584,588,596,601,605,616,623,627,635,642,646,657,664,668,675,688,692,714,721,725,732,739,743,747,766,770,784,791,795,807,814,818,830,837,841,845,852,856,860,867,871,880,887,891,900,907,911,920,927,931,940,947,951,964,971,975,988,995,999,1007,1014,1018,1025,1032,1036,1043,1050,1054,1062,1069,1073,1080,1087,1091,1105,1119,1123,1130,1137,1141,1145,1160,1164,1173,1180,1184,1188,1195,1199,1204,1211,1215,1220,1227,1231,1236,1243,1247,1253,1260,1264,1270,1277,1281,1287,1294,1298,1304,1311,1315,1323,1330,1334,1342,1653-1656,1664,1671-1674,1680,1687-1690,1692,1699-1702,1704,1771-1774,1792,1805-1808,1820,1833-1836,1850,1863-1866,1878,1891-1894,1908,1912,1918,1923,1929,1934,1940,1949,1955,1960,1966,1971,1977,1986,1992,1997,2003,2012,2018,2027,2033,2042,2048,2071,2077,2092,2098,2107,2113,2138,2144,2159,2165,2174,2180,2189,2195,2205,2211,2221,2227,2236,2242,2251,2257,2266,2272,2281,2287,2296,2302,2311,2317,2326,2332,2341,2347,2357,2363,2372,2378,2387,2393,2411,2417,2426,2432,2460,2466,2475,2481,2490,2496,2505,2511,2520,2526,2535,2541,2550,2556,2565,2571,2580,2586,2595,2601,2610,2616,2937-2940,2947,2950-2953,2960,2963-2966,2973,2976-2979,2986,2989-2992,2999,3002-3005,3012,3015-3018,3025,3028-3031,3038,3041-3044,3046,3049-3052,3054,3057-3060,3071,3074-3077,3088,3091-3094,3105,3108-3111,3122,3138,3142,3151,3158,3162,3171,3178,3182,3194,3201,3205,3212,3219,3223,3230,3235,3239,3246,3251,3255,3263,3268,3272,3283,3290,3294,3302,3309,3313,3324,3331,3335,3342,3355,3359,3381,3388,3392,3399,3406,3410,3414,3433,3437,3451,3458,3462,3474,3481,3485,3489,3496,3500,3504,3511,3515,3524,3531,3535,3544,3551,3555,3564,3571,3575,3584,3591,3595,3608,3615,3619,3632,3639,3643,3651,3658,3662,3669,3676,3680,3688,3695,3699,3706,3713,3717,3731,3745,3749,3756,3763,3767,3771,3786,3790,3799,3806,3810,3814,3821,3825,3830,3837,3841,3846,3853,3857,3862,3869,3873,3879,3886,3890,3896,3903,3907,3913,3920,3924,3930,3937,3941,3949,3956,3960,3968,4072,4078,4087,4093,4102,4108,4117,4123,4133,4139,4144,4150,4155,4161,4166,4172,4181,4187,4196,4202,4211,4217,4240,4246,4261,4267,4276,4282,4307,4313,4328,4334,4343,4349,4359,4365,4375,4381,4390,4396,4405,4411,4420,4426,4435,4441,4450,4456,4465,4471,4480,4486,4495,4501,4510,4516,4525,4531,4549,4555,4564,4570,4598,4604,4613,4619,4628,4634,4643,4649,4658,4664,4673,4679,4688,4694,4703,4709,4718,4724,4733,4739,4748,4754,5066,5070,5079,5086,5090,5099,5106,5110,5122,5129,5133,5140,5147,5151,5158,5163,5167,5175,5180,5184,5195,5202,5206,5214,5221,5225,5236,5243,5247,5254,5267,5271,5293,5300,5304,5311,5318,5322,5326,5345,5349,5363,5370,5374,5386,5393,5397,5401,5408,5412,5416,5423,5427,5436,5443,5447,5456,5463,5467,5476,5483,5487,5496,5503,5507,5520,5527,5531,5544,5551,5555,5563,5570,5574,5581,5588,5592,5600,5607,5611,5618,5625,5629,5643,5657,5661,5668,5675,5679,5683,5698,5702,5711,5718,5722,5726,5733,5737,5742,5749,5753,5758,5765,5769,5774,5781,5785,5791,5798,5802,5808,5815,5819,5825,5832,5836,5842,5849,5853,5861,5868,5872,5880,5984,5990,5999,6005,6014,6020,6029,6035,6045,6051,6056,6062,6067,6073,6082,6088,6097,6103,6112,6118,6141,6147,6162,6168,6177,6183,6208,6214,6229,6235,6244,6250,6260,6266,6276,6282,6291,6297,6306,6312,6321,6327,6336,6342,6351,6357,6366,6372,6381,6387,6396,6402,6411,6417,6426,6432,6450,6456,6465,6471,6499,6505,6514,6520,6529,6535,6544,6550,6559,6565,6574,6580,6589,6595,6604,6610,6619,6625,6634,6640,6649,6655
qt6/gen_qabstractitemmodel.go
  s_64fea63fed100b::t_d8a4f8f642af42 514-518,835-838,859-862,885-888,904-907,983-986,1021-1024,1057-1060,1095-1098,1131-1134,1528-1532,1558-1562,1592-1596,1622-1626,1648-1652,1680-1684,1706-1710,1740-1744,1778-1782,1814-1818,1865-1869,1925-1929,1972-1976,2013-2017,2056-2060,2096-2100,2136-2140,2176-2180,2205-2209,2234-2238,2270-2274,2306-2310,2342-2346,2378-2382,2418-2422,2458-2462,2488-2492,2520-2524,2552-2556,2586-2590,2626-2630,2673-2677,2718-2722,2767-2771,2801-2805,2830-2834,2857-2861,2884-2888,2916-2920,2950-2954,2980-2984,3010-3014,3040-3044,3070-3074,3093-3096,3116-3119,3139-3142,3162-3165,3185-3188,3208-3211,3231-3234,3254-3257,3277-3280,3293-3296,3309-3312,3336-3339,3363-3366,3390-3393,3431-3435,3889-3893,3927-3931,3963-3967,4003-4007,4029-4033,4055-4059,4081-4085,4115-4119,4153-4157,4189-4193,4240-4244,4300-4304,4347-4351,4388-4392,4431-4435,4471-4475,4511-4515,4540-4544,4569-4573,4605-4609,4641-4645,4677-4681,4713-4717,4753-4757,4793-4797,4823-4827,4855-4859,4889-4893,4929-4933,4976-4980,5021-5025,5070-5074,5104-5108,5133-5137,5160-5164,5187-5191,5219-5223,5253-5257,5283-5287,5313-5317,5343-5347,5373-5377,5411-5415,5869-5873,5907-5911,5943-5947,5983-5987,6009-6013,6035-6039,6069-6073,6107-6111,6143-6147,6194-6198,6254-6258,6301-6305,6342-6346,6385-6389,6425-6429,6465-6469,6494-6498,6523-6527,6559-6563,6595-6599,6631-6635,6667-6671,6707-6711,6747-6751,6777-6781,6809-6813,6843-6847,6883-6887,6930-6934,6975-6979,7024-7028,7058-7062,7087-7091,7114-7118,7141-7145,7173-7177,7207-7211,7237-7241,7267-7271,7297-7301,7327-7331
qt6/gen_qabstractitemmodel.h
  s_64fea63fed100b::t_8fb1d5211dce6a 179,181,183,185,198,200,202,204,206,324-337
qt6/gen_qabstractitemview.cpp
  s_64fea63fed100b::t_3231f90c42425d 1-2,60,172,176,182,189,193,199,206,210,223,230,234,241,246,250,259,264,268,275,280,284,289,296,300,305,312,316,323,330,334,340,347,351,356,363,367,375,382,386,391,398,402,407,414,418,439,446,450,460,467,471,481,488,492,503,510,514,525,532,536,541,548,552,557,564,568,573,580,584,590,597,601,607,614,618,624,631,635,641,648,652,660,667,671,677,684,688,694,701,705,713,718,722,726,731,735,739,744,748,755,760,764,773,778,782,789,794,798,802,816,820,830,837,841,849,856,860,867,874,878,884,891,895,900,907,911,916,923,927,932,939,943,949,956,960,966,973,977,983,990,994,1000,1007,1011,1017,1024,1028,1034,1041,1045,1051,1058,1062,1068,1075,1079,1085,1092,1096,1102,1109,1113,1119,1126,1130,1136,1143,1147,1153,1160,1164,1170,1177,1181,1187,1194,1198,1202,1209,1213,1217,1224,1228,1232,1239,1243,1249,1256,1260,1266,1273,1277,1283,1290,1294,1300,1307,1311,1318,1325,1329,1335,1342,1346,1352,1359,1363,1367,1374,1378,1384,1391,1395,1400,1407,1411,1415,1422,1426,1430,1437,1441,1447,1454,1458,1464,1471,1475,1481,1488,1492,1498,1505,1509,1515,1522,1526,1532,1539,1543,1549,1556,1560,1566,1573,1577,1583,1590,1594,1607,1614,1618,1624,1631,1635,1641,1648,1652,1657,1664,1668,1672,1679,1683,1689,1696,1700,1706,1713,1717,1725,1732,1736,1744,2104-2107,2112,2119-2122,2127,2134-2137,2142,2149-2152,2157,2164-2167,2172,2179-2182,2184,2191-2194,2199,2225,2231,2240,2246,2255,2261,2271,2277,2282,2288,2293,2299,2304,2310,2319,2325,2334,2340,2349,2355,2364,2370,2379,2385,2394,2400,2409,2415,2424,2430,2445,2451,2460,2466,2475,2481,2490,2496,2505,2511,2520,2526,2535,2541,2550,2556,2565,2571,2580,2586,2595,2601,2610,2616,2625,2631,2640,2646,2655,2661,2666,2672,2677,2683,2688,2694,2699,2705,2710,2716,2721,2727,2745,2751,2760,2766,2776,2782,2791,2797,2806,2812,2821,2827,2836,2842,2851,2857,2866,2872,2881,2887,2896,2902,2911,2917,2926,2932,2941,2947,2956,2962,2971,2977,2986,2992,3001,3007,3016,3022,3031,3037,3046,3052,3061,3067,3076,3082,3091,3097,3106,3112,3121,3127,3136,3142,3151,3157,3166,3172,3181,3187,3196,3202,3211,3217,3226,3232,3241,3247,3256,3262,3271,3277,3286,3292,3301,3307,3316,3322,3331,3337,3346,3352,3361,3367,3376,3382,3391,3397,3406,3412,3421,3427,3436,3442,3452,3458,3467,3473,3482,3488,3497,3503,3512,3518,3527,3533,3542,3548,3557,3563
qt6/gen_qabstractitemview.go
  s_64fea63fed100b::t_42d93d6a2c22a2 109-113,486-489,508-511,530-533,552-555,574-577,596-599,615-618,964-968,994-998,1028-1032,1055-1059,1081-1085,1107-1111,1139-1143,1171-1175,1203-1207,1237-1241,1269-1273,1296-1300,1326-1330,1353-1357,1386-1390,1426-1430,1460-1464,1494-1498,1526-1530,1558-1562,1585-1589,1612-1616,1639-1643,1669-1673,1699-1703,1729-1733,1759-1763,1791-1795,1821-1825,1845-1849,1873-1877,1896-1900,1919-1923,1945-1949,1971-1975,2011-2015,2045-2049,2081-2085,2115-2119,2145-2149,2175-2179,2207-2211,2239-2243,2271-2275,2301-2305,2331-2335,2361-2365,2391-2395,2421-2425,2451-2455,2481-2485,2511-2515,2541-2545,2571-2575,2601-2605,2631-2635,2661-2665,2691-2695,2727-2731,2758-2762,2789-2793,2818-2822,2848-2852,2878-2882,2908-2912,2938-2942,2970-2974,3000-3004,3030-3034,3059-3063,3089-3093,3121-3125,3150-3154,3179-3183,3209-3213,3239-3243,3269-3273,3299-3303,3329-3333,3359-3363,3389-3393,3419-3423,3456-3460,3494-3498,3526-3530,3556-3560,3588-3592,3617-3621,3647-3651,3677-3681,3707-3711
qt6/gen_qabstractitemview.h
  s_64fea63fed100b::t_95a78afd0d094a 204,206,208,210,212,214,216
qt6/gen_qabstractnativeeventfilter.cpp
  s_64fea63fed100b::t_3c43693e80e348 1-2,12,26,30,43,59,65
qt6/gen_qabstractnativeeventfilter.go
  s_64fea63fed100b::t_10ebf730ca2b92 17-21,71-75
qt6/gen_qabstractproxymodel.cpp
  s_64fea63fed100b::t_b60a892272fc33 1-2,32,96,100,106,113,117,124,129,133,140,145,149,156,163,167,174,181,185,189,196,200,205,212,216,224,231,235,243,250,254,261,274,278,285,292,296,307,314,318,340,347,351,362,369,373,380,387,391,398,405,409,416,423,427,435,442,446,454,461,465,472,479,483,490,497,501,510,517,521,535,542,546,558,565,569,581,588,592,596,615,619,623,630,634,638,645,649,653,668,672,681,686,690,697,702,706,713,718,722,729,734,738,747,754,758,767,774,778,787,794,798,807,814,818,831,838,842,855,862,866,880,894,898,907,914,918,923,930,934,939,946,950,956,963,967,973,980,984,990,997,1001,1007,1014,1018,1026,1033,1037,1045,1317,1323,1332,1338,1343,1349,1354,1360,1369,1375,1384,1390,1399,1405,1414,1420,1429,1435,1444,1450,1473,1479,1489,1495,1504,1510,1525,1531,1540,1546,1555,1561,1570,1576,1585,1591,1600,1606,1615,1621,1630,1636,1645,1651,1660,1666,1681,1687,1696,1702,1711,1717,1742,1748,1758,1764,1774,1780,1808,1814,1819,1825,1830,1836,1841,1847,1852,1858,1867,1873,1882,1888,1897,1903,1912,1918,1927,1933,1942,1948,1966,1972,1981,1987,1996,2002,2011,2017,2026,2032,2041,2047,2056,2062,2071,2077,2086,2092,2402-2405,2407
qt6/gen_qabstractproxymodel.go
  s_64fea63fed100b::t_1e46a7674c42b3 17-21,663-667,687-691,713-717,747-751,781-785,813-817,842-846,871-875,907-911,956-960,1001-1005,1033-1037,1084-1088,1131-1135,1169-1173,1203-1207,1235-1239,1267-1271,1297-1301,1331-1335,1363-1367,1397-1401,1439-1443,1479-1483,1519-1523,1568-1572,1605-1609,1634-1638,1676-1680,1719-1723,1749-1753,1775-1779,1801-1805,1833-1837,1869-1873,1905-1909,1941-1945,1977-1981,2017-2021,2065-2069,2110-2114,2144-2148,2171-2175,2203-2207,2237-2241,2267-2271,2297-2301,2327-2331,2357-2361,2380-2383
qt6/gen_qabstractproxymodel.h
  s_64fea63fed100b::t_fb1557ff869493 215
qt6/gen_qabstractscrollarea.cpp
  s_64fea63fed100b::t_c2aff87b1d7d29 1-2,52,118,122,126,133,137,141,148,152,158,165,169,175,182,186,191,198,202,207,214,218,224,231,235,241,248,252,258,265,269,275,282,286,292,299,303,309,316,320,326,333,337,343,350,354,360,367,371,377,384,388,394,401,405,411,418,422,428,435,439,446,453,457,461,468,472,478,485,489,495,502,506,510,517,521,527,534,538,543,550,554,558,565,569,573,580,584,590,597,601,607,614,618,624,631,635,641,648,652,658,665,669,675,682,686,692,699,703,709,716,720,726,733,737,743,750,754,760,767,771,784,791,795,801,808,812,818,825,829,834,841,845,849,856,860,866,873,877,883,890,894,899,906,910,916,923,927,933,940,944,950,957,961,969,976,980,988,1156,1162,1171,1177,1186,1192,1201,1207,1216,1222,1231,1237,1246,1252,1261,1267,1276,1282,1291,1297,1306,1312,1321,1327,1336,1342,1351,1357,1366,1372,1381,1387,1396,1402,1411,1417,1426,1432,1441,1447,1456,1462,1471,1477,1486,1492,1501,1507,1516,1522,1531,1537,1546,1552,1561,1567,1576,1582,1591,1597,1606,1612,1621,1627,1636,1642,1651,1657,1666,1672,1681,1687,1696,1702,1711,1717,1726,1732,1741,1747,1757,1763,1772,1778,1787,1793,1802,1808,1817,1823,1832,1838,1847,1853,1862,1868,1877,1883,1892,1898,1907,1913,1922,1928
qt6/gen_qabstractscrollarea.go
  s_64fea63fed100b::t_7c36f08497bb48 25-29,393-397,424-428,453-457,483-487,517-521,549-553,581-585,611-615,641-645,671-675,701-705,731-735,761-765,791-795,821-825,851-855,881-885,911-915,941-945,971-975,1005-1009,1034-1038,1064-1068,1094-1098,1123-1127,1153-1157,1185-1189,1214-1218,1243-1247,1273-1277,1303-1307,1333-1337,1363-1367,1393-1397,1423-1427,1453-1457,1483-1487,1513-1517,1543-1547,1580-1584,1618-1622,1650-1654,1680-1684,1712-1716,1741-1745,1773-1777,1805-1809,1837-1841,1867-1871,1897-1901,1927-1931,1957-1961
qt6/gen_qabstractslider.cpp
  s_64fea63fed100b::t_7f28dcf933c479 1-2,47,115,119,124,131,135,142,149,153,159,166,170,176,183,187,193,200,204,210,217,221,225,232,236,242,249,253,257,264,268,272,279,283,288,295,299,303,310,314,318,325,329,335,342,346,352,359,363,369,376,380,386,393,397,403,410,414,420,427,431,437,444,448,454,461,465,471,478,482,488,495,499,505,512,516,522,529,533,539,546,550,556,563,567,573,580,584,590,597,601,607,614,618,624,631,635,641,648,652,658,665,669,675,682,686,692,699,703,716,723,727,733,740,744,750,757,761,766,773,777,781,788,792,798,805,809,815,822,826,831,838,842,848,855,859,865,872,876,882,889,893,901,908,912,920,1074-1077,1080,1087-1090,1092,1099-1102,1105,1112-1115,1117,1124-1127,1131,1138-1141,1144,1170,1176,1185,1191,1200,1206,1215,1221,1230,1236,1245,1251,1260,1266,1275,1281,1290,1296,1305,1311,1320,1326,1335,1341,1350,1356,1365,1371,1380,1386,1395,1401,1410,1416,1425,1431,1440,1446,1455,1461,1470,1476,1485,1491,1500,1506,1515,1521,1530,1536,1545,1551,1560,1566,1575,1581,1590,1596,1605,1611,1620,1626,1635,1641,1650,1656,1665,1671,1680,1686,1695,1701,1711,1717,1726,1732,1741,1747,1756,1762,1771,1777,1786,1792,1801,1807,1816,1822,1831,1837,1846,1852,1861,1867,1876,1882
qt6/gen_qabstractslider.go
  s_64fea63fed100b::t_6aa2b60b0ce389 39-43,210-213,232-235,251-254,273-276,292-295,316-319,535-539,567-571,597-601,627-631,657-661,687-691,717-721,746-750,778-782,809-813,838-842,870-874,899-903,928-932,958-962,988-992,1018-1022,1048-1052,1078-1082,1108-1112,1138-1142,1168-1172,1198-1202,1228-1232,1258-1262,1288-1292,1318-1322,1348-1352,1378-1382,1408-1412,1438-1442,1468-1472,1498-1502,1528-1532,1558-1562,1595-1599,1633-1637,1665-1669,1695-1699,1727-1731,1756-1760,1788-1792,1820-1824,1852-1856,1886-1890,1916-1920,1946-1950,1976-1980
qt6/gen_qabstractslider.h
  s_64fea63fed100b::t_77e6a5c2b77827 118,120,122,124,126,128
qt6/gen_qabstractspinbox.cpp
  s_64fea63fed100b::t_32f0d7c7ddb513 1-2,49,117,121,125,132,136,140,147,151,156,163,167,173,180,184,197,204,208,221,228,232,238,245,249,254,261,265,271,278,282,288,295,299,305,312,316,322,329,333,339,346,350,356,363,367,373,380,384,390,397,401,407,414,418,424,431,435,441,448,452,458,465,469,475,482,486,492,499,503,509,516,520,526,533,537,543,550,554,558,565,569,573,580,584,590,597,601,606,613,617,621,628,632,636,643,647,653,660,664,670,677,681,687,694,698,704,711,715,721,728,732,738,745,749,755,762,766,772,779,783,789,796,800,806,813,817,830,837,841,847,854,858,864,871,875,880,887,891,895,902,906,912,919,923,928,935,939,945,952,956,962,969,973,979,986,990,998,1005,1009,1017,1229-1232,1234,1260,1266,1275,1281,1290,1296,1305,1311,1320,1326,1337,1343,1353,1359,1368,1374,1383,1389,1398,1404,1413,1419,1428,1434,1443,1449,1458,1464,1473,1479,1488,1494,1503,1509,1518,1524,1533,1539,1548,1554,1563,1569,1578,1584,1593,1599,1608,1614,1623,1629,1638,1644,1654,1660,1669,1675,1684,1690,1699,1705,1714,1720,1729,1735,1744,1750,1759,1765,1774,1780,1789,1795,1804,1810,1819,1825,1834,1840,1849,1855,1864,1870,1879,1885,1895,1901,1910,1916,1925,1931,1940,1946,1955,1961,1970,1976,1985,1991,2000,2006,2015,2021,2030,2036,2045,2051
qt6/gen_qabstractspinbox.go
  s_64fea63fed100b::t_44b6a258ca036c 47-51,282-285,476-480,507-511,536-540,570-574,606-610,646-650,679-683,709-713,736-740,766-770,796-800,826-830,856-860,886-890,916-920,946-950,976-980,1006-1010,1036-1040,1066-1070,1096-1100,1126-1130,1156-1160,1186-1190,1216-1220,1246-1250,1275-1279,1304-1308,1334-1338,1366-1370,1395-1399,1424-1428,1454-1458,1484-1488,1514-1518,1544-1548,1574-1578,1604-1608,1634-1638,1664-1668,1694-1698,1731-1735,1769-1773,1801-1805,1831-1835,1863-1867,1892-1896,1922-1926,1954-1958,1988-1992,2018-2022,2048-2052,2078-2082
qt6/gen_qabstractspinbox.h
  s_64fea63fed100b::t_a3a4dff55d2540 150
qt6/gen_qabstracttextdocumentlayout.cpp
  s_64fea63fed100b::t_40b8151cb0be5d 1-2,37,72,76,84,89,93,102,107,111,115,120,124,128,133,137,142,147,151,158,163,167,174,179,183,193,200,204,214,221,225,239,246,250,255,262,266,272,279,283,289,296,300,306,313,317,323,330,334,342,349,353,361,485-488,490,497-500,505,512-515,520,527-530,533,566-569,574,578,584,589,595,600,606,611,617,622,628,633,639,644,650,655,661,670,676,685,691,700,706,715,721,730,736,745,751,760,766,775,781,790,796
qt6/gen_qabstracttextdocumentlayout.go
  s_64fea63fed100b::t_f9b4e1c0cdb3f2 17-21,166-169,185-188,207-210,229-232,277-280,384-388,410-414,438-442,461-465,484-488,510-514,536-540,570-574,606-610,642-646,682-686,714-718,748-752,778-782,808-812,838-842,868-872
qt6/gen_qabstracttextdocumentlayout.h
  s_64fea63fed100b::t_937c28db487fe1 97,99,101,103,112
qt6/gen_qaccessible.cpp
  s_64fea63fed100b::t_7387ab2be03e5b 1-2,41,43,45,47,49,51,53,55,57,869,873,877,920,926,947,951,955,980,986,1007,1011,1015,1044,1050,1071,1075,1079,1112,1118,1139,1143,1147,1185,1191,1212,1216,1220,1258,1264,1285,1289,1293,1344,1350,1371,1375,1379,1408,1414,1435,1439,1443,1505,1511
qt6/gen_qaccessible.go
  s_64fea63fed100b::t_c9c87abe3fa079 1106-1110,1185-1189,1222-1226,1287-1291,1324-1328,1391-1395,1428-1432,1499-1503,1536-1540,1614-1618,1651-1655,1729-1733,1766-1770,1859-1863,1896-1900,1965-1969,2002-2006,2101-2105
qt6/gen_qaccessiblebridge.cpp
  s_64fea63fed100b::t_bc63b7c7bdc7e2 1-2,23,61,65,77,82,86,91,98,102,108,115,119,125,132,136,142,149,153,159,166,170,178,185,189,197,269,275,280,286,295,301,310,316,325,331,340,346,355,361,370,376
qt6/gen_qaccessiblebridge.go
  s_64fea63fed100b::t_d518f0d18a9edd 75-79,235-239,270-274,302-306,336-340,366-370,396-400,426-430,456-460
qt6/gen_qaccessibleplugin.cpp
  s_64fea63fed100b::t_8430699d4d20d4 1-2,21,43,47,60,65,69,74,81,85,91,98,102,108,115,119,125,132,136,142,149,153,161,168,172,180,252,258,263,269,278,284,293,299,308,314,323,329,338,344,353,359
qt6/gen_qaccessibleplugin.go
  s_64fea63fed100b::t_52066f581b0ba4 17-21,177-181,213-217,245-249,279-283,309-313,339-343,369-373,399-403
qt6/gen_qaction.cpp
  s_64fea63fed100b::t_7c3ac693187b92 1-2,26,59,63,68,75,79,85,92,96,102,109,113,119,126,130,136,143,147,155,162,166,174,521-524,526,533-536,539,546-549,552,559-562,564,571-574,576,583-586,588,595-598,601,634-637,640,644,650,659,665,674,680,689,695,704,710,719,725,734,740
qt6/gen_qaction.go
  s_64fea63fed100b::t_8cafac5005be8d 44-48,434-437,453-456,475-478,497-500,516-519,535-538,554-557,602-605,685-689,717-721,751-755,781-785,811-815,841-845,871-875
qt6/gen_qaction.h
  s_64fea63fed100b::t_0b787315279211 110,112,114,116,118,120,122,127
qt6/gen_qactiongroup.cpp
  s_64fea63fed100b::t_4a341a7dace57c 1-2,23,45,49,54,61,65,71,78,82,88,95,99,105,112,116,122,129,133,141,148,152,160,276-279,282,289-292,295,321,327,336,342,351,357,366,372,381,387,396,402,411,417
qt6/gen_qactiongroup.go
  s_64fea63fed100b::t_8478ecd20d93ab 25-29,168-171,190-193,295-299,327-331,361-365,391-395,421-425,451-455,481-485
qt6/gen_qactiongroup.h
  s_64fea63fed100b::t_6aee7039c83558 60,62
qt6/gen_qanimationgroup.cpp
  s_64fea63fed100b::t_5975ca6e819381 1-2,21,46,50,55,62,66,70,75,79,84,89,93,102,109,113,120,127,131,137,144,148,154,161,165,171,178,182,188,195,199,207,214,218,226,325,331,340,346,351,357,362,368,377,383,392,398,407,413,422,428,437,443,452,458,467,473
qt6/gen_qanimationgroup.go
  s_64fea63fed100b::t_942c7ffab8ce0d 17-21,207-211,233-237,256-260,286-290,318-322,348-352,382-386,412-416,442-446,472-476,502-506
qt6/gen_qapplication.cpp
  s_64fea63fed100b::t_893afe073eef78 1-2,29,52,56,62,69,73,78,85,89,95,102,106,112,119,123,129,136,140,146,153,157,165,172,176,184,412-415,419,493,499,508,514,523,529,538,544,553,559,568,574,583,589,598,604
qt6/gen_qapplication.go
  s_64fea63fed100b::t_07838f7faabe15 17-21,302-305,476-480,510-514,542-546,576-580,606-610,636-640,666-670,696-700
qt6/gen_qapplication.h
  s_64fea63fed100b::t_ac5838f32a84a4 98
qt6/gen_qbitmap.cpp
  s_64fea63fed100b::t_2daa9cbdbdfc86 1-2,23,48,52,56,63,67,71,78,82,88,95,99,105,112,116,121,128,132,136,223,229,238,244,253,259,268,274,283,289,298,304
qt6/gen_qbitmap.go
  s_64fea63fed100b::t_f30813f35a5edd 17-21,174-178,203-207,232-236,264-268,294-298,326-330
qt6/gen_qboxlayout.cpp
  s_64fea63fed100b::t_9f167a9d0b08f1 1-2,28,59,90,134,138,144,151,155,159,166,170,176,183,187,191,198,202,206,213,217,221,228,232,236,243,247,252,259,263,268,275,279,283,290,294,299,306,310,315,322,326,331,338,342,346,353,357,365,372,376,380,387,391,396,403,407,411,418,422,426,433,437,445,452,456,460,467,471,477,484,488,493,500,504,510,517,521,527,534,538,544,551,555,563,570,574,582,589,593,597,604,608,612,850,856,865,871,880,886,895,901,910,916,925,931,940,946,955,961,970,976,985,991,1001,1007,1016,1022,1031,1037,1046,1052,1061,1067,1076,1082,1091,1097,1106,1112,1121,1127,1137,1143,1152,1158,1167,1173,1182,1188,1197,1203,1212,1218,1227,1233,1242,1248,1257,1263,1272,1278,1287,1293,1413,1417,1423,1430,1434,1438,1445,1449,1455,1462,1466,1470,1477,1481,1485,1492,1496,1500,1507,1511,1515,1522,1526,1531,1538,1542,1547,1554,1558,1562,1569,1573,1578,1585,1589,1594,1601,1605,1610,1617,1621,1625,1632,1636,1644,1651,1655,1659,1666,1670,1675,1682,1686,1690,1697,1701,1705,1712,1716,1724,1731,1735,1739,1746,1750,1756,1763,1767,1772,1779,1783,1789,1796,1800,1806,1813,1817,1823,1830,1834,1842,1849,1853,1861,1868,1872,1876,1883,1887,1891,1963,1969,1978,1984,1993,1999,2008,2014,2023,2029,2038,2044,2053,2059,2068,2074,2083,2089,2098,2104,2114,2120,2129,2135,2144,2150,2159,2165,2174,2180,2189,2195,2204,2210,2219,2225,2234,2240,2250,2256,2265,2271,2280,2286,2295,2301,2310,2316,2325,2331,2340,2346,2355,2361,2370,2376,2385,2391,2400,2406,2526,2530,2536,2543,2547,2551,2558,2562,2568,2575,2579,2583,2590,2594,2598,2605,2609,2613,2620,2624,2628,2635,2639,2644,2651,2655,2660,2667,2671,2675,2682,2686,2691,2698,2702,2707,2714,2718,2723,2730,2734,2738,2745,2749,2757,2764,2768,2772,2779,2783,2788,2795,2799,2803,2810,2814,2818,2825,2829,2837,2844,2848,2852,2859,2863,2869,2876,2880,2885,2892,2896,2902,2909,2913,2919,2926,2930,2936,2943,2947,2955,2962,2966,2974,2981,2985,2989,2996,3000,3004,3076,3082,3091,3097,3106,3112,3121,3127,3136,3142,3151,3157,3166,3172,3181,3187,3196,3202,3211,3217,3227,3233,3242,3248,3257,3263,3272,3278,3287,3293,3302,3308,3317,3323,3332,3338,3347,3353,3363,3369,3378,3384,3393,3399,3408,3414,3423,3429,3438,3444,3453,3459,3468,3474,3483,3489,3498,3504,3513,3519
qt6/gen_qboxlayout.go
  s_64fea63fed100b::t_17a6c9a9f5b01a 28-32,422-426,452-456,481-485,513-517,544-548,575-579,604-608,633-637,665-669,697-701,726-730,753-757,785-789,817-821,846-850,878-882,907-911,939-943,968-972,997-1001,1033-1037,1062-1066,1092-1096,1124-1128,1158-1162,1188-1192,1218-1222,1248-1252,1278-1282,1307-1311,1344-1348,1568-1572,1598-1602,1627-1631,1659-1663,1690-1694,1721-1725,1750-1754,1779-1783,1811-1815,1843-1847,1872-1876,1899-1903,1931-1935,1963-1967,1992-1996,2024-2028,2053-2057,2085-2089,2114-2118,2143-2147,2179-2183,2208-2212,2238-2242,2270-2274,2304-2308,2334-2338,2364-2368,2394-2398,2424-2428,2453-2457,2490-2494,2714-2718,2744-2748,2773-2777,2805-2809,2836-2840,2867-2871,2896-2900,2925-2929,2957-2961,2989-2993,3018-3022,3045-3049,3077-3081,3109-3113,3138-3142,3170-3174,3199-3203,3231-3235,3260-3264,3289-3293,3325-3329,3354-3358,3384-3388,3416-3420,3450-3454,3480-3484,3510-3514,3540-3544,3570-3574,3599-3603
qt6/gen_qbuffer.cpp
  s_64fea63fed100b::t_299a42f892b545 1-2,23,61,65,71,78,82,87,94,98,102,109,113,117,124,128,134,141,145,149,156,160,164,171,175,183,190,194,202,209,213,220,227,231,238,245,249,253,260,264,268,275,279,283,290,294,298,305,309,314,321,325,330,337,341,348,355,359,365,372,376,381,388,392,398,405,409,415,422,426,432,439,443,449,584,590,599,605,614,620,630,636,646,652,661,667,676,682,691,697,706,712,721,727,737,743,753,759,768,774,783,789,799,805,815,821,830,836,845,851,861,867,877,883,892,898,907,913,922,928,937,943
qt6/gen_qbuffer.go
  s_64fea63fed100b::t_26c38977112c8b 17-21,269-273,301-305,328-332,357-361,386-390,418-422,447-451,476-480,506-510,538-542,575-579,610-614,639-643,668-672,697-701,726-730,758-762,792-796,827-831,859-863,891-895,925-929,955-959,985-989
qt6/gen_qbuttongroup.cpp
  s_64fea63fed100b::t_5536f4785e9197 1-2,22,51,55,60,67,71,77,84,88,94,101,105,111,118,122,128,135,139,147,154,158,166,263-266,269,276-279,282,289-292,295,302-305,309,316-319,322,329-332,335,342-345,348,355-358,362,392,398,407,413,422,428,437,443,452,458,467,473,482,488
qt6/gen_qbuttongroup.go
  s_64fea63fed100b::t_fa9d24fc990f94 17-21,138-141,160-163,182-185,204-207,228-231,250-253,272-275,294-297,405-409,437-441,471-475,501-505,531-535,561-565,591-595
qt6/gen_qbuttongroup.h
  s_64fea63fed100b::t_96d8910fdfc5da 54,56,58,60,62,64,66,68
qt6/gen_qcalendarwidget.cpp
  s_64fea63fed100b::t_deb41a8d56464e 1-2,52,118,122,126,133,137,141,148,152,157,164,168,174,181,185,191,198,202,208,215,219,225,232,236,246,253,257,261,268,272,278,285,289,294,301,305,309,316,320,324,331,335,341,348,352,358,365,369,375,382,386,392,399,403,409,416,420,426,433,437,443,450,454,460,467,471,477,484,488,494,501,505,511,518,522,528,535,539,545,552,556,562,569,573,579,586,590,596,603,607,613,620,624,630,637,641,647,654,658,664,671,675,681,688,692,705,712,716,722,729,733,739,746,750,756,763,767,772,779,783,787,794,798,804,811,815,821,828,832,837,844,848,854,861,865,871,878,882,888,895,899,907,914,918,926,1171-1174,1176,1183-1186,1189,1196-1199,1202,1209-1212,1216,1242,1248,1257,1263,1272,1278,1287,1293,1302,1308,1317,1323,1332,1338,1347,1353,1362,1368,1377,1383,1392,1398,1407,1413,1422,1428,1437,1443,1452,1458,1467,1473,1482,1488,1497,1503,1512,1518,1527,1533,1542,1548,1557,1563,1572,1578,1587,1593,1602,1608,1617,1623,1632,1638,1647,1653,1662,1668,1677,1683,1692,1698,1707,1713,1722,1728,1737,1743,1752,1758,1768,1774,1783,1789,1798,1804,1813,1819,1828,1834,1843,1849,1858,1864,1873,1879,1888,1894,1903,1909,1918,1924,1933,1939,1948,1954
qt6/gen_qcalendarwidget.go
  s_64fea63fed100b::t_fbb5898e0ad8dd 40-44,320-323,339-342,363-366,387-390,584-588,615-619,644-648,676-680,710-714,740-744,770-774,800-804,836-840,865-869,895-899,927-931,956-960,985-989,1015-1019,1045-1049,1075-1079,1105-1109,1135-1139,1165-1169,1195-1199,1225-1229,1255-1259,1285-1289,1315-1319,1345-1349,1375-1379,1405-1409,1435-1439,1465-1469,1495-1499,1525-1529,1555-1559,1585-1589,1622-1626,1660-1664,1690-1694,1722-1726,1752-1756,1784-1788,1813-1817,1845-1849,1877-1881,1909-1913,1939-1943,1969-1973,1999-2003,2029-2033
qt6/gen_qcalendarwidget.h
  s_64fea63fed100b::t_e3fd8f41661647 151,153,155,157
qt6/gen_qcheckbox.cpp
  s_64fea63fed100b::t_7ada83fe7b4b40 1-2,49,117,121,125,132,136,140,147,151,156,163,167,174,181,185,190,197,201,206,213,217,223,230,234,240,247,251,257,264,268,274,281,285,291,298,302,308,315,319,325,332,336,342,349,353,359,366,370,376,383,387,393,400,404,408,415,419,425,432,436,441,448,452,456,463,467,471,478,482,488,495,499,505,512,516,522,529,533,539,546,550,556,563,567,573,580,584,590,597,601,607,614,618,624,631,635,641,648,652,658,665,669,675,682,686,692,699,703,709,716,720,726,733,737,743,750,754,767,774,778,784,791,795,801,808,812,817,824,828,832,839,843,849,856,860,866,873,877,882,889,893,899,906,910,916,923,927,933,940,944,952,959,963,971,1059-1062,1065,1095,1101,1110,1116,1125,1131,1140,1146,1155,1161,1170,1176,1185,1191,1200,1206,1215,1221,1230,1236,1245,1251,1260,1266,1275,1281,1290,1296,1305,1311,1320,1326,1335,1341,1350,1356,1365,1371,1380,1386,1395,1401,1410,1416,1425,1431,1440,1446,1455,1461,1470,1476,1485,1491,1500,1506,1515,1521,1530,1536,1545,1551,1560,1566,1575,1581,1590,1596,1605,1611,1620,1626,1635,1641,1650,1656,1665,1671,1681,1687,1696,1702,1711,1717,1726,1732,1741,1747,1756,1762,1771,1777,1786,1792,1801,1807,1816,1822,1831,1837,1846,1852
qt6/gen_qcheckbox.go
  s_64fea63fed100b::t_337af453cdbf5d 17-21,140-143,315-319,346-350,375-379,407-411,439-443,466-470,493-497,523-527,553-557,583-587,613-617,643-647,673-677,703-707,733-737,763-767,793-797,823-827,852-856,882-886,914-918,943-947,972-976,1002-1006,1032-1036,1062-1066,1092-1096,1122-1126,1152-1156,1182-1186,1212-1216,1242-1246,1272-1276,1302-1306,1332-1336,1362-1366,1392-1396,1422-1426,1459-1463,1497-1501,1529-1533,1559-1563,1591-1595,1620-1624,1652-1656,1684-1688,1716-1720,1750-1754,1780-1784,1810-1814,1840-1844
qt6/gen_qcheckbox.h
  s_64fea63fed100b::t_d609d2427f1fbc 106
qt6/gen_qclipboard.cpp
  s_64fea63fed100b::t_fcee9c193098f4 1-2,20,132-135,139,146-149,151,158-161,163,170-173,175
qt6/gen_qclipboard.go
  s_64fea63fed100b::t_e122192b9954cf 25-29,166-169,188-191,207-210,226-229
qt6/gen_qclipboard.h
  s_64fea63fed100b::t_562f3902cda813 55,57,59,61
qt6/gen_qcolordialog.cpp
  s_64fea63fed100b::t_65810852991cda 1-2,49,119,123,129,136,140,146,153,157,163,170,174,178,185,189,193,200,204,209,216,220,224,231,235,240,247,251,256,263,267,273,280,284,290,297,301,307,314,318,324,331,335,341,348,352,358,365,369,373,380,384,389,396,400,404,411,415,419,426,430,435,442,446,452,459,463,469,476,480,486,493,497,503,510,514,520,527,531,537,544,548,554,561,565,571,578,582,588,595,599,605,612,616,622,629,633,639,646,650,656,663,667,673,680,684,690,697,701,707,714,718,724,731,735,741,748,752,758,765,769,782,789,793,799,806,810,816,823,827,832,839,843,847,854,858,864,871,875,881,888,892,897,904,908,914,921,925,931,938,942,948,955,959,967,974,978,986,1105-1108,1113,1120-1123,1128,1176,1182,1191,1197,1206,1212,1221,1227,1236,1242,1251,1257,1266,1272,1281,1287,1296,1302,1311,1317,1326,1332,1341,1347,1356,1362,1371,1377,1386,1392,1401,1407,1416,1422,1431,1437,1446,1452,1461,1467,1476,1482,1491,1497,1506,1512,1521,1527,1536,1542,1551,1557,1566,1572,1581,1587,1596,1602,1611,1617,1626,1632,1641,1647,1656,1662,1671,1677,1686,1692,1701,1707,1716,1722,1731,1737,1746,1752,1761,1767,1777,1783,1792,1798,1807,1813,1822,1828,1837,1843,1852,1858,1867,1873,1882,1888,1897,1903,1912,1918,1927,1933,1942,1948
qt6/gen_qcolordialog.go
  s_64fea63fed100b::t_4685cf3408b93f 25-29,178-181,200-203,417-421,447-451,477-481,509-513,540-544,569-573,596-600,625-629,652-656,679-683,709-713,739-743,769-773,799-803,829-833,863-867,892-896,924-928,953-957,982-986,1014-1018,1044-1048,1074-1078,1104-1108,1134-1138,1164-1168,1194-1198,1224-1228,1254-1258,1284-1288,1314-1318,1344-1348,1374-1378,1404-1408,1434-1438,1464-1468,1494-1498,1524-1528,1554-1558,1591-1595,1629-1633,1661-1665,1691-1695,1723-1727,1752-1756,1784-1788,1816-1820,1848-1852,1878-1882,1908-1912,1938-1942,1968-1972
qt6/gen_qcolordialog.h
  s_64fea63fed100b::t_a703c628e05d93 114,116
qt6/gen_qcolumnview.cpp
  s_64fea63fed100b::t_522b644a537b85 1-2,61,168,172,179,186,190,200,207,211,215,222,226,233,240,244,250,257,261,267,274,278,286,293,297,302,309,313,320,327,331,339,346,350,356,363,367,377,384,388,395,402,406,410,417,421,425,432,436,446,453,457,468,475,479,486,493,497,504,511,515,528,535,539,544,551,555,560,567,571,578,585,589,595,602,606,611,618,622,627,634,638,659,666,670,680,687,691,702,709,713,718,725,729,734,741,745,750,757,761,767,774,778,784,791,795,801,808,812,818,825,829,837,844,848,854,861,865,871,878,882,886,900,904,914,921,925,933,940,944,951,958,962,968,975,979,984,991,995,1000,1007,1011,1016,1023,1027,1033,1040,1044,1050,1057,1061,1067,1074,1078,1084,1091,1095,1101,1108,1112,1118,1125,1129,1135,1142,1146,1152,1159,1163,1169,1176,1180,1186,1193,1197,1203,1210,1214,1220,1227,1231,1237,1244,1248,1254,1261,1265,1269,1276,1280,1284,1291,1295,1301,1308,1312,1318,1325,1329,1335,1342,1346,1352,1359,1363,1369,1376,1380,1386,1393,1397,1401,1408,1412,1418,1425,1429,1434,1441,1445,1449,1456,1460,1464,1471,1475,1481,1488,1492,1498,1505,1509,1515,1522,1526,1532,1539,1543,1549,1556,1560,1566,1573,1577,1583,1590,1594,1600,1607,1611,1617,1624,1628,1641,1648,1652,1658,1665,1669,1675,1682,1686,1691,1698,1702,1706,1713,1717,1723,1730,1734,1740,1747,1751,1759,1766,1770,1778,1846-1849,1854,1951,1957,1966,1972,1981,1987,1996,2002,2011,2017,2026,2032,2041,2047,2056,2062,2071,2077,2086,2092,2101,2107,2116,2122,2131,2137,2146,2152,2161,2167,2176,2182,2191,2197,2206,2212,2221,2227,2236,2242,2252,2258,2267,2273,2282,2288,2297,2303,2312,2318,2327,2333,2342,2348,2363,2369,2378,2384,2393,2399,2408,2414,2423,2429,2438,2444,2453,2459,2468,2474,2483,2489,2498,2504,2513,2519,2528,2534,2543,2549,2567,2573,2582,2588,2598,2604,2613,2619,2628,2634,2643,2649,2658,2664,2673,2679,2688,2694,2703,2709,2718,2724,2733,2739,2748,2754,2763,2769,2778,2784,2793,2799,2808,2814,2823,2829,2838,2844,2853,2859,2868,2874,2883,2889,2898,2904,2913,2919,2928,2934,2943,2949,2958,2964,2973,2979,2988,2994,3003,3009,3018,3024,3033,3039,3048,3054,3063,3069,3078,3084,3093,3099,3108,3114,3123,3129,3138,3144,3153,3159,3168,3174,3183,3189,3198,3204,3213,3219,3229,3235,3244,3250,3259,3265,3274,3280,3289,3295,3304,3310,3319,3325,3334,3340
qt6/gen_qcolumnview.go
  s_64fea63fed100b::t_b3b9008426dfc1 17-21,92-95,529-533,561-565,595-599,626-630,658-662,688-692,718-722,748-752,775-779,809-813,843-847,873-877,907-911,939-943,968-972,997-1001,1031-1035,1063-1067,1095-1099,1131-1135,1164-1168,1196-1200,1228-1232,1262-1266,1294-1298,1321-1325,1354-1358,1394-1398,1428-1432,1460-1464,1487-1491,1514-1518,1541-1545,1571-1575,1601-1605,1631-1635,1661-1665,1693-1697,1723-1727,1761-1765,1795-1799,1831-1835,1865-1869,1895-1899,1925-1929,1957-1961,1989-1993,2021-2025,2051-2055,2081-2085,2111-2115,2141-2145,2171-2175,2201-2205,2231-2235,2261-2265,2291-2295,2321-2325,2351-2355,2381-2385,2411-2415,2447-2451,2478-2482,2507-2511,2537-2541,2567-2571,2597-2601,2627-2631,2657-2661,2687-2691,2716-2720,2746-2750,2778-2782,2807-2811,2836-2840,2866-2870,2896-2900,2926-2930,2956-2960,2986-2990,3016-3020,3046-3050,3076-3080,3113-3117,3151-3155,3183-3187,3213-3217,3245-3249,3274-3278,3304-3308,3334-3338,3364-3368
qt6/gen_qcolumnview.h
  s_64fea63fed100b::t_1d0476a4fcd220 120
qt6/gen_qcombobox.cpp
  s_64fea63fed100b::t_8437dacc97f47d 1-2,57,129,133,139,146,150,154,161,165,169,176,180,185,192,196,201,208,212,217,224,228,234,241,245,251,258,262,268,275,279,285,292,296,302,309,313,319,326,330,336,343,347,353,360,364,370,377,381,387,394,398,404,411,415,421,428,432,438,445,449,455,462,466,472,479,483,489,496,500,504,511,515,521,528,532,537,544,548,552,559,563,567,574,578,584,591,595,601,608,612,618,625,629,635,642,646,652,659,663,669,676,680,686,693,697,703,710,714,720,727,731,737,744,748,754,761,765,771,778,782,795,802,806,812,819,823,829,836,840,845,852,856,860,867,871,876,883,887,893,900,904,910,917,921,927,934,938,944,951,955,963,970,974,982,1354-1357,1367,1374-1377,1380,1388-1391,1401,1408-1411,1414,1422-1425,1435,1442-1445,1448,1456-1459,1469,1540,1546,1555,1561,1570,1576,1585,1591,1600,1606,1615,1621,1630,1636,1645,1651,1660,1666,1675,1681,1690,1696,1705,1711,1720,1726,1735,1741,1750,1756,1765,1771,1780,1786,1795,1801,1810,1816,1825,1831,1840,1846,1855,1861,1870,1876,1885,1891,1900,1906,1915,1921,1930,1936,1945,1951,1960,1966,1975,1981,1990,1996,2005,2011,2020,2026,2035,2041,2050,2056,2065,2071,2080,2086,2095,2101,2110,2116,2125,2131,2141,2147,2156,2162,2171,2177,2186,2192,2201,2207,2216,2222,2231,2237,2246,2252,2261,2267,2276,2282,2291,2297
qt6/gen_qcombobox.go
  s_64fea63fed100b::t_63e49bd2db9ace 37-41,471-474,496-499,522-525,547-550,573-576,598-601,624-627,860-864,892-896,923-927,952-956,979-983,1006-1010,1040-1044,1072-1076,1102-1106,1132-1136,1162-1166,1192-1196,1222-1226,1252-1256,1282-1286,1312-1316,1342-1346,1372-1376,1402-1406,1432-1436,1462-1466,1492-1496,1522-1526,1551-1555,1581-1585,1613-1617,1642-1646,1671-1675,1701-1705,1731-1735,1761-1765,1791-1795,1821-1825,1851-1855,1881-1885,1911-1915,1941-1945,1971-1975,2001-2005,2038-2042,2076-2080,2108-2112,2138-2142,2170-2174,2199-2203,2231-2235,2265-2269,2295-2299,2325-2329,2355-2359,2385-2389
qt6/gen_qcombobox.h
  s_64fea63fed100b::t_ef760aff6021fe 180,182,184,186,188,190,192
qt6/gen_qcommandlinkbutton.cpp
  s_64fea63fed100b::t_976a2882205b65 1-2,50,119,123,127,134,138,143,150,154,158,165,169,175,182,186,191,198,202,208,215,219,225,232,236,242,249,253,259,266,270,276,283,287,294,301,305,310,317,321,326,333,337,343,350,354,360,367,371,377,384,388,394,401,405,411,418,422,426,433,437,443,450,454,458,465,469,473,480,484,490,497,501,507,514,518,524,531,535,541,548,552,558,565,569,575,582,586,592,599,603,609,616,620,626,633,637,643,650,654,660,667,671,677,684,688,694,701,705,711,718,722,728,735,739,745,752,756,769,776,780,786,793,797,803,810,814,819,826,830,834,841,845,851,858,862,868,875,879,884,891,895,901,908,912,918,925,929,935,942,946,954,961,965,973,1099,1105,1114,1120,1129,1135,1144,1150,1159,1165,1174,1180,1189,1195,1204,1210,1219,1225,1234,1240,1249,1255,1264,1270,1279,1285,1294,1300,1309,1315,1324,1330,1339,1345,1354,1360,1369,1375,1384,1390,1399,1405,1414,1420,1429,1435,1444,1450,1459,1465,1474,1480,1489,1495,1504,1510,1519,1525,1534,1540,1549,1555,1564,1570,1579,1585,1594,1600,1609,1615,1624,1630,1639,1645,1654,1660,1669,1675,1685,1691,1700,1706,1715,1721,1730,1736,1745,1751,1760,1766,1775,1781,1790,1796,1805,1811,1820,1826,1835,1841,1850,1856
qt6/gen_qcommandlinkbutton.go
  s_64fea63fed100b::t_69071270b6146d 17-21,324-328,353-357,387-391,416-420,446-450,478-482,508-512,538-542,568-572,598-602,628-632,660-664,687-691,714-718,744-748,774-778,804-808,834-838,864-868,893-897,923-927,952-956,981-985,1011-1015,1041-1045,1071-1075,1101-1105,1131-1135,1161-1165,1191-1195,1221-1225,1251-1255,1281-1285,1311-1315,1341-1345,1371-1375,1401-1405,1431-1435,1468-1472,1506-1510,1538-1542,1568-1572,1600-1604,1629-1633,1661-1665,1693-1697,1725-1729,1759-1763,1789-1793,1819-1823,1849-1853
qt6/gen_qcommonstyle.cpp
  s_64fea63fed100b::t_6abfdf0f1f17f3 1-2,34,77,81,91,98,102,112,119,123,131,138,142,152,159,163,174,181,185,195,202,206,217,224,228,236,243,247,256,263,267,275,282,286,294,301,305,315,322,326,338,345,349,357,364,368,374,381,385,391,398,402,408,415,419,425,432,436,456,463,467,478,485,489,513,520,524,537,544,548,552,559,563,568,575,579,585,592,596,602,609,613,619,626,630,636,643,647,655,662,666,674,810,816,825,831,840,846,855,861,870,876,886,892,901,907,916,922,931,937,946,952,961,967,976,982,991,997,1006,1012,1021,1027,1036,1042,1051,1057,1066,1072,1081,1087,1097,1103,1112,1118,1128,1134,1143,1149,1158,1164,1173,1179,1188,1194,1203,1209,1218,1224,1233,1239,1248,1254
qt6/gen_qcommonstyle.go
  s_64fea63fed100b::t_57f1d46b060627 17-21,253-257,289-293,327-331,363-367,399-403,439-443,479-483,517-521,553-557,593-597,631-635,669-673,705-709,745-749,775-779,805-809,835-839,865-869,901-905,946-950,986-990,1030-1034,1068-1072,1097-1101,1129-1133,1163-1167,1193-1197,1223-1227,1253-1257,1283-1287
qt6/gen_qcompleter.cpp
  s_64fea63fed100b::t_46503f44a15cbc 1-2,26,57,61,68,77,81,93,112,116,122,129,133,138,145,149,155,162,166,172,179,183,189,196,200,208,215,219,227,481-484,494,501-504,509,517-520,530,537-540,545,575,581,597,603,629,635,644,650,659,665,674,680,689,695,704,710,719,725
qt6/gen_qcompleter.go
  s_64fea63fed100b::t_c691cfd3665c6c 33-37,316-319,341-344,367-370,392-395,503-507,551-555,594-598,628-632,660-664,690-694,720-724,750-754,780-784
qt6/gen_qcompleter.h
  s_64fea63fed100b::t_16e705865d232b 91,93,95,97
qt6/gen_qconcatenatetablesproxymodel.cpp
  s_64fea63fed100b::t_5d104f3bcf18de 1-2,31,89,93,101,108,112,123,130,134,141,154,158,180,187,191,198,205,209,218,225,229,236,243,247,254,261,265,273,280,284,291,298,302,306,325,329,343,350,354,366,373,377,389,396,400,407,414,418,427,434,438,445,452,456,467,474,478,485,492,496,500,507,511,515,522,526,535,542,546,555,562,566,575,582,586,595,602,606,619,626,630,643,650,654,662,669,673,680,687,691,699,706,710,717,724,728,742,756,760,764,779,783,792,799,803,807,814,818,823,830,834,839,846,850,855,862,866,872,879,883,889,896,900,906,913,917,923,930,934,942,949,953,961,1180,1186,1195,1201,1210,1216,1239,1245,1260,1266,1276,1282,1291,1297,1306,1312,1321,1327,1336,1342,1351,1357,1382,1388,1403,1409,1418,1424,1433,1439,1448,1454,1463,1469,1478,1484,1493,1499,1508,1514,1524,1530,1540,1546,1555,1561,1570,1576,1585,1591,1600,1606,1615,1621,1630,1636,1645,1651,1660,1666,1675,1681,1690,1696,1714,1720,1748,1754,1763,1769,1778,1784,1793,1799,1808,1814,1823,1829,1838,1844,1853,1859,1868,1874,1883,1889,1898,1904
qt6/gen_qconcatenatetablesproxymodel.go
  s_64fea63fed100b::t_e737795d789c7d 17-21,598-602,632-636,681-685,741-745,788-792,822-826,860-864,892-896,926-930,962-966,1003-1007,1046-1050,1086-1090,1126-1130,1168-1172,1202-1206,1238-1242,1270-1274,1308-1312,1340-1344,1369-1373,1398-1402,1434-1438,1470-1474,1506-1510,1542-1546,1582-1586,1622-1626,1652-1656,1684-1688,1718-1722,1758-1762,1816-1820,1865-1869,1899-1903,1928-1932,1955-1959,1982-1986,2014-2018,2048-2052,2078-2082,2108-2112,2138-2142,2168-2172
qt6/gen_qcoreapplication.cpp
  s_64fea63fed100b::t_75cefbeee1fa0e 1-2,24,53,57,63,70,74,79,86,90,96,103,107,113,120,124,130,137,141,147,154,158,166,173,177,185,473-476,479,486-489,492,515-518,520,527-530,532,539-542,544,551-554,556,632,638,647,653,662,668,677,683,692,698,707,713,722,728,737,743,806-809,811
qt6/gen_qcoreapplication.go
  s_64fea63fed100b::t_078e166f5a3dd6 23-27,337-340,359-362,397-400,416-419,435-438,454-457,626-630,660-664,692-696,726-730,756-760,786-790,816-820,846-850,869-872
qt6/gen_qcoreapplication.h
  s_64fea63fed100b::t_5103f6db631b8e 84,86,92,94,96,98,135
qt6/gen_qcoreevent.cpp
  s_64fea63fed100b::t_b573c3084a80d2 1-2,16,19,22,25,40,44,50,57,61,65,127,133,142,148,168,172,176,183,187,193,218,224,233,239,259,263,267,274,278,284,321,327,336,342,362,366,370,377,381,387,418,424,433,439
qt6/gen_qcoreevent.go
  s_64fea63fed100b::t_001b06b56739be 195-199,292-296,322-326,359-363,420-424,449-453,487-491,560-564,589-593,627-631,698-702,727-731
qt6/gen_qdatawidgetmapper.cpp
  s_64fea63fed100b::t_fbaddbdd6ec100 1-2,25,48,52,58,65,69,74,81,85,91,98,102,108,115,119,125,132,136,142,149,153,161,168,172,180,340-343,346,372,378,387,393,402,408,417,423,432,438,447,453,462,468,477,483
qt6/gen_qdatawidgetmapper.go
  s_64fea63fed100b::t_599b2b6a2dd4f5 24-28,215-218,320-324,350-354,382-386,416-420,446-450,476-480,506-510,536-540
qt6/gen_qdatawidgetmapper.h
  s_64fea63fed100b::t_dd323906054865 76
qt6/gen_qdatetimeedit.cpp
  s_64fea63fed100b::t_b62df4119abb07 1-2,57,116,173,249,253,257,264,268,273,280,284,290,297,301,306,313,317,323,330,334,340,347,351,357,364,368,373,380,384,397,404,408,421,428,432,444,451,455,462,471,475,479,486,490,496,503,507,513,520,524,530,537,541,545,552,556,562,569,573,579,586,590,596,603,607,613,620,624,630,637,641,647,654,658,664,671,675,681,688,692,698,705,709,715,722,726,732,739,743,749,756,760,764,771,775,781,788,792,797,804,808,812,819,823,827,834,838,844,851,855,861,868,872,878,885,889,895,902,906,912,919,923,929,936,940,946,953,957,963,970,974,980,987,991,997,1004,1008,1021,1028,1032,1038,1045,1049,1055,1062,1066,1071,1078,1082,1086,1093,1097,1103,1110,1114,1120,1127,1131,1137,1144,1148,1154,1161,1165,1173,1180,1184,1192,1478-1481,1486,1493-1496,1499,1506-1509,1512,1550,1556,1565,1571,1580,1586,1595,1601,1610,1616,1625,1631,1640,1646,1655,1661,1670,1676,1687,1693,1703,1709,1719,1725,1741,1747,1757,1763,1772,1778,1787,1793,1802,1808,1817,1823,1832,1838,1847,1853,1862,1868,1877,1883,1892,1898,1907,1913,1922,1928,1937,1943,1952,1958,1967,1973,1982,1988,1997,2003,2012,2018,2027,2033,2042,2048,2057,2063,2072,2078,2087,2093,2102,2108,2117,2123,2132,2138,2147,2153,2162,2168,2177,2183,2192,2198,2207,2213,2222,2228,2238,2244,2253,2259,2268,2274,2283,2289,2298,2304,2313,2319,2328,2334,2343,2349,2358,2364,2373,2379,2523,2527,2531,2538,2542,2547,2554,2558,2564,2571,2575,2580,2587,2591,2597,2604,2608,2614,2621,2625,2631,2638,2642,2647,2654,2658,2671,2678,2682,2695,2702,2706,2718,2725,2729,2736,2745,2749,2753,2760,2764,2770,2777,2781,2787,2794,2798,2804,2811,2815,2819,2826,2830,2836,2843,2847,2853,2860,2864,2870,2877,2881,2887,2894,2898,2904,2911,2915,2921,2928,2932,2938,2945,2949,2955,2962,2966,2972,2979,2983,2989,2996,3000,3006,3013,3017,3023,3030,3034,3038,3045,3049,3055,3062,3066,3071,3078,3082,3086,3093,3097,3101,3108,3112,3118,3125,3129,3135,3142,3146,3152,3159,3163,3169,3176,3180,3186,3193,3197,3203,3210,3214,3220,3227,3231,3237,3244,3248,3254,3261,3265,3271,3278,3282,3295,3302,3306,3312,3319,3323,3329,3336,3340,3345,3352,3356,3360,3367,3371,3377,3384,3388,3394,3401,3405,3411,3418,3422,3428,3435,3439,3447,3454,3458,3466,3529-3532,3535,3561,3567,3576,3582,3591,3597,3606,3612,3621,3627,3636,3642,3651,3657,3666,3672,3681,3687,3698,3704,3714,3720,3730,3736,3752,3758,3768,3774,3783,3789,3798,3804,3813,3819,3828,3834,3843,3849,3858,3864,3873,3879,3888,3894,3903,3909,3918,3924,3933,3939,3948,3954,3963,3969,3978,3984,3993,3999,4008,4014,4023,4029,4038,4044,4053,4059,4068,4074,4083,4089,4098,4104,4113,4119,4128,4134,4143,4149,4158,4164,4173,4179,4188,4194,4203,4209,4218,4224,4233,4239,4249,4255,4264,4270,4279,4285,4294,4300,4309,4315,4324,4330,4339,4345,4354,4360,4369,4375,4384,4390,4534,4538,4542,4549,4553,4558,4565,4569,4575,4582,4586,4591,4598,4602,4608,4615,4619,4625,4632,4636,4642,4649,4653,4658,4665,4669,4682,4689,4693,4706,4713,4717,4729,4736,4740,4747,4756,4760,4764,4771,4775,4781,4788,4792,4798,4805,4809,4815,4822,4826,4830,4837,4841,4847,4854,4858,4864,4871,4875,4881,4888,4892,4898,4905,4909,4915,4922,4926,4932,4939,4943,4949,4956,4960,4966,4973,4977,4983,4990,4994,5000,5007,5011,5017,5024,5028,5034,5041,5045,5049,5056,5060,5066,5073,5077,5082,5089,5093,5097,5104,5108,5112,5119,5123,5129,5136,5140,5146,5153,5157,5163,5170,5174,5180,5187,5191,5197,5204,5208,5214,5221,5225,5231,5238,5242,5248,5255,5259,5265,5272,5276,5282,5289,5293,5306,5313,5317,5323,5330,5334,5340,5347,5351,5356,5363,5367,5371,5378,5382,5388,5395,5399,5405,5412,5416,5422,5429,5433,5439,5446,5450,5458,5465,5469,5477,5540-5543,5546,5572,5578,5587,5593,5602,5608,5617,5623,5632,5638,5647,5653,5662,5668,5677,5683,5692,5698,5709,5715,5725,5731,5741,5747,5763,5769,5779,5785,5794,5800,5809,5815,5824,5830,5839,5845,5854,5860,5869,5875,5884,5890,5899,5905,5914,5920,5929,5935,5944,5950,5959,5965,5974,5980,5989,5995,6004,6010,6019,6025,6034,6040,6049,6055,6064,6070,6079,6085,6094,6100,6109,6115,6124,6130,6139,6145,6154,6160,6169,6175,6184,6190,6199,6205,6214,6220,6229,6235,6244,6250,6260,6266,6275,6281,6290,6296,6305,6311,6320,6326,6335,6341,6350,6356,6365,6371,6380,6386,6395,6401
qt6/gen_qdatetimeedit.go
  s_64fea63fed100b::t_b85ca9a48743a9 33-37,364-367,386-389,410-413,621-625,650-654,677-681,707-711,739-743,769-773,799-803,829-833,865-869,905-909,944-948,981-985,1016-1020,1045-1049,1075-1079,1105-1109,1137-1141,1168-1172,1200-1204,1230-1234,1260-1264,1290-1294,1320-1324,1350-1354,1380-1384,1410-1414,1440-1444,1470-1474,1500-1504,1530-1534,1559-1563,1589-1593,1621-1625,1650-1654,1679-1683,1709-1713,1739-1743,1769-1773,1799-1803,1829-1833,1859-1863,1889-1893,1919-1923,1949-1953,1986-1990,2024-2028,2056-2060,2086-2090,2118-2122,2147-2151,2177-2181,2211-2215,2241-2245,2271-2275,2301-2305,2339-2343,2426-2429,2625-2629,2654-2658,2681-2685,2711-2715,2743-2747,2773-2777,2803-2807,2833-2837,2869-2873,2909-2913,2948-2952,2985-2989,3020-3024,3049-3053,3079-3083,3109-3113,3141-3145,3172-3176,3204-3208,3234-3238,3264-3268,3294-3298,3324-3328,3354-3358,3384-3388,3414-3418,3444-3448,3474-3478,3504-3508,3534-3538,3563-3567,3593-3597,3625-3629,3654-3658,3683-3687,3713-3717,3743-3747,3773-3777,3803-3807,3833-3837,3863-3867,3893-3897,3923-3927,3953-3957,3990-3994,4028-4032,4060-4064,4090-4094,4122-4126,4151-4155,4181-4185,4215-4219,4245-4249,4275-4279,4305-4309,4343-4347,4430-4433,4629-4633,4658-4662,4685-4689,4715-4719,4747-4751,4777-4781,4807-4811,4837-4841,4873-4877,4913-4917,4952-4956,4989-4993,5024-5028,5053-5057,5083-5087,5113-5117,5145-5149,5176-5180,5208-5212,5238-5242,5268-5272,5298-5302,5328-5332,5358-5362,5388-5392,5418-5422,5448-5452,5478-5482,5508-5512,5538-5542,5567-5571,5597-5601,5629-5633,5658-5662,5687-5691,5717-5721,5747-5751,5777-5781,5807-5811,5837-5841,5867-5871,5897-5901,5927-5931,5957-5961,5994-5998,6032-6036,6064-6068,6094-6098,6126-6130,6155-6159,6185-6189,6219-6223,6249-6253,6279-6283,6309-6313
qt6/gen_qdatetimeedit.h
  s_64fea63fed100b::t_57f740aead01e3 167,169,171,324,462
qt6/gen_qdial.cpp
  s_64fea63fed100b::t_4e2bc52cb53504 1-2,49,112,116,120,127,131,135,142,146,151,158,162,168,175,179,185,192,196,202,209,213,219,226,230,236,243,247,254,261,265,271,278,282,288,295,299,305,312,316,322,329,333,339,346,350,354,361,365,371,378,382,387,394,398,402,409,413,417,424,428,434,441,445,451,458,462,468,475,479,485,492,496,502,509,513,519,526,530,536,543,547,553,560,564,570,577,581,587,594,598,604,611,615,621,628,632,638,645,649,655,662,666,672,679,683,689,696,700,706,713,717,730,737,741,747,754,758,764,771,775,780,787,791,795,802,806,812,819,823,829,836,840,845,852,856,862,869,873,879,886,890,896,903,907,915,922,926,934,1045,1051,1060,1066,1075,1081,1090,1096,1105,1111,1120,1126,1135,1141,1150,1156,1165,1171,1180,1186,1195,1201,1210,1216,1225,1231,1240,1246,1255,1261,1270,1276,1285,1291,1300,1306,1315,1321,1330,1336,1345,1351,1360,1366,1375,1381,1390,1396,1405,1411,1420,1426,1435,1441,1450,1456,1465,1471,1480,1486,1495,1501,1510,1516,1525,1531,1540,1546,1555,1561,1570,1576,1585,1591,1601,1607,1616,1622,1631,1637,1646,1652,1661,1667,1676,1682,1691,1697,1706,1712,1721,1727,1736,1742,1751,1757,1766,1772
qt6/gen_qdial.go
  s_64fea63fed100b::t_cdd97dca555e0b 17-21,307-311,338-342,367-371,399-403,429-433,459-463,489-493,519-523,549-553,579-583,609-613,639-643,669-673,699-703,729-733,758-762,788-792,820-824,849-853,878-882,908-912,938-942,968-972,998-1002,1028-1032,1058-1062,1088-1092,1118-1122,1148-1152,1178-1182,1208-1212,1238-1242,1268-1272,1298-1302,1328-1332,1358-1362,1395-1399,1433-1437,1465-1469,1495-1499,1527-1531,1556-1560,1588-1592,1620-1624,1652-1656,1686-1690,1716-1720,1746-1750,1776-1780
qt6/gen_qdialog.cpp
  s_64fea63fed100b::t_e9178aa02e402b 1-2,47,117,121,127,134,138,142,149,153,157,164,168,173,180,184,188,195,199,205,212,216,221,228,232,237,244,248,254,261,265,271,278,282,288,295,299,305,312,316,322,329,333,339,346,350,354,361,365,370,377,381,385,392,396,400,407,411,416,423,427,433,440,444,450,457,461,467,474,478,484,491,495,501,508,512,518,525,529,535,542,546,552,559,563,569,576,580,586,593,597,603,610,614,620,627,631,637,644,648,654,661,665,671,678,682,688,695,699,705,712,716,722,729,733,739,746,750,763,770,774,780,787,791,797,804,808,814,821,825,830,837,841,845,852,856,862,869,873,879,886,890,895,902,906,912,919,923,929,936,940,946,953,957,965,972,976,984,1074-1077,1080,1087-1090,1092,1099-1102,1104,1150,1156,1165,1171,1180,1186,1195,1201,1210,1216,1225,1231,1240,1246,1255,1261,1270,1276,1285,1291,1300,1306,1315,1321,1330,1336,1345,1351,1360,1366,1375,1381,1390,1396,1405,1411,1420,1426,1435,1441,1450,1456,1465,1471,1480,1486,1495,1501,1510,1516,1525,1531,1540,1546,1555,1561,1570,1576,1585,1591,1600,1606,1615,1621,1630,1636,1645,1651,1660,1666,1675,1681,1690,1696,1705,1711,1720,1726,1736,1742,1751,1757,1766,1772,1781,1787,1796,1802,1811,1817,1826,1832,1841,1847,1856,1862,1871,1877,1886,1892,1901,1907,1916,1922
qt6/gen_qdialog.go
  s_64fea63fed100b::t_2780c32694e038 24-28,141-144,163-166,182-185,380-384,412-416,443-447,472-476,499-503,528-532,558-562,585-589,612-616,642-646,672-676,702-706,732-736,762-766,796-800,825-829,857-861,886-890,915-919,947-951,977-981,1007-1011,1037-1041,1067-1071,1097-1101,1127-1131,1157-1161,1187-1191,1217-1221,1247-1251,1277-1281,1307-1311,1337-1341,1367-1371,1397-1401,1427-1431,1457-1461,1487-1491,1524-1528,1562-1566,1592-1596,1624-1628,1654-1658,1686-1690,1715-1719,1747-1751,1779-1783,1811-1815,1841-1845,1871-1875,1901-1905,1931-1935
qt6/gen_qdialog.h
  s_64fea63fed100b::t_f6e3aa218dd644 103,105,107
qt6/gen_qdialogbuttonbox.cpp
  s_64fea63fed100b::t_67f0c74502cbb0 1-2,50,121,125,131,138,142,147,154,158,162,169,173,179,186,190,194,201,205,209,216,220,225,232,236,240,247,251,255,262,266,272,279,283,289,296,300,306,313,317,323,330,334,340,347,351,357,364,368,374,381,385,391,398,402,408,415,419,425,432,436,442,449,453,459,466,470,476,483,487,493,500,504,510,517,521,527,534,538,544,551,555,561,568,572,578,585,589,595,602,606,612,619,623,629,636,640,646,653,657,663,670,674,687,694,698,704,711,715,721,728,732,737,744,748,752,759,763,769,776,780,786,793,797,802,809,813,819,826,830,836,843,847,853,860,864,870,877,881,889,896,900,908,1059-1062,1065,1072-1075,1077,1084-1087,1089,1096-1099,1101,1127,1133,1142,1148,1157,1163,1172,1178,1187,1193,1202,1208,1217,1223,1232,1238,1247,1253,1262,1268,1277,1283,1292,1298,1307,1313,1322,1328,1337,1343,1352,1358,1367,1373,1382,1388,1397,1403,1412,1418,1427,1433,1442,1448,1457,1463,1472,1478,1487,1493,1502,1508,1517,1523,1532,1538,1547,1553,1562,1568,1577,1583,1592,1598,1607,1613,1622,1628,1638,1644,1653,1659,1668,1674,1683,1689,1698,1704,1713,1719,1728,1734,1743,1749,1758,1764,1773,1779,1788,1794,1803,1809,1818,1824
qt6/gen_qdialogbuttonbox.go
  s_64fea63fed100b::t_16192a073d4085 69-73,250-253,272-275,291-294,310-313,476-480,506-510,538-542,567-571,599-603,630-634,659-663,691-695,720-724,749-753,779-783,809-813,839-843,869-873,899-903,929-933,959-963,989-993,1019-1023,1049-1053,1079-1083,1109-1113,1139-1143,1169-1173,1199-1203,1229-1233,1259-1263,1289-1293,1319-1323,1349-1353,1379-1383,1409-1413,1439-1443,1476-1480,1514-1518,1546-1550,1576-1580,1608-1612,1637-1641,1669-1673,1701-1705,1733-1737,1767-1771,1797-1801,1827-1831,1857-1861,1887-1891
qt6/gen_qdialogbuttonbox.h
  s_64fea63fed100b::t_1e3393b6d03ba0 119,121,123,125
qt6/gen_qdockwidget.cpp
  s_64fea63fed100b::t_dd9436c044a72e 1-2,49,120,124,130,137,141,147,154,158,164,171,175,180,187,191,197,204,208,212,219,223,229,236,240,244,251,255,259,266,270,275,282,286,290,297,301,305,312,316,322,329,333,339,346,350,356,363,367,373,380,384,390,397,401,407,414,418,424,431,435,441,448,452,458,465,469,475,482,486,492,499,503,509,516,520,526,533,537,543,550,554,560,567,571,577,584,588,594,601,605,611,618,622,628,635,639,645,652,656,662,669,673,679,686,690,703,710,714,720,727,731,737,744,748,753,760,764,768,775,779,785,792,796,802,809,813,818,825,829,835,842,846,852,859,863,869,876,880,886,893,897,905,912,916,924,1046-1049,1053,1060-1063,1066,1073-1076,1080,1087-1090,1093,1100-1103,1107,1133,1139,1148,1154,1163,1169,1178,1184,1193,1199,1208,1214,1223,1229,1238,1244,1253,1259,1268,1274,1283,1289,1298,1304,1313,1319,1328,1334,1343,1349,1358,1364,1373,1379,1388,1394,1403,1409,1418,1424,1433,1439,1448,1454,1463,1469,1478,1484,1493,1499,1508,1514,1523,1529,1538,1544,1553,1559,1568,1574,1583,1589,1598,1604,1613,1619,1628,1634,1643,1649,1659,1665,1674,1680,1689,1695,1704,1710,1719,1725,1734,1740,1749,1755,1764,1770,1779,1785,1794,1800,1809,1815,1824,1830,1839,1845
qt6/gen_qdockwidget.go
  s_64fea63fed100b::t_718047ff040651 29-33,188-191,210-213,232-235,254-257,276-279,445-449,475-479,505-509,535-539,567-571,597-601,626-630,658-662,689-693,718-722,750-754,779-783,808-812,838-842,868-872,898-902,928-932,958-962,988-992,1018-1022,1048-1052,1078-1082,1108-1112,1138-1142,1168-1172,1198-1202,1228-1232,1258-1262,1288-1292,1318-1322,1348-1352,1378-1382,1408-1412,1438-1442,1475-1479,1513-1517,1545-1549,1575-1579,1607-1611,1636-1640,1668-1672,1700-1704,1732-1736,1766-1770,1796-1800,1826-1830,1856-1860,1886-1890
qt6/gen_qdockwidget.h
  s_64fea63fed100b::t_2acecff9af166b 114,116,118,120,122
qt6/gen_qdrag.cpp
  s_64fea63fed100b::t_686ce4f1635cca 1-2,23,45,49,54,61,65,71,78,82,88,95,99,105,112,116,122,129,133,141,148,152,160,268-271,275,282-285,288,319,325,334,340,349,355,364,370,379,385,394,400,409,415
qt6/gen_qdrag.go
  s_64fea63fed100b::t_3bc107cff5d032 17-21,152-155,174-177,283-287,315-319,349-353,379-383,409-413,439-443,469-473
qt6/gen_qdrag.h
  s_64fea63fed100b::t_701598511b7208 62,64
qt6/gen_qerrormessage.cpp
  s_64fea63fed100b::t_4d13c750164758 1-2,48,114,118,124,131,135,141,148,152,158,165,169,173,180,184,188,195,199,204,211,215,219,226,230,235,242,246,251,258,262,268,275,279,285,292,296,302,309,313,319,326,330,336,343,347,353,360,364,368,375,379,384,391,395,399,406,410,414,421,425,430,437,441,447,454,458,464,471,475,481,488,492,498,505,509,515,522,526,532,539,543,549,556,560,566,573,577,583,590,594,600,607,611,617,624,628,634,641,645,651,658,662,668,675,679,685,692,696,702,709,713,719,726,730,736,743,747,753,760,764,777,784,788,794,801,805,811,818,822,827,834,838,842,849,853,859,866,870,876,883,887,892,899,903,909,916,920,926,933,937,943,950,954,962,969,973,981,1069,1075,1084,1090,1099,1105,1114,1120,1129,1135,1144,1150,1159,1165,1174,1180,1189,1195,1204,1210,1219,1225,1234,1240,1249,1255,1264,1270,1279,1285,1294,1300,1309,1315,1324,1330,1339,1345,1354,1360,1369,1375,1384,1390,1399,1405,1414,1420,1429,1435,1444,1450,1459,1465,1474,1480,1489,1495,1504,1510,1519,1525,1534,1540,1549,1555,1564,1570,1579,1585,1594,1600,1609,1615,1624,1630,1639,1645,1654,1660,1670,1676,1685,1691,1700,1706,1715,1721,1730,1736,1745,1751,1760,1766,1775,1781,1790,1796,1805,1811,1820,1826,1835,1841
qt6/gen_qerrormessage.go
  s_64fea63fed100b::t_909a0b3316ac29 17-21,275-279,305-309,335-339,367-371,398-402,427-431,454-458,483-487,510-514,537-541,567-571,597-601,627-631,657-661,687-691,721-725,750-754,782-786,811-815,840-844,872-876,902-906,932-936,962-966,992-996,1022-1026,1052-1056,1082-1086,1112-1116,1142-1146,1172-1176,1202-1206,1232-1236,1262-1266,1292-1296,1322-1326,1352-1356,1382-1386,1412-1416,1449-1453,1487-1491,1519-1523,1549-1553,1581-1585,1610-1614,1642-1646,1674-1678,1706-1710,1736-1740,1766-1770,1796-1800,1826-1830
qt6/gen_qevent.cpp
  s_64fea63fed100b::t_b4e4c94f4b16a6 1-2,74,78,85,92,99,106,113,120,127,131,134,137,140,143,146,149,152,155,158,161,165,168,171,174,177,180,183,186,189,192,195,198,201,204,207,214,217,220,223,239,243,247,254,258,265,272,276,282,334,340,349,355,364,370,392,396,400,407,411,418,425,429,433,440,444,448,455,459,463,470,474,480,600,606,615,621,630,636,645,651,660,666,675,681,756,760,764,771,775,779,786,790,794,801,805,809,816,820,827,834,838,844,905,911,920,926,935,941,950,956,965,971,980,986,1013,1017,1021,1028,1032,1036,1043,1047,1051,1058,1062,1066,1073,1077,1084,1091,1095,1101,1196,1202,1211,1217,1226,1232,1241,1247,1256,1262,1271,1277,1302,1306,1310,1317,1321,1325,1332,1336,1340,1347,1351,1355,1362,1366,1373,1380,1384,1390,1451,1457,1466,1472,1481,1487,1496,1502,1511,1517,1526,1532,1554,1558,1562,1569,1573,1577,1584,1588,1592,1599,1603,1607,1614,1618,1625,1632,1636,1642,1713,1719,1728,1734,1743,1749,1758,1764,1773,1779,1788,1794,1814,1818,1822,1829,1833,1837,1844,1848,1852,1859,1863,1867,1874,1878,1885,1892,1896,1902,2000,2006,2015,2021,2030,2036,2045,2051,2060,2066,2075,2081,2103,2107,2111,2118,2122,2126,2133,2137,2141,2148,2152,2156,2163,2167,2174,2181,2185,2191,2258,2264,2273,2279,2288,2294,2303,2309,2318,2324,2333,2339,2367,2371,2375,2382,2386,2393,2400,2404,2410,2521,2527,2536,2542,2551,2557,2578,2582,2586,2593,2597,2603,2641,2647,2656,2662,2683,2687,2691,2698,2702,2708,2745,2751,2760,2766,2786,2790,2794,2801,2805,2811,2844,2850,2859,2865,2885,2889,2893,2900,2904,2910,2937,2943,2952,2958,2978,2982,2986,2993,2997,3003,3029,3035,3044,3050,3070,3074,3078,3085,3089,3095,3128,3134,3143,3149,3169,3173,3177,3184,3188,3194,3215,3221,3230,3236,3256,3260,3264,3271,3275,3281,3302,3308,3317,3323,3343,3347,3351,3358,3362,3368,3389,3395,3404,3410,3430,3434,3438,3445,3449,3455,3476,3482,3491,3497,3519,3523,3527,3534,3538,3545,3552,3556,3562,3624,3630,3639,3645,3654,3660,3681,3685,3689,3696,3700,3706,3796,3802,3811,3817,3837,3841,3845,3852,3856,3862,3896,3902,3911,3917,3938,3942,3946,3953,3957,3963,4051,4057,4066,4072,4093,4097,4101,4108,4112,4118,4163,4169,4178,4184,4204,4208,4212,4219,4223,4229,4250,4256,4265,4271,4291,4295,4299,4306,4310,4316,4337,4343,4352,4358,4378,4382,4386,4393,4397,4403,4452,4458,4467,4473,4493,4497,4501,4508,4512,4518,4551,4557,4566,4572,4592,4596,4600,4607,4611,4617,4650,4656,4665,4671,4692,4696,4700,4707,4711,4717,4750,4756,4765,4771,4792,4796,4800,4807,4811,4817,4862,4868,4877,4883,4903,4907,4911,4918,4922,4928,4953,4959,4968,4974,4995,4999,5003,5010,5014,5020,5059,5065,5074,5080,5101,5105,5109,5116,5120,5126,5160,5166,5175,5181,5206,5210,5214,5221,5225,5229,5236,5240,5244,5251,5255,5259,5266,5270,5277,5284,5288,5294,5381,5387,5396,5402,5411,5417,5426,5432,5441,5447,5456,5462,5482,5486,5490,5497,5501,5507,5556,5562,5571,5577,5597,5601,5605,5612,5616,5622,5656,5662,5671,5677,5697,5701,5705,5712,5716,5722,5752,5758,5767,5773,5793,5797,5801,5808,5812,5818,5844,5850,5859,5865
qt6/gen_qevent.go
  s_64fea63fed100b::t_eacd6a5ec1d45e 56-60,143-147,172-176,202-206,240-244,395-399,424-428,454-458,483-487,512-516,541-545,679-683,788-792,817-821,846-850,875-879,904-908,934-938,972-976,1125-1129,1154-1158,1183-1187,1212-1216,1241-1245,1271-1275,1309-1313,1424-1428,1453-1457,1482-1486,1511-1515,1540-1544,1570-1574,1608-1612,1721-1725,1750-1754,1779-1783,1808-1812,1837-1841,1867-1871,1905-1909,2038-2042,2067-2071,2096-2100,2125-2129,2154-2158,2184-2188,2222-2226,2339-2343,2368-2372,2397-2401,2426-2430,2455-2459,2485-2489,2523-2527,2701-2705,2730-2734,2760-2764,2798-2802,2873-2877,2902-2906,2940-2944,3011-3015,3040-3044,3078-3082,3143-3147,3172-3176,3210-3214,3271-3275,3300-3304,3338-3342,3399-3403,3428-3432,3466-3470,3531-3535,3560-3564,3598-3602,3655-3659,3684-3688,3722-3726,3779-3783,3808-3812,3846-3850,3903-3907,3932-3936,3970-3974,4027-4031,4056-4060,4094-4098,4191-4195,4220-4224,4250-4254,4288-4292,4419-4423,4448-4452,4486-4490,4557-4561,4586-4590,4624-4628,4749-4753,4778-4782,4816-4820,4901-4905,4930-4934,4968-4972,5025-5029,5054-5058,5092-5096,5149-5153,5178-5182,5216-5220,5297-5301,5326-5330,5364-5368,5432-5436,5461-5465,5499-5503,5567-5571,5596-5600,5634-5638,5705-5709,5734-5738,5772-5776,5856-5860,5885-5889,5923-5927,5984-5988,6013-6017,6051-6055,6126-6130,6155-6159,6193-6197,6264-6268,6293-6297,6331-6335,6462-6466,6491-6495,6520-6524,6549-6553,6578-6582,6608-6612,6646-6650,6739-6743,6768-6772,6806-6810,6879-6883,6908-6912,6946-6950,7011-7015,7040-7044,7078-7082,7139-7143,7168-7172
qt6/gen_qeventloop.cpp
  s_64fea63fed100b::t_fab13a8b201f2f 1-2,22,43,47,52,59,63,69,76,80,86,93,97,103,110,114,120,127,131,139,146,150,158,269,275,284,290,299,305,314,320,329,335,344,350,359,365
qt6/gen_qeventloop.go
  s_64fea63fed100b::t_e45e73b6a81f77 30-34,232-236,264-268,298-302,328-332,358-362,388-392,418-422
qt6/gen_qfile.cpp
  s_64fea63fed100b::t_e5fb76b007ef34 1-2,24,68,72,76,85,89,95,102,106,110,117,121,127,134,138,142,149,153,159,166,170,175,182,186,190,197,201,205,212,216,222,229,233,237,244,248,255,262,266,273,280,284,291,298,302,306,313,317,321,328,332,336,343,347,351,358,362,367,374,378,383,390,394,400,407,411,416,423,427,433,440,444,450,457,461,467,474,478,484,491,495,503,510,514,522,783,789,805,811,820,826,836,842,851,857,867,873,882,888,897,903,912,918,928,934,943,949,958,964,974,980,990,996,1006,1012,1021,1027,1037,1043,1053,1059,1068,1074,1083,1089,1098,1104,1114,1120,1129,1135,1144,1150,1159,1165,1174,1180,1189,1195,1204,1210
qt6/gen_qfile.go
  s_64fea63fed100b::t_6e362a5bd1881f 17-21,444-448,476-480,508-512,537-541,569-573,598-602,630-634,657-661,686-690,715-719,747-751,778-782,815-819,852-856,887-891,916-920,945-949,974-978,1003-1007,1035-1039,1067-1071,1099-1103,1131-1135,1165-1169,1195-1199,1225-1229,1255-1259,1285-1289
qt6/gen_qfiledialog.cpp
  s_64fea63fed100b::t_0a97a2de52b720 1-2,54,133,137,143,150,154,160,167,171,176,183,187,193,200,204,208,215,219,223,230,234,239,246,250,254,261,265,270,277,281,287,294,298,304,311,315,321,328,332,338,345,349,355,362,366,372,379,383,387,394,398,403,410,414,418,425,429,433,440,444,449,456,460,466,473,477,483,490,494,500,507,511,517,524,528,534,541,545,551,558,562,568,575,579,585,592,596,602,609,613,619,626,630,636,643,647,653,660,664,670,677,681,687,694,698,704,711,715,721,728,732,738,745,749,755,762,766,772,779,783,796,803,807,813,820,824,830,837,841,846,853,857,861,868,872,878,885,889,895,902,906,911,918,922,928,935,939,945,952,956,962,969,973,981,988,992,1000,1451-1454,1464,1478-1481,1500,1508-1511,1521,1529-1532,1542,1549-1552,1557,1570-1573,1585,1592-1595,1600,1607-1610,1615,1623-1626,1636,2112,2118,2127,2133,2142,2148,2157,2163,2172,2178,2187,2193,2202,2208,2217,2223,2232,2238,2247,2253,2262,2268,2277,2283,2292,2298,2307,2313,2322,2328,2337,2343,2352,2358,2367,2373,2382,2388,2397,2403,2412,2418,2427,2433,2442,2448,2457,2463,2472,2478,2487,2493,2502,2508,2517,2523,2532,2538,2547,2553,2562,2568,2577,2583,2592,2598,2607,2613,2622,2628,2637,2643,2652,2658,2667,2673,2682,2688,2697,2703,2713,2719,2728,2734,2743,2749,2758,2764,2773,2779,2788,2794,2803,2809,2818,2824,2833,2839,2848,2854,2863,2869,2878,2884
qt6/gen_qfiledialog.go
  s_64fea63fed100b::t_65d303ac9b5de8 62-66,546-549,581-584,616-619,645-648,670-673,698-701,728-731,750-753,776-779,1471-1475,1501-1505,1531-1535,1558-1562,1590-1594,1621-1625,1650-1654,1677-1681,1706-1710,1733-1737,1763-1767,1793-1797,1823-1827,1853-1857,1883-1887,1917-1921,1946-1950,1978-1982,2007-2011,2036-2040,2068-2072,2098-2102,2128-2132,2158-2162,2188-2192,2218-2222,2248-2252,2278-2282,2308-2312,2338-2342,2368-2372,2398-2402,2428-2432,2458-2462,2488-2492,2518-2522,2548-2552,2578-2582,2608-2612,2645-2649,2683-2687,2715-2719,2745-2749,2777-2781,2806-2810,2838-2842,2870-2874,2902-2906,2932-2936,2962-2966,2992-2996,3022-3026
qt6/gen_qfiledialog.h
  s_64fea63fed100b::t_2734daf1efa81c 159,161,163,165,167,169,171,173,175
qt6/gen_qfileiconprovider.cpp
  s_64fea63fed100b::t_9a003bb2c27284 1-2,17,35,39,45,52,56,63,70,74,81,90,94,101,108,112,116,141,147,156,162,171,177,193,199,208,214
qt6/gen_qfileiconprovider.go
  s_64fea63fed100b::t_7a35e0177bce40 17-21,84-88,118-122,152-156,187-191,217-221
qt6/gen_qfileselector.cpp
  s_64fea63fed100b::t_c0eb69aee93022 1-2,22,43,47,52,59,63,69,76,80,86,93,97,103,110,114,120,127,131,139,146,150,158,292,298,307,313,322,328,337,343,352,358,367,373,382,388
qt6/gen_qfileselector.go
  s_64fea63fed100b::t_7900cecd0127a9 17-21,232-236,264-268,298-302,328-332,358-362,388-392,418-422
qt6/gen_qfilesystemmodel.cpp
  s_64fea63fed100b::t_0ca5e995fd194f 1-2,36,97,101,110,117,121,128,135,139,148,155,159,166,173,177,184,191,195,203,210,214,221,228,232,239,246,250,258,265,269,280,287,291,299,306,310,317,324,328,336,343,347,351,370,374,388,395,399,411,418,422,426,433,437,441,456,460,466,473,477,482,489,493,504,511,515,522,535,539,561,568,572,579,586,590,602,609,613,617,624,628,637,644,648,657,664,668,677,684,688,697,704,708,721,728,732,745,752,756,763,770,774,788,802,806,813,820,824,833,840,844,848,855,859,864,871,875,880,887,891,897,904,908,914,921,925,931,938,942,950,957,961,969,1038-1041,1051,1061-1064,1090,1098-1101,1111,1455,1461,1470,1476,1485,1491,1500,1506,1515,1521,1530,1536,1545,1551,1560,1566,1575,1581,1590,1596,1605,1611,1620,1626,1636,1642,1651,1657,1682,1688,1703,1709,1718,1724,1734,1740,1768,1774,1783,1789,1798,1804,1813,1819,1842,1848,1863,1869,1878,1884,1893,1899,1909,1915,1924,1930,1939,1945,1954,1960,1969,1975,1984,1990,1999,2005,2014,2020,2038,2044,2053,2059,2068,2074,2083,2089,2098,2104,2113,2119,2128,2134,2143,2149,2158,2164,2173,2179
qt6/gen_qfilesystemmodel.go
  s_64fea63fed100b::t_da3bb152394ba4 34-38,113-116,150-153,187-190,896-900,934-938,968-972,1004-1008,1036-1040,1068-1072,1098-1102,1130-1134,1164-1168,1198-1202,1236-1240,1272-1276,1304-1308,1345-1349,1388-1392,1428-1432,1468-1472,1510-1514,1559-1563,1589-1593,1621-1625,1672-1676,1732-1736,1779-1783,1811-1815,1851-1855,1880-1884,1916-1920,1952-1956,1988-1992,2024-2028,2064-2068,2106-2110,2146-2150,2193-2197,2225-2229,2259-2263,2288-2292,2315-2319,2342-2346,2376-2380,2406-2410,2436-2440,2466-2470
qt6/gen_qfilesystemmodel.h
  s_64fea63fed100b::t_04d84b18b9aabe 66,68,70
qt6/gen_qfilesystemwatcher.cpp
  s_64fea63fed100b::t_dd5b912fe4f5dc 1-2,21,46,50,55,62,66,72,79,83,89,96,100,106,113,117,123,130,134,142,149,153,161,354,360,369,375,384,390,399,405,414,420,429,435,444,450,502-505,515,518-521,531
qt6/gen_qfilesystemwatcher.go
  s_64fea63fed100b::t_4da7a0554e52d7 17-21,295-299,327-331,361-365,391-395,421-425,451-455,481-485,504-507,526-529
qt6/gen_qfilesystemwatcher.h
  s_64fea63fed100b::t_0725e3884afc43 72-73
qt6/gen_qfocusframe.cpp
  s_64fea63fed100b::t_d4db2319cd35fa 1-2,48,110,114,119,126,130,136,143,147,153,160,164,170,177,181,185,192,196,202,209,213,217,224,228,232,239,243,248,255,259,263,270,274,278,285,289,295,302,306,312,319,323,329,336,340,346,353,357,363,370,374,380,387,391,397,404,408,414,421,425,431,438,442,448,455,459,465,472,476,482,489,493,499,506,510,516,523,527,533,540,544,550,557,561,567,574,578,584,591,595,601,608,612,618,625,629,635,642,646,652,659,663,669,676,680,693,700,704,710,717,721,727,734,738,744,751,755,760,767,771,775,782,786,792,799,803,809,816,820,825,832,836,842,849,853,859,866,870,876,883,887,895,902,906,914,994,1000,1009,1015,1024,1030,1039,1045,1054,1060,1069,1075,1084,1090,1099,1105,1114,1120,1129,1135,1144,1150,1159,1165,1174,1180,1189,1195,1204,1210,1219,1225,1234,1240,1249,1255,1264,1270,1279,1285,1294,1300,1309,1315,1324,1330,1339,1345,1354,1360,1369,1375,1384,1390,1399,1405,1414,1420,1429,1435,1444,1450,1459,1465,1474,1480,1489,1495,1504,1510,1520,1526,1535,1541,1550,1556,1565,1571,1580,1586,1595,1601,1610,1616,1625,1631,1640,1646,1655,1661,1670,1676,1685,1691,1700,1706
qt6/gen_qfocusframe.go
  s_64fea63fed100b::t_6ae4115488a5be 17-21,247-251,279-283,313-317,343-347,373-377,402-406,434-438,465-469,494-498,526-530,555-559,584-588,614-618,644-648,674-678,704-708,734-738,764-768,794-798,824-828,854-858,884-888,914-918,944-948,974-978,1004-1008,1034-1038,1064-1068,1094-1098,1124-1128,1154-1158,1184-1188,1214-1218,1244-1248,1281-1285,1319-1323,1349-1353,1381-1385,1411-1415,1443-1447,1472-1476,1504-1508,1536-1540,1568-1572,1598-1602,1628-1632,1658-1662,1688-1692
qt6/gen_qfontcombobox.cpp
  s_64fea63fed100b::t_77f842bb2ccf72 1-2,51,117,121,125,132,136,141,148,152,158,165,169,173,180,184,189,196,200,205,212,216,222,229,233,239,246,250,256,263,267,273,280,284,290,297,301,307,314,318,324,331,335,341,348,352,358,365,369,375,382,386,392,399,403,409,416,420,426,433,437,443,450,454,460,467,471,477,484,488,492,499,503,509,516,520,525,532,536,540,547,551,555,562,566,572,579,583,589,596,600,606,613,617,623,630,634,640,647,651,657,664,668,674,681,685,691,698,702,708,715,719,725,732,736,742,749,753,759,766,770,783,790,794,800,807,811,817,824,828,833,840,844,848,855,859,864,871,875,881,888,892,898,905,909,915,922,926,932,939,943,951,958,962,970,1092-1095,1100,1126,1132,1141,1147,1156,1162,1171,1177,1186,1192,1201,1207,1216,1222,1231,1237,1246,1252,1261,1267,1276,1282,1291,1297,1306,1312,1321,1327,1336,1342,1351,1357,1366,1372,1381,1387,1396,1402,1411,1417,1426,1432,1441,1447,1456,1462,1471,1477,1486,1492,1501,1507,1516,1522,1531,1537,1546,1552,1561,1567,1576,1582,1591,1597,1606,1612,1621,1627,1636,1642,1651,1657,1666,1672,1681,1687,1696,1702,1711,1717,1727,1733,1742,1748,1757,1763,1772,1778,1787,1793,1802,1808,1817,1823,1832,1838,1847,1853,1862,1868,1877,1883
qt6/gen_qfontcombobox.go
  s_64fea63fed100b::t_16d74fcba806a9 27-31,180-183,351-355,380-384,412-416,444-448,473-477,500-504,529-533,561-565,591-595,621-625,651-655,681-685,711-715,741-745,771-775,801-805,831-835,861-865,891-895,921-925,951-955,981-985,1011-1015,1040-1044,1070-1074,1102-1106,1131-1135,1160-1164,1190-1194,1220-1224,1250-1254,1280-1284,1310-1314,1340-1344,1370-1374,1400-1404,1430-1434,1460-1464,1490-1494,1527-1531,1565-1569,1597-1601,1627-1631,1659-1663,1688-1692,1720-1724,1754-1758,1784-1788,1814-1818,1844-1848,1874-1878
qt6/gen_qfontcombobox.h
  s_64fea63fed100b::t_74808d8e85d51e 114
qt6/gen_qfontdialog.cpp
  s_64fea63fed100b::t_30934e61e41075 1-2,49,119,123,129,136,140,146,153,157,163,170,174,180,187,191,195,202,206,210,217,221,226,233,237,241,248,252,257,264,268,273,280,284,290,297,301,307,314,318,324,331,335,341,348,352,358,365,369,373,380,384,389,396,400,404,411,415,419,426,430,435,442,446,452,459,463,469,476,480,486,493,497,503,510,514,520,527,531,537,544,548,554,561,565,571,578,582,588,595,599,605,612,616,622,629,633,639,646,650,656,663,667,673,680,684,690,697,701,707,714,718,724,731,735,741,748,752,758,765,769,782,789,793,799,806,810,816,823,827,832,839,843,847,854,858,864,871,875,881,888,892,897,904,908,914,921,925,931,938,942,948,955,959,967,974,978,986,1089-1092,1097,1104-1107,1112,1160,1166,1175,1181,1190,1196,1205,1211,1220,1226,1235,1241,1250,1256,1265,1271,1280,1286,1295,1301,1310,1316,1325,1331,1340,1346,1355,1361,1370,1376,1385,1391,1400,1406,1415,1421,1430,1436,1445,1451,1460,1466,1475,1481,1490,1496,1505,1511,1520,1526,1535,1541,1550,1556,1565,1571,1580,1586,1595,1601,1610,1616,1625,1631,1640,1646,1655,1661,1670,1676,1685,1691,1700,1706,1715,1721,1730,1736,1745,1751,1761,1767,1776,1782,1791,1797,1806,1812,1821,1827,1836,1842,1851,1857,1866,1872,1881,1887,1896,1902,1911,1917,1926,1932
qt6/gen_qfontdialog.go
  s_64fea63fed100b::t_cf73130598c7d9 28-32,163-166,185-188,402-406,432-436,462-466,492-496,528-532,559-563,588-592,615-619,644-648,671-675,698-702,728-732,758-762,788-792,818-822,848-852,877-881,909-913,938-942,967-971,999-1003,1029-1033,1059-1063,1089-1093,1119-1123,1149-1153,1179-1183,1209-1213,1239-1243,1269-1273,1299-1303,1329-1333,1359-1363,1389-1393,1419-1423,1449-1453,1479-1483,1509-1513,1539-1543,1576-1580,1614-1618,1646-1650,1676-1680,1708-1712,1737-1741,1769-1773,1801-1805,1833-1837,1863-1867,1893-1897,1923-1927,1953-1957
qt6/gen_qfontdialog.h
  s_64fea63fed100b::t_c731124f1db4c8 110,112
qt6/gen_qformlayout.cpp
  s_64fea63fed100b::t_9930e28a3f1ea6 1-2,27,71,75,79,86,90,96,103,107,113,120,124,129,136,140,145,152,156,164,171,175,179,186,190,194,201,205,210,217,221,225,232,236,241,248,252,256,263,267,271,278,282,286,293,297,301,308,312,317,324,328,332,339,343,347,354,358,366,373,377,381,388,392,398,405,409,414,421,425,431,438,442,448,455,459,465,472,476,484,491,495,503,510,514,519,526,530,534,541,545,549,854,860,869,875,884,890,899,905,914,920,929,935,944,950,959,965,974,980,989,995,1004,1010,1019,1025,1035,1041,1050,1056,1065,1071,1080,1086,1095,1101,1110,1116,1126,1132,1141,1147,1156,1162,1171,1177,1186,1192,1201,1207,1216,1222,1231,1237,1246,1252,1261,1267,1276,1282,1291,1297
qt6/gen_qformlayout.go
  s_64fea63fed100b::t_8dfcc5b74c7c09 41-45,515-519,544-548,574-578,604-608,636-640,668-672,700-704,731-735,760-764,787-791,816-820,848-852,877-881,908-912,939-943,968-972,1000-1004,1029-1033,1058-1062,1094-1098,1123-1127,1153-1157,1185-1189,1219-1223,1249-1253,1279-1283,1309-1313,1339-1343,1371-1375,1400-1404
qt6/gen_qframe.cpp
  s_64fea63fed100b::t_3742bad0de7fac 1-2,49,112,116,120,127,131,136,143,147,153,160,164,170,177,181,187,194,198,202,209,213,219,226,230,234,241,245,250,257,261,265,272,276,280,287,291,297,304,308,314,321,325,331,338,342,348,355,359,365,372,376,382,389,393,399,406,410,416,423,427,433,440,444,450,457,461,467,474,478,484,491,495,501,508,512,518,525,529,535,542,546,552,559,563,569,576,580,586,593,597,603,610,614,620,627,631,637,644,648,654,661,665,671,678,682,695,702,706,712,719,723,729,736,740,745,752,756,760,767,771,777,784,788,794,801,805,810,817,821,827,834,838,844,851,855,861,868,872,878,885,889,897,904,908,916,1051,1057,1066,1072,1081,1087,1096,1102,1111,1117,1126,1132,1141,1147,1156,1162,1171,1177,1186,1192,1201,1207,1216,1222,1231,1237,1246,1252,1261,1267,1276,1282,1291,1297,1306,1312,1321,1327,1336,1342,1351,1357,1366,1372,1381,1387,1396,1402,1411,1417,1426,1432,1441,1447,1456,1462,1471,1477,1486,1492,1501,1507,1516,1522,1531,1537,1546,1552,1561,1567,1577,1583,1592,1598,1607,1613,1622,1628,1637,1643,1652,1658,1667,1673,1682,1688,1697,1703,1712,1718,1727,1733,1742,1748,1757,1763
qt6/gen_qframe.go
  s_64fea63fed100b::t_2f9b7c836aa391 44-48,346-350,375-379,407-411,437-441,467-471,497-501,526-530,558-562,587-591,619-623,648-652,677-681,707-711,737-741,767-771,797-801,827-831,857-861,887-891,917-921,947-951,977-981,1007-1011,1037-1041,1067-1071,1097-1101,1127-1131,1157-1161,1187-1191,1217-1221,1247-1251,1277-1281,1307-1311,1337-1341,1374-1378,1412-1416,1444-1448,1474-1478,1506-1510,1535-1539,1567-1571,1599-1603,1631-1635,1665-1669,1695-1699,1725-1729,1755-1759,1785-1789
qt6/gen_qfuturewatcher.cpp
  s_64fea63fed100b::t_96d431b9e1557f 1-2,18,125-128,130,137-140,142,149-152,154,161-164,166,173-176,178,185-188,190,197-200,202,209-212,215,222-225,229,236-239,243,250-253,256,264-267,277
qt6/gen_qfuturewatcher.go
  s_64fea63fed100b::t_871183ef7adac7 17-21,139-142,158-161,177-180,196-199,215-218,234-237,253-256,272-275,294-297,318-321,342-345,368-371
qt6/gen_qfuturewatcher.h
  s_64fea63fed100b::t_88e067c352c6b5 50,52,54,56,58,60,62,64,66,68,70,72
qt6/gen_qgenericplugin.cpp
  s_64fea63fed100b::t_04dd537451b88d 1-2,20,42,46,66,71,75,80,87,91,97,104,108,114,121,125,131,138,142,148,155,159,167,174,178,186,259,265,270,276,285,291,300,306,315,321,330,336,345,351,360,366
qt6/gen_qgenericplugin.go
  s_64fea63fed100b::t_fccbe01079f49c 17-21,181-185,220-224,252-256,286-290,316-320,346-350,376-380,406-410
qt6/gen_qgesture.cpp
  s_64fea63fed100b::t_f494b64b69a7b4 1-2,29,37,45,53,61,69,77,93,97,102,109,113,119,126,130,136,143,147,153,160,164,170,177,181,189,196,200,208,310,316,325,331,340,346,355,361,370,376,385,391,400,406,471,475,480,487,491,497,504,508,514,521,525,531,538,542,548,555,559,567,574,578,586,682,688,697,703,712,718,727,733,742,748,757,763,772,778,843,847,852,859,863,869,876,880,886,893,897,903,910,914,920,927,931,939,946,950,958,1121,1127,1136,1142,1151,1157,1166,1172,1181,1187,1196,1202,1211,1217,1282,1286,1291,1298,1302,1308,1315,1319,1325,1332,1336,1342,1349,1353,1359,1366,1370,1378,1385,1389,1397,1483,1489,1498,1504,1513,1519,1528,1534,1543,1549,1558,1564,1573,1579,1644,1648,1653,1660,1664,1670,1677,1681,1687,1694,1698,1704,1711,1715,1721,1728,1732,1740,1747,1751,1759,1834,1840,1849,1855,1864,1870,1879,1885,1894,1900,1909,1915,1924,1930,1995,1999,2004,2011,2015,2021,2028,2032,2038,2045,2049,2055,2062,2066,2072,2079,2083,2091,2098,2102,2110,2193,2199,2208,2214,2223,2229,2238,2244,2253,2259,2268,2274,2283,2289,2354,2358,2364,2371,2375,2379,2497,2503,2512,2518
qt6/gen_qgesture.go
  s_64fea63fed100b::t_6297be9f4bd273 42-46,234-238,266-270,300-304,330-334,360-364,390-394,420-424,458-462,650-654,682-686,716-720,746-750,776-780,806-810,836-840,874-878,1126-1130,1158-1162,1192-1196,1222-1226,1252-1256,1282-1286,1312-1316,1350-1354,1524-1528,1556-1560,1590-1594,1620-1624,1650-1654,1680-1684,1710-1714,1748-1752,1916-1920,1948-1952,1982-1986,2012-2016,2042-2046,2072-2076,2102-2106,2140-2144,2316-2320,2348-2352,2382-2386,2412-2416,2442-2446,2472-2476,2502-2506,2540-2544,2689-2693,2719-2723
qt6/gen_qgesturerecognizer.cpp
  s_64fea63fed100b::t_78ba6b069c4800 1-2,14,30,34,39,46,50,57,62,66,72,111,117,126,132,137,143
qt6/gen_qgesturerecognizer.go
  s_64fea63fed100b::t_674e80a0101a58 30-34,103-107,129-133,165-169
qt6/gen_qgraphicsanchorlayout.cpp
  s_64fea63fed100b::t_443337115b5315 1-2,24,119,123,129,136,140,148,155,159,163,170,174,179,186,190,195,202,206,215,222,226,239,246,250,255,262,266,272,279,283,287,374,380,389,395,404,410,419,425,434,440,449,455,464,470,479,485,494,500,509,515
qt6/gen_qgraphicsanchorlayout.go
  s_64fea63fed100b::t_bf150152b4bd4c 128-132,283-287,313-317,343-347,372-376,404-408,433-437,467-471,503-507,530-534,560-564
qt6/gen_qgraphicseffect.cpp
  s_64fea63fed100b::t_9b7f10b0593e5c 1-2,31,43,56,69,83,109,113,120,127,131,136,141,145,152,159,163,168,175,179,185,192,196,202,209,213,219,226,230,236,243,247,255,262,266,274,351-354,357,383,389,398,404,409,415,424,430,439,445,454,460,469,475,484,490,499,505,514,520,684,688,694,701,705,712,719,723,730,737,741,746,753,757,763,770,774,780,787,791,797,804,808,814,821,825,833,840,844,852,922-925,930,937-940,944,970,976,985,991,1000,1006,1015,1021,1030,1036,1045,1051,1060,1066,1075,1081,1090,1096,1105,1111,1231,1235,1242,1249,1253,1259,1266,1270,1277,1284,1288,1293,1300,1304,1310,1317,1321,1327,1334,1338,1344,1351,1355,1361,1368,1372,1380,1387,1391,1399,1474-1477,1481,1488-1491,1495,1521,1527,1536,1542,1551,1557,1566,1572,1581,1587,1596,1602,1611,1617,1626,1632,1641,1647,1656,1662,1782,1786,1793,1800,1804,1810,1817,1821,1828,1835,1839,1844,1851,1855,1861,1868,1872,1878,1885,1889,1895,1902,1906,1912,1919,1923,1931,1938,1942,1950,2058-2061,2066,2073-2076,2080,2087-2090,2095,2121,2127,2136,2142,2151,2157,2166,2172,2181,2187,2196,2202,2211,2217,2226,2232,2241,2247,2256,2262,2382,2386,2392,2399,2403,2410,2417,2421,2428,2435,2439,2444,2451,2455,2461,2468,2472,2478,2485,2489,2495,2502,2506,2512,2519,2523,2531,2538,2542,2550,2620-2623,2627,2634-2637,2642,2668,2674,2683,2689,2698,2704,2713,2719,2728,2734,2743,2749,2758,2764,2773,2779,2788,2794,2803,2809
qt6/gen_qgraphicseffect.go
  s_64fea63fed100b::t_f1386ac5abbc1a 42-46,141-144,382-386,408-412,438-442,468-472,500-504,534-538,564-568,594-598,624-628,654-658,692-696,785-788,807-810,982-986,1014-1018,1046-1050,1076-1080,1108-1112,1142-1146,1172-1176,1202-1206,1232-1236,1262-1266,1300-1304,1397-1400,1419-1422,1596-1600,1628-1632,1658-1662,1688-1692,1720-1724,1754-1758,1784-1788,1814-1818,1844-1848,1874-1878,1912-1916,2045-2048,2067-2070,2089-2092,2266-2270,2298-2302,2328-2332,2358-2362,2390-2394,2424-2428,2454-2458,2484-2488,2514-2518,2544-2548,2582-2586,2675-2678,2697-2700,2872-2876,2904-2908,2936-2940,2966-2970,2998-3002,3032-3036,3062-3066,3092-3096,3122-3126,3152-3156
qt6/gen_qgraphicseffect.h
  s_64fea63fed100b::t_eceb2aee2bfc7e 69,123,125,175,177,235,237,239,288,290
qt6/gen_qgraphicsgridlayout.cpp
  s_64fea63fed100b::t_a1b194e31ac9e6 1-2,17,41,45,49,56,60,65,72,76,82,89,93,98,105,109,117,124,128,137,144,148,161,168,172,177,184,188,194,201,205,209,435,441,450,456,465,471,480,486,495,501,510,516,525,531,540,546,555,561,570,576
qt6/gen_qgraphicsgridlayout.go
  s_64fea63fed100b::t_508a8f583e641c 17-21,302-306,331-335,363-367,393-397,420-424,452-456,486-490,522-526,549-553,579-583
qt6/gen_qgraphicsitem.cpp
  s_64fea63fed100b::t_9750df2e25809c 1-2,63,99,154,190,226,262,298,334,370,406,451,487,536,540,546,553,557,561,566,570,574,581,585,592,599,603,610,617,621,630,637,641,646,653,657,661,668,672,679,684,688,692,699,703,709,716,720,725,732,736,742,749,753,759,766,770,776,783,787,793,800,804,810,817,821,827,834,838,844,851,855,861,868,872,878,885,889,895,902,906,912,919,923,929,936,940,946,953,957,963,970,974,980,987,991,997,1004,1008,1014,1021,1025,1031,1038,1042,1048,1055,1059,1068,1075,1079,1085,1092,1096,1106,1113,1117,1124,1909,1915,1924,1930,1935,1941,1950,1956,1965,1971,1980,1986,1995,2001,2010,2016,2025,2031,2036,2042,2051,2057,2066,2072,2081,2087,2096,2102,2111,2117,2126,2132,2141,2147,2156,2162,2171,2177,2186,2192,2201,2207,2216,2222,2231,2237,2246,2252,2261,2267,2276,2282,2291,2297,2306,2312,2321,2327,2336,2342,2351,2357,2366,2372,2381,2387,2396,2402,2411,2417,2482,2486,2491,2498,2502,2508,2515,2519,2525,2532,2536,2542,2549,2553,2559,2566,2570,2578,2585,2589,2597,2604,2608,2614,2621,2625,2629,2634,2638,2642,2649,2653,2660,2667,2671,2678,2685,2689,2698,2705,2709,2714,2721,2725,2729,2736,2740,2747,2752,2756,2760,2767,2771,2777,2784,2788,2793,2800,2804,2810,2817,2821,2827,2834,2838,2844,2851,2855,2861,2868,2872,2878,2885,2889,2895,2902,2906,2912,2919,2923,2929,2936,2940,2946,2953,2957,2963,2970,2974,2980,2987,2991,2997,3004,3008,3014,3021,3025,3031,3038,3042,3048,3055,3059,3065,3072,3076,3082,3089,3093,3099,3106,3110,3116,3123,3127,3136,3143,3147,3153,3160,3164,3174,3181,3185,3192,3253-3256,3258,3265-3268,3270,3277-3280,3282,3289-3292,3294,3301-3304,3306,3313-3316,3318,3325-3328,3330,3337-3340,3342,3349-3352,3354,3361-3364,3366,3373-3376,3378,3385-3388,3390,3420,3426,3435,3441,3450,3456,3465,3471,3480,3486,3495,3501,3510,3516,3525,3531,3540,3546,3551,3557,3566,3572,3581,3587,3596,3602,3611,3617,3626,3632,3641,3647,3652,3658,3667,3673,3682,3688,3697,3703,3712,3718,3727,3733,3742,3748,3757,3763,3772,3778,3787,3793,3802,3808,3817,3823,3832,3838,3847,3853,3862,3868,3877,3883,3892,3898,3907,3913,3922,3928,3937,3943,3952,3958,3967,3973,3982,3988,3997,4003,4012,4018,4027,4033,4142,4146,4151,4158,4162,4166,4173,4177,4183,4190,4194,4198,4203,4207,4211,4218,4222,4229,4236,4240,4247,4254,4258,4267,4274,4278,4285,4290,4294,4298,4305,4309,4315,4322,4326,4331,4338,4342,4348,4355,4359,4365,4372,4376,4382,4389,4393,4399,4406,4410,4416,4423,4427,4433,4440,4444,4450,4457,4461,4467,4474,4478,4484,4491,4495,4501,4508,4512,4518,4525,4529,4535,4542,4546,4552,4559,4563,4569,4576,4580,4586,4593,4597,4603,4610,4614,4620,4627,4631,4637,4644,4648,4654,4661,4665,4674,4681,4685,4691,4698,4702,4712,4719,4723,4730,4780,4786,4795,4801,4810,4816,4825,4831,4836,4842,4851,4857,4866,4872,4881,4887,4896,4902,4907,4913,4922,4928,4937,4943,4952,4958,4967,4973,4982,4988,4997,5003,5012,5018,5027,5033,5042,5048,5057,5063,5072,5078,5087,5093,5102,5108,5117,5123,5132,5138,5147,5153,5162,5168,5177,5183,5192,5198,5207,5213,5222,5228,5237,5243,5252,5258,5267,5273,5282,5288,5355,5359,5363,5370,5374,5378,5385,5389,5396,5403,5407,5415,5422,5426,5431,5438,5442,5446,5453,5457,5461,5468,5472,5478,5485,5489,5499,5506,5510,5517,5524,5528,5534,5541,5545,5552,5559,5563,5572,5579,5583,5589,5596,5600,5605,5612,5616,5622,5629,5633,5639,5646,5650,5656,5663,5667,5673,5680,5684,5690,5697,5701,5707,5714,5718,5724,5731,5735,5741,5748,5752,5758,5765,5769,5775,5782,5786,5792,5799,5803,5809,5816,5820,5826,5833,5837,5843,5850,5854,5860,5867,5871,5877,5884,5888,5894,5901,5905,5911,5918,5922,5928,5935,5939,5948,6018,6024,6033,6039,6048,6054,6063,6069,6078,6084,6093,6099,6108,6114,6123,6129,6138,6144,6153,6159,6168,6174,6183,6189,6198,6204,6213,6219,6228,6234,6243,6249,6258,6264,6273,6279,6288,6294,6303,6309,6318,6324,6333,6339,6348,6354,6363,6369,6378,6384,6393,6399,6408,6414,6423,6429,6438,6444,6453,6459,6468,6474,6483,6489,6498,6504,6513,6519,6528,6534,6603,6607,6611,6618,6622,6626,6633,6637,6644,6651,6655,6663,6670,6674,6679,6686,6690,6694,6701,6705,6709,6716,6720,6726,6733,6737,6747,6754,6758,6765,6772,6776,6782,6789,6793,6800,6807,6811,6820,6827,6831,6837,6844,6848,6853,6860,6864,6870,6877,6881,6887,6894,6898,6904,6911,6915,6921,6928,6932,6938,6945,6949,6955,6962,6966,6972,6979,6983,6989,6996,7000,7006,7013,7017,7023,7030,7034,7040,7047,7051,7057,7064,7068,7074,7081,7085,7091,7098,7102,7108,7115,7119,7125,7132,7136,7142,7149,7153,7159,7166,7170,7176,7183,7187,7196,7278,7284,7293,7299,7308,7314,7323,7329,7338,7344,7353,7359,7368,7374,7383,7389,7398,7404,7413,7419,7428,7434,7443,7449,7458,7464,7473,7479,7488,7494,7503,7509,7518,7524,7533,7539,7548,7554,7563,7569,7578,7584,7593,7599,7608,7614,7623,7629,7638,7644,7653,7659,7668,7674,7683,7689,7698,7704,7713,7719,7728,7734,7743,7749,7758,7764,7773,7779,7788,7794,7863,7867,7871,7878,7882,7886,7893,7897,7904,7911,7915,7923,7930,7934,7939,7946,7950,7954,7961,7965,7969,7976,7980,7986,7993,7997,8007,8014,8018,8025,8032,8036,8042,8049,8053,8060,8067,8071,8080,8087,8091,8097,8104,8108,8113,8120,8124,8130,8137,8141,8147,8154,8158,8164,8171,8175,8181,8188,8192,8198,8205,8209,8215,8222,8226,8232,8239,8243,8249,8256,8260,8266,8273,8277,8283,8290,8294,8300,8307,8311,8317,8324,8328,8334,8341,8345,8351,8358,8362,8368,8375,8379,8385,8392,8396,8402,8409,8413,8419,8426,8430,8436,8443,8447,8456,8554,8560,8569,8575,8584,8590,8599,8605,8614,8620,8629,8635,8644,8650,8659,8665,8674,8680,8689,8695,8704,8710,8719,8725,8734,8740,8749,8755,8764,8770,8779,8785,8794,8800,8809,8815,8824,8830,8839,8845,8854,8860,8869,8875,8884,8890,8899,8905,8914,8920,8929,8935,8944,8950,8959,8965,8974,8980,8989,8995,9004,9010,9019,9025,9034,9040,9049,9055,9064,9070,9135,9139,9143,9150,9154,9158,9165,9169,9176,9183,9187,9195,9202,9206,9211,9218,9222,9226,9233,9237,9241,9248,9252,9258,9265,9269,9279,9286,9290,9297,9304,9308,9314,9321,9325,9332,9339,9343,9352,9359,9363,9369,9376,9380,9385,9392,9396,9402,9409,9413,9419,9426,9430,9436,9443,9447,9453,9460,9464,9470,9477,9481,9487,9494,9498,9504,9511,9515,9521,9528,9532,9538,9545,9549,9555,9562,9566,9572,9579,9583,9589,9596,9600,9606,9613,9617,9623,9630,9634,9640,9647,9651,9657,9664,9668,9674,9681,9685,9691,9698,9702,9708,9715,9719,9728,9791,9797,9806,9812,9821,9827,9836,9842,9851,9857,9866,9872,9881,9887,9896,9902,9911,9917,9926,9932,9941,9947,9956,9962,9971,9977,9986,9992,10001,10007,10016,10022,10031,10037,10046,10052,10061,10067,10076,10082,10091,10097,10106,10112,10121,10127,10136,10142,10151,10157,10166,10172,10181,10187,10196,10202,10211,10217,10226,10232,10241,10247,10256,10262,10271,10277,10286,10292,10301,10307,10376,10380,10384,10391,10395,10399,10406,10410,10417,10424,10428,10436,10443,10447,10452,10459,10463,10467,10474,10478,10482,10489,10493,10499,10506,10510,10520,10527,10531,10538,10545,10549,10555,10562,10566,10573,10580,10584,10593,10600,10604,10610,10617,10621,10626,10633,10637,10643,10650,10654,10660,10667,10671,10677,10684,10688,10694,10701,10705,10711,10718,10722,10728,10735,10739,10745,10752,10756,10762,10769,10773,10779,10786,10790,10796,10803,10807,10813,10820,10824,10830,10837,10841,10847,10854,10858,10864,10871,10875,10881,10888,10892,10898,10905,10909,10915,10922,10926,10932,10939,10943,10949,10956,10960,10969,11059,11065,11074,11080,11089,11095,11104,11110,11119,11125,11134,11140,11149,11155,11164,11170,11179,11185,11194,11200,11209,11215,11224,11230,11239,11245,11254,11260,11269,11275,11284,11290,11299,11305,11314,11320,11329,11335,11344,11350,11359,11365,11374,11380,11389,11395,11404,11410,11419,11425,11434,11440,11449,11455,11464,11470,11479,11485,11494,11500,11509,11515,11524,11530,11539,11545,11554,11560,11569,11575,11642,11646,11650,11657,11661,11665,11672,11676,11683,11690,11694,11702,11709,11713,11718,11725,11729,11733,11740,11744,11748,11755,11759,11765,11772,11776,11786,11793,11797,11804,11811,11815,11821,11828,11832,11839,11846,11850,11859,11866,11870,11876,11883,11887,11892,11899,11903,11909,11916,11920,11926,11933,11937,11943,11950,11954,11960,11967,11971,11977,11984,11988,11994,12001,12005,12011,12018,12022,12028,12035,12039,12045,12052,12056,12062,12069,12073,12079,12086,12090,12096,12103,12107,12113,12120,12124,12130,12137,12141,12147,12154,12158,12164,12171,12175,12181,12188,12192,12198,12205,12209,12215,12222,12226,12235,12335,12341,12350,12356,12365,12371,12380,12386,12395,12401,12410,12416,12425,12431,12440,12446,12455,12461,12470,12476,12485,12491,12500,12506,12515,12521,12530,12536,12545,12551,12560,12566,12575,12581,12590,12596,12605,12611,12620,12626,12635,12641,12650,12656,12665,12671,12680,12686,12695,12701,12710,12716,12725,12731,12740,12746,12755,12761,12770,12776,12785,12791,12800,12806,12815,12821,12830,12836,12845,12851,12918,12922,12926,12933,12937,12941,12948,12952,12959,12966,12970,12978,12985,12989,12994,13001,13005,13009,13016,13020,13024,13031,13035,13040,13047,13051,13057,13064,13068,13074,13081,13085,13091,13098,13102,13108,13115,13119,13125,13132,13136,13142,13149,13153,13159,13166,13170,13176,13183,13187,13193,13200,13204,13210,13217,13221,13227,13234,13238,13244,13251,13255,13261,13268,13272,13278,13285,13289,13295,13302,13306,13312,13319,13323,13329,13336,13340,13346,13353,13357,13363,13370,13374,13384,13391,13395,13402,13409,13413,13418,13425,13429,13435,13442,13446,13452,13459,13463,13469,13476,13480,13486,13493,13497,13505,13512,13516,13524,13531,13535,13541,13548,13552,13559,13566,13570,13579,13586,13590,13596,13603,13607,13613,13620,13624,13633,13826-13829,13839,13847-13850,13860,13886,13892,13901,13907,13916,13922,13931,13937,13946,13952,13961,13967,13976,13982,13991,13997,14006,14012,14021,14027,14036,14042,14051,14057,14066,14072,14081,14087,14096,14102,14111,14117,14126,14132,14141,14147,14156,14162,14171,14177,14186,14192,14201,14207,14216,14222,14231,14237,14246,14252,14261,14267,14276,14282,14291,14297,14306,14312,14321,14327,14336,14342,14351,14357,14366,14372,14381,14387,14396,14402,14411,14417,14426,14432,14441,14447,14456,14462,14471,14477,14486,14492,14501,14507,14618,14622,14626,14633,14637,14641,14648,14652,14659,14666,14670,14678,14685,14689,14694,14701,14705,14709,14716,14720,14724,14731,14735,14741,14748,14752,14762,14769,14773,14780,14787,14791,14797,14804,14808,14815,14822,14826,14835,14842,14846,14852,14859,14863,14868,14875,14879,14885,14892,14896,14902,14909,14913,14919,14926,14930,14936,14943,14947,14953,14960,14964,14970,14977,14981,14987,14994,14998,15004,15011,15015,15021,15028,15032,15038,15045,15049,15055,15062,15066,15072,15079,15083,15089,15096,15100,15106,15113,15117,15123,15130,15134,15140,15147,15151,15157,15164,15168,15174,15181,15185,15191,15198,15202,15211,15299,15305,15314,15320,15329,15335,15344,15350,15359,15365,15374,15380,15389,15395,15404,15410,15419,15425,15434,15440,15449,15455,15464,15470,15479,15485,15494,15500,15509,15515,15524,15530,15539,15545,15554,15560,15569,15575,15584,15590,15599,15605,15614,15620,15629,15635,15644,15650,15659,15665,15674,15680,15689,15695,15704,15710,15719,15725,15734,15740,15749,15755,15764,15770,15779,15785,15794,15800,15809,15815,15880,15884,15888,15895,15899,15907,15914,15918,15923,15930,15934,15938,15945,15949,15953,15960,15964,15970,15977,15981,15985,15992,15996,16003,16010,16014,16021,16028,16032,16041,16048,16052,16058,16065,16069,16074,16081,16085,16091,16098,16102,16108,16115,16119,16125,16132,16136,16142,16149,16153,16159,16166,16170,16176,16183,16187,16193,16200,16204,16210,16217,16221,16227,16234,16238,16244,16251,16255,16261,16268,16272,16278,16285,16289,16295,16302,16306,16312,16319,16323,16329,16336,16340,16346,16353,16357,16363,16370,16374,16380,16387,16391,16397,16404,16408,16417,16424,16428,16434,16441,16445,16455,16462,16466,16473,16527,16533,16542,16548,16557,16563,16572,16578,16587,16593,16602,16608,16617,16623,16632,16638,16647,16653,16662,16668,16677,16683,16692,16698,16707,16713,16722,16728,16737,16743,16752,16758,16767,16773,16782,16788,16797,16803,16812,16818,16827,16833,16842,16848,16857,16863,16872,16878,16887,16893,16902,16908,16917,16923,16932,16938,16947,16953,16962,16968,16977,16983,16992,16998,17007,17013,17022,17028,17037,17043
qt6/gen_qgraphicsitem.go
  s_64fea63fed100b::t_0a68090b081341 171-175,1105-1109,1129-1133,1160-1164,1189-1193,1221-1225,1255-1259,1289-1293,1323-1327,1346-1350,1380-1384,1409-1413,1443-1447,1475-1479,1505-1509,1535-1539,1565-1569,1595-1599,1625-1629,1655-1659,1685-1689,1715-1719,1745-1749,1775-1779,1805-1809,1835-1839,1865-1869,1895-1899,1925-1929,1955-1959,1985-1989,2017-2021,2051-2055,2085-2089,2117-2121,2151-2155,2191-2195,2277-2280,2296-2299,2315-2318,2334-2337,2353-2356,2372-2375,2391-2394,2410-2413,2429-2432,2448-2451,2467-2470,2486-2489,2640-2644,2672-2676,2706-2710,2736-2740,2766-2770,2796-2800,2826-2830,2856-2860,2880-2884,2911-2915,2940-2944,2972-2976,3006-3010,3040-3044,3074-3078,3097-3101,3131-3135,3160-3164,3194-3198,3226-3230,3256-3260,3286-3290,3316-3320,3346-3350,3376-3380,3406-3410,3436-3440,3466-3470,3496-3500,3526-3530,3556-3560,3586-3590,3616-3620,3646-3650,3676-3680,3706-3710,3736-3740,3768-3772,3802-3806,3836-3840,3868-3872,3902-3906,3942-3946,4079-4083,4113-4117,4142-4146,4166-4170,4197-4201,4226-4230,4258-4262,4292-4296,4320-4324,4354-4358,4383-4387,4417-4421,4449-4453,4479-4483,4509-4513,4539-4543,4569-4573,4599-4603,4629-4633,4659-4663,4689-4693,4719-4723,4749-4753,4779-4783,4809-4813,4839-4843,4869-4873,4899-4903,4929-4933,4959-4963,4991-4995,5025-5029,5059-5063,5091-5095,5125-5129,5165-5169,5330-5334,5361-5365,5390-5394,5422-5426,5456-5460,5490-5494,5519-5523,5548-5552,5580-5584,5614-5618,5646-5650,5676-5680,5710-5714,5744-5748,5778-5782,5810-5814,5840-5844,5870-5874,5900-5904,5930-5934,5960-5964,5990-5994,6020-6024,6050-6054,6080-6084,6110-6114,6140-6144,6170-6174,6200-6204,6230-6234,6260-6264,6290-6294,6320-6324,6352-6356,6386-6390,6428-6432,6609-6613,6640-6644,6669-6673,6701-6705,6735-6739,6769-6773,6798-6802,6827-6831,6859-6863,6893-6897,6925-6929,6955-6959,6989-6993,7023-7027,7057-7061,7089-7093,7119-7123,7149-7153,7179-7183,7209-7213,7239-7243,7269-7273,7299-7303,7329-7333,7359-7363,7389-7393,7419-7423,7449-7453,7479-7483,7509-7513,7539-7543,7569-7573,7599-7603,7631-7635,7665-7669,7707-7711,7904-7908,7935-7939,7964-7968,7996-8000,8030-8034,8064-8068,8093-8097,8122-8126,8154-8158,8188-8192,8220-8224,8250-8254,8284-8288,8318-8322,8352-8356,8384-8388,8414-8418,8444-8448,8474-8478,8504-8508,8534-8538,8564-8568,8594-8598,8624-8628,8654-8658,8684-8688,8714-8718,8744-8748,8774-8778,8804-8808,8834-8838,8864-8868,8894-8898,8926-8930,8960-8964,9002-9006,9153-9157,9184-9188,9213-9217,9245-9249,9279-9283,9313-9317,9342-9346,9371-9375,9403-9407,9437-9441,9469-9473,9499-9503,9533-9537,9567-9571,9601-9605,9633-9637,9663-9667,9693-9697,9723-9727,9753-9757,9783-9787,9813-9817,9843-9847,9873-9877,9903-9907,9933-9937,9963-9967,9993-9997,10023-10027,10053-10057,10083-10087,10113-10117,10143-10147,10175-10179,10209-10213,10251-10255,10442-10446,10473-10477,10502-10506,10534-10538,10568-10572,10602-10606,10631-10635,10660-10664,10692-10696,10726-10730,10758-10762,10788-10792,10822-10826,10856-10860,10890-10894,10922-10926,10952-10956,10982-10986,11012-11016,11042-11046,11072-11076,11102-11106,11132-11136,11162-11166,11192-11196,11222-11226,11252-11256,11282-11286,11312-11316,11342-11346,11372-11376,11402-11406,11432-11436,11464-11468,11498-11502,11540-11544,11735-11739,11766-11770,11795-11799,11827-11831,11861-11865,11895-11899,11924-11928,11953-11957,11985-11989,12019-12023,12051-12055,12081-12085,12115-12119,12149-12153,12183-12187,12215-12219,12245-12249,12275-12279,12305-12309,12335-12339,12365-12369,12395-12399,12425-12429,12455-12459,12485-12489,12515-12519,12545-12549,12575-12579,12605-12609,12635-12639,12665-12669,12695-12699,12725-12729,12757-12761,12791-12795,12833-12837,13070-13073,13099-13102,13257-13261,13288-13292,13317-13321,13349-13353,13383-13387,13417-13421,13446-13450,13475-13479,13507-13511,13537-13541,13567-13571,13597-13601,13627-13631,13657-13661,13687-13691,13717-13721,13747-13751,13777-13781,13807-13811,13837-13841,13867-13871,13897-13901,13927-13931,13957-13961,13987-13991,14019-14023,14051-14055,14083-14087,14117-14121,14149-14153,14181-14185,14215-14219,14245-14249,14275-14279,14305-14309,14335-14339,14365-14369,14395-14399,14429-14433,14463-14467,14497-14501,14529-14533,14571-14575,14759-14763,14790-14794,14819-14823,14851-14855,14885-14889,14919-14923,14948-14952,14977-14981,15009-15013,15043-15047,15075-15079,15105-15109,15139-15143,15173-15177,15207-15211,15239-15243,15269-15273,15299-15303,15329-15333,15359-15363,15389-15393,15419-15423,15449-15453,15479-15483,15509-15513,15539-15543,15569-15573,15599-15603,15629-15633,15659-15663,15689-15693,15719-15723,15749-15753,15781-15785,15815-15819,15857-15861,15998-16002,16027-16031,16061-16065,16095-16099,16124-16128,16153-16157,16185-16189,16214-16218,16246-16250,16280-16284,16314-16318,16348-16352,16380-16384,16410-16414,16440-16444,16470-16474,16500-16504,16530-16534,16560-16564,16590-16594,16620-16624,16650-16654,16680-16684,16710-16714,16740-16744,16770-16774,16800-16804,16830-16834,16860-16864,16890-16894,16922-16926,16956-16960,16990-16994,17022-17026,17056-17060
qt6/gen_qgraphicsitem.h
  s_64fea63fed100b::t_eaed75ac85018e 409,411,413,415,417,419,421,423,425,427,429,431,1254,1256
qt6/gen_qgraphicsitemanimation.cpp
  s_64fea63fed100b::t_52be509da42cab 1-2,26,49,53,60,67,71,78,85,89,94,101,105,111,118,122,128,135,139,145,152,156,162,169,173,181,188,192,200,469,475,484,490,499,505,514,520,529,535,544,550,559,565,574,580,589,595
qt6/gen_qgraphicsitemanimation.go
  s_64fea63fed100b::t_042de14373a578 17-21,397-401,427-431,457-461,489-493,523-527,553-557,583-587,613-617,643-647
qt6/gen_qgraphicslayout.cpp
  s_64fea63fed100b::t_ce86541b87107a 1-2,16,40,44,57,64,68,73,80,84,89,96,100,106,113,117,121,126,130,135,140,144,149,154,158,166,173,177,181,188,192,201,272,278,287,293,302,308,317,323,332,338,343,349,354,360,365,371,380,386,395,401
qt6/gen_qgraphicslayout.go
  s_64fea63fed100b::t_fe78c819484f53 17-21,160-164,196-200,223-227,250-254,274-278,297-301,323-327,353-357,383-387,406-410
qt6/gen_qgraphicslayoutitem.cpp
  s_64fea63fed100b::t_c47dc773231be0 1-2,15,35,39,47,54,58,71,78,82,87,94,98,102,109,113,122,302,308,317,323,332,338,347,353,362,368
qt6/gen_qgraphicslayoutitem.go
  s_64fea63fed100b::t_76de5af913b7a2 17-21,270-274,300-304,336-340,363-367,386-390
qt6/gen_qgraphicslinearlayout.cpp
  s_64fea63fed100b::t_bbad396e5c85c4 1-2,17,43,47,53,60,64,72,79,83,87,94,98,103,110,114,119,126,130,139,146,150,163,170,174,179,186,190,196,203,207,211,348,354,363,369,378,384,393,399,408,414,423,429,438,444,453,459,468,474,483,489
qt6/gen_qgraphicslinearlayout.go
  s_64fea63fed100b::t_7d79aedb1ab409 17-21,226-230,256-260,286-290,315-319,347-351,376-380,410-414,446-450,473-477,503-507
qt6/gen_qgraphicsproxywidget.cpp
  s_64fea63fed100b::t_287833393ac5bc 1-2,46,125,129,137,144,148,156,163,167,171,178,182,191,198,202,207,214,218,224,231,235,241,248,252,258,265,269,275,282,286,292,299,303,309,316,320,326,333,337,343,350,354,360,367,371,377,384,388,394,401,405,411,418,422,428,435,439,445,452,456,462,469,473,479,486,490,496,503,507,513,520,524,530,537,541,547,554,558,564,571,575,581,588,592,597,604,608,614,621,625,631,638,642,651,658,662,668,675,679,692,699,703,711,718,722,726,733,737,741,748,752,758,765,769,774,781,785,800,807,811,816,823,827,832,839,843,850,857,861,867,874,878,884,891,895,901,908,912,917,924,928,934,941,945,951,958,962,968,975,979,985,992,996,1002,1009,1013,1021,1028,1032,1040,1047,1051,1057,1064,1068,1075,1082,1086,1093,1100,1104,1113,1120,1124,1129,1136,1140,1144,1151,1155,1161,1168,1172,1178,1185,1189,1199,1206,1210,1217,1224,1228,1232,1338,1344,1353,1359,1368,1374,1383,1389,1398,1404,1413,1419,1428,1434,1443,1449,1458,1464,1473,1479,1488,1494,1503,1509,1518,1524,1533,1539,1548,1554,1563,1569,1578,1584,1593,1599,1608,1614,1623,1629,1638,1644,1653,1659,1668,1674,1683,1689,1698,1704,1713,1719,1728,1734,1743,1749,1758,1764,1773,1779,1788,1794,1803,1809,1818,1824,1833,1839,1848,1854,1863,1869,1878,1884,1893,1899,1908,1914,1924,1930,1939,1945,1954,1960,1970,1976,1985,1991,2000,2006,2015,2021,2030,2036,2045,2051,2060,2066,2075,2081,2090,2096,2105,2111,2120,2126,2135,2141,2150,2156,2165,2171,2180,2186,2195,2201,2210,2216,2225,2231,2240,2246,2255,2261,2270,2276,2285,2291
qt6/gen_qgraphicsproxywidget.go
  s_64fea63fed100b::t_e186d42a6f5062 23-27,303-307,333-337,367-371,398-402,432-436,464-468,498-502,528-532,558-562,588-592,618-622,648-652,678-682,708-712,738-742,768-772,798-802,828-832,858-862,888-892,918-922,948-952,978-982,1008-1012,1038-1042,1068-1072,1098-1102,1128-1132,1162-1166,1194-1198,1226-1230,1260-1264,1290-1294,1326-1330,1362-1366,1393-1397,1422-1426,1452-1456,1485-1489,1521-1525,1553-1557,1585-1589,1617-1621,1647-1651,1677-1681,1707-1711,1734-1738,1764-1768,1794-1798,1824-1828,1854-1858,1884-1888,1914-1918,1944-1948,1974-1978,2006-2010,2040-2044,2074-2078,2108-2112,2137-2141,2171-2175,2203-2207,2237-2241,2269-2273
qt6/gen_qgraphicsscene.cpp
  s_64fea63fed100b::t_ce9d74132db9cf 1-2,55,104,108,114,121,125,130,137,141,147,154,158,164,171,175,181,188,192,198,205,209,215,222,226,232,239,243,249,256,260,266,273,277,283,290,294,300,307,311,317,324,328,334,341,345,351,358,362,368,375,379,385,392,396,402,409,413,419,426,430,439,446,450,459,466,470,475,482,486,492,499,503,509,516,520,526,533,537,545,552,556,564,1018-1021,1033,1040-1043,1048,1055-1058,1060,1067-1070,1076,1368,1374,1383,1389,1398,1404,1413,1419,1428,1434,1443,1449,1458,1464,1473,1479,1488,1494,1503,1509,1518,1524,1533,1539,1548,1554,1563,1569,1578,1584,1593,1599,1608,1614,1623,1629,1638,1644,1653,1659,1668,1674,1683,1689,1698,1704,1713,1719,1728,1734,1743,1749,1758,1764
qt6/gen_qgraphicsscene.go
  s_64fea63fed100b::t_c2d25d80312d4f 33-37,516-519,546-549,568-571,587-590,934-938,966-970,998-1002,1032-1036,1062-1066,1092-1096,1122-1126,1152-1156,1182-1186,1212-1216,1242-1246,1272-1276,1302-1306,1332-1336,1362-1366,1392-1396,1422-1426,1452-1456,1482-1486,1512-1516,1544-1548,1576-1580,1608-1612,1638-1642,1668-1672,1698-1702,1728-1732
qt6/gen_qgraphicsscene.h
  s_64fea63fed100b::t_5267f7818d44b3 210,212,214,216
qt6/gen_qgraphicssceneevent.cpp
  s_64fea63fed100b::t_7a52ec000c4b23 1-2,25,28,31,34,37,40,43,46,49,64,68,74,81,85,89,123,129,138,144,165,169,175,182,186,190,328,334,343,349,370,374,380,387,391,395,500,506,515,521,542,546,552,559,563,567,630,636,645,651,672,676,682,689,693,697,775,781,790,796,817,821,827,834,838,842,879,885,894,900,921,925,931,938,942,946,1056,1062,1071,1077,1097,1101,1107,1114,1118,1122,1155,1161,1170,1176,1196,1200,1206,1213,1217,1221,1254,1260,1269,1275
qt6/gen_qgraphicssceneevent.go
  s_64fea63fed100b::t_ac4e61e9be69e7 25-29,94-98,124-128,161-165,350-354,380-384,417-421,564-568,594-598,631-635,736-740,766-770,803-807,930-934,960-964,997-1001,1076-1080,1106-1110,1143-1147,1292-1296,1322-1326,1359-1363,1432-1436,1462-1466,1499-1503,1572-1576,1602-1606
qt6/gen_qgraphicstransform.cpp
  s_64fea63fed100b::t_c4366f5446af7e 1-2,24,33,47,72,76,81,86,90,95,102,106,112,119,123,129,136,140,146,153,157,163,170,174,182,189,193,201,273,279,284,290,299,305,314,320,329,335,344,350,359,365,374,380,456,460,466,473,477,482,489,493,499,506,510,516,523,527,533,540,544,550,557,561,569,576,580,588,676-679,681,688-691,693,700-703,705,712-715,717,724-727,729,755,761,770,776,785,791,800,806,815,821,830,836,845,851,860,866,942,946,952,959,963,968,975,979,985,992,996,1002,1009,1013,1019,1026,1030,1036,1043,1047,1055,1062,1066,1074,1156-1159,1161,1168-1171,1173,1180-1183,1185,1211,1217,1226,1232,1241,1247,1256,1262,1271,1277,1286,1292,1301,1307,1316,1322
qt6/gen_qgraphicstransform.go
  s_64fea63fed100b::t_37b87fb9de5ec3 17-21,185-189,215-219,247-251,281-285,311-315,341-345,371-375,401-405,439-443,552-555,571-574,590-593,609-612,628-631,742-746,772-776,804-808,838-842,868-872,898-902,928-932,958-962,996-1000,1107-1110,1126-1129,1145-1148,1259-1263,1289-1293,1321-1325,1355-1359,1385-1389,1415-1419,1445-1449,1475-1479
qt6/gen_qgraphicstransform.h
  s_64fea63fed100b::t_9ccc4816e14d0b 94,96,98,100,102,146,148,150
qt6/gen_qgraphicsview.cpp
  s_64fea63fed100b::t_9f69832e806c64 1-2,60,131,135,139,146,150,156,163,167,173,180,184,189,196,200,205,212,216,222,229,233,239,246,250,256,263,267,273,280,284,290,297,301,307,314,318,323,330,334,340,347,351,357,364,368,374,381,385,391,398,402,408,415,419,425,432,436,442,449,453,459,466,470,476,483,487,493,500,504,511,518,522,528,535,539,545,552,556,565,572,576,585,592,596,600,607,611,617,624,628,632,639,643,649,656,660,666,673,677,681,688,692,698,705,709,714,721,725,729,736,740,744,751,755,761,768,772,778,785,789,795,802,806,812,819,823,829,836,840,846,853,857,863,870,874,887,894,898,904,911,915,921,928,932,937,944,948,952,959,963,969,976,980,986,993,997,1003,1010,1014,1022,1029,1033,1041,1458-1461,1466,1599,1605,1614,1620,1629,1635,1644,1650,1659,1665,1674,1680,1689,1695,1704,1710,1719,1725,1734,1740,1749,1755,1764,1770,1779,1785,1794,1800,1809,1815,1824,1830,1839,1845,1854,1860,1869,1875,1884,1890,1899,1905,1914,1920,1929,1935,1944,1950,1959,1965,1974,1980,1989,1995,2004,2010,2019,2025,2034,2040,2049,2055,2064,2070,2079,2085,2094,2100,2109,2115,2124,2130,2139,2145,2154,2160,2169,2175,2184,2190,2199,2205,2214,2220,2229,2235,2244,2250,2259,2265,2275,2281,2290,2296,2305,2311,2320,2326,2335,2341,2350,2356,2365,2371,2380,2386,2395,2401
qt6/gen_qgraphicsview.go
  s_64fea63fed100b::t_298932c5332b3d 58-62,499-502,818-822,849-853,881-885,911-915,943-947,975-979,1005-1009,1035-1039,1065-1069,1095-1099,1125-1129,1155-1159,1187-1191,1217-1221,1247-1251,1277-1281,1307-1311,1337-1341,1367-1371,1397-1401,1427-1431,1457-1461,1487-1491,1519-1523,1549-1553,1579-1583,1611-1615,1645-1649,1674-1678,1710-1714,1739-1743,1769-1773,1799-1803,1828-1832,1858-1862,1890-1894,1919-1923,1948-1952,1978-1982,2008-2012,2038-2042,2068-2072,2098-2102,2128-2132,2165-2169,2203-2207,2235-2239,2265-2269,2297-2301,2326-2330,2356-2360,2386-2390,2416-2420,2446-2450
qt6/gen_qgraphicsview.h
  s_64fea63fed100b::t_c445a4d5ea0ca6 191
qt6/gen_qgraphicswidget.cpp
  s_64fea63fed100b::t_ae6f06621aea4a 1-2,53,134,138,146,153,157,170,177,181,185,192,196,204,211,215,223,230,234,238,245,249,253,260,264,270,277,281,290,297,301,306,313,317,326,333,337,352,359,363,368,375,379,384,391,395,402,409,413,418,425,429,435,442,446,452,459,463,469,476,480,485,492,496,502,509,513,519,526,530,536,543,547,552,559,563,569,576,580,586,593,597,603,610,614,620,627,631,637,644,648,654,661,665,671,678,682,688,695,699,705,712,716,722,729,733,739,746,750,756,763,767,775,782,786,794,801,805,811,818,822,829,836,840,847,854,858,867,874,878,883,890,894,898,905,909,915,922,926,932,939,943,949,956,960,966,973,977,983,990,994,1000,1007,1011,1017,1024,1028,1034,1041,1045,1051,1058,1062,1068,1075,1079,1085,1092,1096,1102,1109,1113,1119,1126,1130,1136,1143,1147,1153,1160,1164,1170,1177,1181,1187,1194,1198,1208,1215,1219,1226,1233,1237,1241,1557-1560,1562,1569-1572,1574,1620,1626,1635,1641,1650,1656,1665,1671,1680,1686,1695,1701,1710,1716,1725,1731,1740,1746,1755,1761,1770,1776,1785,1791,1801,1807,1816,1822,1831,1837,1847,1853,1862,1868,1877,1883,1892,1898,1907,1913,1922,1928,1937,1943,1952,1958,1967,1973,1982,1988,1997,2003,2012,2018,2027,2033,2042,2048,2057,2063,2072,2078,2087,2093,2102,2108,2117,2123,2132,2138,2147,2153,2162,2168,2177,2183,2192,2198,2207,2213,2222,2228,2237,2243,2252,2258,2267,2273,2282,2288,2297,2303,2312,2318,2327,2333,2342,2348,2357,2363,2372,2378,2387,2393,2402,2408,2417,2423,2432,2438,2447,2453,2462,2468,2477,2483,2492,2498,2507,2513,2522,2528,2537,2543,2552,2558,2567,2573
qt6/gen_qgraphicswidget.go
  s_64fea63fed100b::t_ce734c268fbfb6 23-27,372-375,391-394,585-589,615-619,651-655,680-684,714-718,750-754,781-785,810-814,842-846,876-880,905-909,945-949,981-985,1013-1017,1045-1049,1077-1081,1109-1113,1139-1143,1169-1173,1199-1203,1231-1235,1261-1265,1291-1295,1321-1325,1348-1352,1378-1382,1408-1412,1438-1442,1468-1472,1498-1502,1528-1532,1558-1562,1588-1592,1622-1626,1652-1656,1682-1686,1712-1716,1742-1746,1772-1776,1802-1806,1834-1838,1868-1872,1902-1906,1936-1940,1965-1969,1999-2003,2029-2033,2059-2063,2089-2093,2119-2123,2149-2153,2179-2183,2209-2213,2239-2243,2269-2273,2299-2303,2329-2333,2359-2363,2389-2393,2421-2425,2453-2457,2485-2489,2519-2523,2551-2555
qt6/gen_qgraphicswidget.h
  s_64fea63fed100b::t_3f36fc915be1cb 163,165
qt6/gen_qgridlayout.cpp
  s_64fea63fed100b::t_79b55067f0ec73 1-2,26,70,74,78,85,89,93,100,104,108,115,119,125,132,136,140,147,151,155,162,166,171,178,182,187,194,198,202,209,213,218,225,229,234,241,245,250,257,261,265,272,276,284,291,295,301,308,312,316,323,327,332,339,343,347,354,358,362,369,373,381,388,392,396,403,407,413,420,424,429,436,440,446,453,457,463,470,474,480,487,491,499,506,510,518,525,529,533,540,544,548,810,816,825,831,840,846,855,861,870,876,885,891,900,906,915,921,930,936,946,952,961,967,976,982,991,997,1006,1012,1021,1027,1036,1042,1051,1057,1066,1072,1081,1087,1097,1103,1112,1118,1127,1133,1142,1148,1157,1163,1172,1178,1187,1193,1202,1208,1217,1223,1232,1238,1247,1253
qt6/gen_qgridlayout.go
  s_64fea63fed100b::t_a6a6a30a55df41 17-21,439-443,470-474,501-505,530-534,560-564,589-593,618-622,650-654,682-686,711-715,738-742,770-774,802-806,831-835,861-865,893-897,922-926,954-958,983-987,1012-1016,1048-1052,1077-1081,1107-1111,1139-1143,1173-1177,1203-1207,1233-1237,1263-1267,1293-1297,1322-1326
qt6/gen_qgroupbox.cpp
  s_64fea63fed100b::t_afae9efda32bd4 1-2,48,115,119,123,130,134,139,146,150,156,163,167,173,180,184,190,197,201,207,214,218,224,231,235,241,248,252,258,265,269,275,282,286,292,299,303,307,314,318,324,331,335,339,346,350,355,362,366,370,377,381,385,392,396,402,409,413,419,426,430,436,443,447,453,460,464,470,477,481,487,494,498,504,511,515,521,528,532,538,545,549,555,562,566,572,579,583,589,596,600,606,613,617,623,630,634,640,647,651,657,664,668,674,681,685,691,698,702,715,722,726,732,739,743,749,756,760,765,772,776,780,787,791,797,804,808,814,821,825,830,837,841,847,854,858,864,871,875,881,888,892,900,907,911,919,1035-1038,1040,1047-1050,1053,1082-1085,1088,1092,1098,1107,1113,1122,1128,1137,1143,1152,1158,1167,1173,1182,1188,1197,1203,1212,1218,1227,1233,1242,1248,1257,1263,1272,1278,1287,1293,1302,1308,1317,1323,1332,1338,1347,1353,1362,1368,1377,1383,1392,1398,1407,1413,1422,1428,1437,1443,1452,1458,1467,1473,1482,1488,1497,1503,1512,1518,1527,1533,1542,1548,1557,1563,1572,1578,1587,1593,1602,1608,1617,1623,1633,1639,1648,1654,1663,1669,1678,1684,1693,1699,1708,1714,1723,1729,1738,1744,1753,1759,1768,1774,1783,1789,1798,1804
qt6/gen_qgroupbox.go
  s_64fea63fed100b::t_14a666c0cb9690 17-21,165-168,184-187,228-231,377-381,406-410,438-442,468-472,498-502,528-532,558-562,588-592,618-622,648-652,678-682,708-712,737-741,769-773,798-802,830-834,859-863,888-892,918-922,948-952,978-982,1008-1012,1038-1042,1068-1072,1098-1102,1128-1132,1158-1162,1188-1192,1218-1222,1248-1252,1278-1282,1308-1312,1338-1342,1368-1372,1398-1402,1435-1439,1473-1477,1505-1509,1535-1539,1567-1571,1596-1600,1628-1632,1660-1664,1692-1696,1726-1730,1756-1760,1786-1790,1816-1820
qt6/gen_qgroupbox.h
  s_64fea63fed100b::t_140b253e0a626e 109,111,125
qt6/gen_qguiapplication.cpp
  s_64fea63fed100b::t_aad02f0f7857a8 1-2,33,69,73,79,86,90,95,102,106,112,119,123,129,136,140,146,153,157,163,170,174,182,189,193,201,517-520,522,529-532,535,542-545,548,555-558,561,568-571,573,580-583,586,593-596,599,606-609,613,620-623,627,634-637,642,649-652,657,664-667,669,676-679,684,691-694,699,725,731,740,746,755,761,770,776,785,791,800,806,815,821,830,836
qt6/gen_qguiapplication.go
  s_64fea63fed100b::t_97cc15f81846a3 17-21,353-356,372-375,394-397,416-419,438-441,457-460,479-482,501-504,523-526,545-548,567-570,589-592,608-611,630-633,751-755,785-789,817-821,851-855,881-885,911-915,941-945,971-975
qt6/gen_qguiapplication.h
  s_64fea63fed100b::t_62a6e40136ca60 115,117,119,121,123,125,127,129,131,133,135,137,139,141
qt6/gen_qheaderview.cpp
  s_64fea63fed100b::t_34d8598367e173 1-2,61,180,184,190,197,201,205,212,216,222,229,233,238,245,249,254,261,265,276,283,287,292,299,303,309,316,320,326,333,337,343,350,354,360,367,371,377,384,388,393,400,404,414,421,425,430,437,441,445,452,456,460,467,471,476,483,487,494,501,505,526,533,537,547,554,558,565,572,576,586,593,597,604,611,615,622,629,633,641,648,652,662,669,673,680,687,691,698,705,709,715,722,726,732,739,743,756,763,767,772,779,783,788,795,799,806,813,817,823,830,834,842,849,853,858,865,869,879,886,890,901,908,912,917,924,928,933,940,944,950,957,961,967,974,978,984,991,995,1001,1008,1012,1020,1027,1031,1037,1044,1048,1054,1061,1065,1069,1083,1087,1097,1104,1108,1116,1123,1127,1134,1141,1145,1151,1158,1162,1167,1174,1178,1184,1191,1195,1201,1208,1212,1218,1225,1229,1235,1242,1246,1252,1259,1263,1269,1276,1280,1286,1293,1297,1303,1310,1314,1320,1327,1331,1337,1344,1348,1354,1361,1365,1369,1376,1380,1384,1391,1395,1401,1408,1412,1418,1425,1429,1435,1442,1446,1452,1459,1463,1467,1474,1478,1483,1490,1494,1498,1505,1509,1513,1520,1524,1530,1537,1541,1547,1554,1558,1564,1571,1575,1581,1588,1592,1598,1605,1609,1615,1622,1626,1632,1639,1643,1649,1656,1660,1666,1673,1677,1690,1697,1701,1707,1714,1718,1724,1731,1735,1740,1747,1751,1755,1762,1766,1772,1779,1783,1789,1796,1800,1808,1815,1819,1827,2191-2194,2199,2206-2209,2214,2221-2224,2227,2234-2237,2240,2247-2250,2253,2260-2263,2266,2273-2276,2280,2287-2290,2293,2300-2303,2305,2312-2315,2320,2327-2330,2333,2359,2365,2374,2380,2389,2395,2404,2410,2419,2425,2434,2440,2449,2455,2464,2470,2479,2485,2494,2500,2509,2515,2524,2530,2539,2545,2554,2560,2569,2575,2584,2590,2599,2605,2614,2620,2629,2635,2644,2650,2665,2671,2680,2686,2695,2701,2710,2716,2725,2731,2740,2746,2755,2761,2770,2776,2785,2791,2800,2806,2815,2821,2830,2836,2846,2852,2861,2867,2876,2882,2891,2897,2906,2912,2921,2927,2936,2942,2951,2957,2966,2972,2981,2987,2996,3002,3011,3017,3026,3032,3041,3047,3056,3062,3071,3077,3086,3092,3101,3107,3125,3131,3140,3146,3156,3162,3171,3177,3186,3192,3201,3207,3216,3222,3231,3237,3246,3252,3261,3267,3276,3282,3291,3297,3306,3312,3321,3327,3336,3342,3351,3357,3366,3372,3381,3387,3396,3402,3411,3417,3426,3432,3441,3447,3456,3462,3471,3477,3486,3492,3501,3507,3516,3522,3531,3537,3546,3552,3561,3567,3576,3582,3591,3597,3606,3612,3621,3627,3636,3642,3651,3657,3667,3673,3682,3688,3697,3703,3712,3718,3727,3733,3742,3748,3757,3763,3772,3778
qt6/gen_qheaderview.go
  s_64fea63fed100b::t_61be4780fbcbf6 27-31,394-397,420-423,446-449,468-471,490-493,512-515,534-537,558-561,580-583,599-602,623-626,1056-1060,1088-1092,1117-1121,1147-1151,1174-1178,1201-1205,1233-1237,1265-1269,1295-1299,1325-1329,1355-1359,1385-1389,1415-1419,1447-1451,1483-1487,1515-1519,1544-1548,1573-1577,1600-1604,1638-1642,1678-1682,1714-1718,1746-1750,1780-1784,1812-1816,1846-1850,1880-1884,1914-1918,1946-1950,1978-1982,2008-2012,2042-2046,2075-2079,2107-2111,2139-2143,2173-2177,2205-2209,2235-2239,2262-2266,2296-2300,2328-2332,2355-2359,2382-2386,2412-2416,2442-2446,2472-2476,2502-2506,2534-2538,2564-2568,2602-2606,2636-2640,2672-2676,2706-2710,2736-2740,2766-2770,2798-2802,2828-2832,2858-2862,2888-2892,2918-2922,2948-2952,2978-2982,3008-3012,3038-3042,3068-3072,3098-3102,3134-3138,3165-3169,3194-3198,3224-3228,3254-3258,3284-3288,3314-3318,3343-3347,3375-3379,3404-3408,3433-3437,3463-3467,3493-3497,3523-3527,3553-3557,3583-3587,3613-3617,3643-3647,3673-3677,3710-3714,3748-3752,3780-3784,3810-3814,3842-3846,3871-3875,3901-3905,3931-3935,3961-3965
qt6/gen_qheaderview.h
  s_64fea63fed100b::t_4249bca726c78f 190,192,194,196,198,200,202,204,206,208,210
qt6/gen_qiconengine.cpp
  s_64fea63fed100b::t_a14af6d67399d7 1-2,21,48,52,64,69,73,84,91,95,106,113,117,129,136,140,160,167,171,175,184,188,192,197,201,208,215,219,226,233,237,245,259,263,267,276,280,284,291,295,308,315,319,326,419,425,430,436,445,451,460,466,475,481,491,497,513,519,524,530,539,545,554,560,578,584,600,606,615,621,630,636
qt6/gen_qiconengine.go
  s_64fea63fed100b::t_6b1b7d45f104d6 24-28,147-151,185-189,223-227,259-263,297-301,337-341,363-367,392-396,424-428,464-468,505-509,537-541,568-572,606-610
qt6/gen_qiconengineplugin.cpp
  s_64fea63fed100b::t_3a75e6726767ed 1-2,21,43,47,59,64,68,73,80,84,90,97,101,107,114,118,124,131,135,141,148,152,160,167,171,179,251,257,262,268,277,283,292,298,307,313,322,328,337,343,352,358
qt6/gen_qiconengineplugin.go
  s_64fea63fed100b::t_ccda5b79b22f7d 17-21,177-181,212-216,244-248,278-282,308-312,338-342,368-372,398-402
qt6/gen_qidentityproxymodel.cpp
  s_64fea63fed100b::t_d694ba84dd5dd8 1-2,33,96,100,107,114,118,127,134,138,145,152,156,163,170,174,181,188,192,199,206,210,218,225,229,241,248,252,261,268,272,279,286,290,297,304,308,322,336,340,346,353,357,366,373,377,386,393,397,406,413,417,426,433,437,450,457,461,474,481,485,489,496,500,505,512,516,524,531,535,542,555,559,566,573,577,588,595,599,621,628,632,643,650,654,661,668,672,679,686,690,697,704,708,716,723,727,735,742,746,753,760,764,771,778,782,796,803,807,819,826,830,834,853,857,861,868,872,876,883,887,891,906,910,919,926,930,935,942,946,951,958,962,968,975,979,985,992,996,1002,1009,1013,1019,1026,1030,1038,1045,1049,1057,1230,1236,1245,1251,1260,1266,1275,1281,1290,1296,1305,1311,1320,1326,1335,1341,1350,1356,1365,1371,1380,1386,1395,1401,1419,1425,1434,1440,1449,1455,1464,1470,1479,1485,1494,1500,1509,1515,1524,1530,1539,1545,1554,1560,1569,1575,1598,1604,1614,1620,1629,1635,1650,1656,1665,1671,1680,1686,1695,1701,1710,1716,1725,1731,1740,1746,1755,1761,1770,1776,1791,1797,1806,1812,1837,1843,1853,1859,1869,1875,1903,1909,1918,1924,1933,1939,1948,1954,1963,1969,1978,1984,1993,1999,2008,2014,2023,2029
qt6/gen_qidentityproxymodel.go
  s_64fea63fed100b::t_9e3d1ff8c19697 17-21,569-573,603-607,641-645,675-679,709-713,741-745,775-779,811-815,853-857,891-895,925-929,965-969,1010-1014,1040-1044,1076-1080,1112-1116,1148-1152,1184-1188,1224-1228,1264-1268,1293-1297,1322-1326,1369-1373,1414-1418,1446-1450,1497-1501,1544-1548,1582-1586,1616-1620,1648-1652,1680-1684,1710-1714,1744-1748,1776-1780,1814-1818,1854-1858,1903-1907,1940-1944,1969-1973,2011-2015,2060-2064,2094-2098,2121-2125,2153-2157,2187-2191,2217-2221,2247-2251,2277-2281,2307-2311
qt6/gen_qimage.cpp
  s_64fea63fed100b::t_101d7929e1f755 1-2,31,59,63,67,74,78,82,89,93,99,106,110,116,123,127,132,139,143,147,836,842,851,857,866,872,881,887,896,902,911,917
qt6/gen_qimage.go
  s_64fea63fed100b::t_3cec7bb27dc7df 66-70,1072-1076,1101-1105,1130-1134,1162-1166,1192-1196,1224-1228
qt6/gen_qimageiohandler.cpp
  s_64fea63fed100b::t_e42c3a277bf87e 1-2,27,41,63,67,71,76,80,85,90,94,101,108,112,118,125,129,139,146,150,156,163,167,171,178,182,187,194,198,202,209,213,217,224,228,232,239,243,247,254,258,262,358,364,369,375,380,386,395,401,410,416,425,431,440,446,455,461,470,476,485,491,500,506,515,521,530,536,557,561,572,577,581,592,597,601,606,613,617,623,630,634,640,647,651,657,664,668,674,681,685,693,700,704,712,790,796,801,807,812,818,827,833,842,848,857,863,872,878,887,893,902,908
qt6/gen_qimageiohandler.go
  s_64fea63fed100b::t_0f18f31f011a18 62-66,202-206,225-229,257-261,291-295,323-327,355-359,387-391,416-420,448-452,477-481,506-510,535-539,566-570,603-607,777-781,808-812,845-849,877-881,911-915,941-945,971-975,1001-1005,1031-1035
qt6/gen_qinputdevice.cpp
  s_64fea63fed100b::t_908906ce8d79dd 1-2,22,47,51,56,63,67,73,80,84,90,97,101,107,114,118,124,131,135,143,150,154,162,313-316,319,350,356,365,371,380,386,395,401,410,416,425,431,440,446
qt6/gen_qinputdevice.go
  s_64fea63fed100b::t_2c4d70e01699f5 52-56,232-235,347-351,379-383,413-417,443-447,473-477,503-507,533-537
qt6/gen_qinputdevice.h
  s_64fea63fed100b::t_1ab4a948271905 58
qt6/gen_qinputdialog.cpp
  s_64fea63fed100b::t_81754a26e7c7ba 1-2,49,122,126,130,137,141,145,152,156,162,169,173,179,186,190,195,202,206,210,217,221,226,233,237,242,249,253,259,266,270,276,283,287,293,300,304,310,317,321,327,334,338,344,351,355,359,366,370,375,382,386,390,397,401,405,412,416,421,428,432,438,445,449,455,462,466,472,479,483,489,496,500,506,513,517,523,530,534,540,547,551,557,564,568,574,581,585,591,598,602,608,615,619,625,632,636,642,649,653,659,666,670,676,683,687,693,700,704,710,717,721,727,734,738,744,751,755,768,775,779,785,792,796,802,809,813,819,826,830,835,842,846,850,857,861,867,874,878,884,891,895,900,907,911,917,924,928,934,941,945,951,958,962,970,977,981,989,1336-1339,1349,1357-1360,1370,1377-1380,1383,1390-1393,1396,1403-1406,1409,1416-1419,1422,1759,1765,1774,1780,1789,1795,1804,1810,1819,1825,1834,1840,1849,1855,1864,1870,1879,1885,1894,1900,1909,1915,1924,1930,1939,1945,1954,1960,1969,1975,1984,1990,1999,2005,2014,2020,2029,2035,2044,2050,2059,2065,2074,2080,2089,2095,2104,2110,2119,2125,2134,2140,2149,2155,2164,2170,2179,2185,2194,2200,2209,2215,2224,2230,2239,2245,2254,2260,2269,2275,2284,2290,2299,2305,2314,2320,2329,2335,2345,2351,2360,2366,2375,2381,2390,2396,2405,2411,2420,2426,2435,2441,2450,2456,2465,2471,2480,2486,2495,2501,2510,2516,2525,2531
qt6/gen_qinputdialog.go
  s_64fea63fed100b::t_540544f5e06677 33-37,420-423,449-452,474-477,496-499,518-521,540-543,1179-1183,1210-1214,1239-1243,1269-1273,1299-1303,1326-1330,1355-1359,1382-1386,1409-1413,1439-1443,1469-1473,1499-1503,1529-1533,1559-1563,1593-1597,1622-1626,1654-1658,1683-1687,1712-1716,1744-1748,1774-1778,1804-1808,1834-1838,1864-1868,1894-1898,1924-1928,1954-1958,1984-1988,2014-2018,2044-2048,2074-2078,2104-2108,2134-2138,2164-2168,2194-2198,2224-2228,2254-2258,2284-2288,2321-2325,2359-2363,2389-2393,2421-2425,2451-2455,2483-2487,2512-2516,2544-2548,2576-2580,2608-2612,2638-2642,2668-2672,2698-2702,2728-2732
qt6/gen_qinputdialog.h
  s_64fea63fed100b::t_e56efcf39ba4e0 145,147,149,151,153,155
qt6/gen_qinputmethod.cpp
  s_64fea63fed100b::t_1e325bbc5bbc39 1-2,21,142-145,147,154-157,159,166-169,171,178-181,183,190-193,195,202-205,207,214-217,219,226-229,233
qt6/gen_qinputmethod.go
  s_64fea63fed100b::t_c400761ab1928f 23-27,182-185,201-204,220-223,239-242,258-261,277-280,296-299,315-318
qt6/gen_qinputmethod.h
  s_64fea63fed100b::t_f6399bec227440 62,64,66,68,70,72,74,76
qt6/gen_qiodevice.cpp
  s_64fea63fed100b::t_3a188495535f49 1-2,22,66,70,74,81,85,91,98,102,107,114,118,122,129,133,137,144,148,154,161,165,169,176,180,184,191,195,199,206,210,214,221,225,229,236,240,245,252,256,261,268,272,279,284,288,295,302,306,312,319,323,330,335,339,344,351,355,361,368,372,378,385,389,395,402,406,412,419,423,431,438,442,450,717-720,722,729-732,735,742-745,749,756-759,764,771-774,776,783-786,788,823,829,838,844,853,859,868,874,884,890,900,906,915,921,930,936,945,951,961,967,977,983,992,998,1007,1013,1022,1028,1033,1039,1049,1055,1065,1071,1076,1082,1091,1097,1106,1112,1121,1127,1136,1142,1151,1157,1166,1172
qt6/gen_qiodevice.go
  s_64fea63fed100b::t_aeba9ba91031cf 17-21,305-308,324-327,346-349,368-371,392-395,411-414,548-552,577-581,609-613,636-640,665-669,694-698,726-730,755-759,784-788,813-817,842-846,871-875,903-907,929-933,966-970,1001-1005,1027-1031,1062-1066,1094-1098,1128-1132,1158-1162,1188-1192,1218-1222,1248-1252
qt6/gen_qiodevice.h
  s_64fea63fed100b::t_7aef327dc84c3e 88,90,92,94,96,98
qt6/gen_qitemdelegate.cpp
  s_64fea63fed100b::t_1772298c020179 1-2,35,70,74,86,93,97,107,114,118,129,136,140,149,156,160,170,177,181,193,200,204,224,231,235,250,257,261,273,280,284,298,305,309,315,322,326,338,345,349,358,365,369,381,388,392,396,410,414,419,426,430,436,443,447,453,460,464,470,477,481,489,496,500,508,622,628,637,643,652,658,667,673,682,688,697,703,712,718,728,734,743,749,758,764,773,779,788,794,803,809,818,824,833,839,857,863,872,878,887,893,902,908,917,923,932,938
qt6/gen_qitemdelegate.go
  s_64fea63fed100b::t_66470cbc966b7e 17-21,325-329,361-365,395-399,431-435,463-467,497-501,535-539,574-578,610-614,644-648,680-684,714-718,752-756,784-788,828-832,862-866,894-898,924-928,954-958,984-988,1014-1018
qt6/gen_qitemeditorfactory.cpp
  s_64fea63fed100b::t_db02e9352b8eaf 1-2,14,51,55,61,68,72,77,125,131,140,146
qt6/gen_qitemeditorfactory.go
  s_64fea63fed100b::t_4921c77f8dda3b 78-82,160-164,196-200
qt6/gen_qitemselectionmodel.cpp
  s_64fea63fed100b::t_5d7b6b2b7b6cde 1-2,26,176,180,190,197,201,211,218,222,232,239,243,248,255,259,264,271,275,280,287,291,296,303,307,313,320,324,330,337,341,347,354,358,364,371,375,383,390,394,402,566-569,577,584-587,595,602-605,613,620-623,631,638-641,644,712,718,727,733,742,748,757,763,772,778,787,793,802,808,817,823,832,838,847,853,862,868,877,883,892,898
qt6/gen_qitemselectionmodel.go
  s_64fea63fed100b::t_4aa3b1cf36f717 199-203,392-395,416-419,440-443,464-467,488-491,645-649,677-681,709-713,741-745,768-772,795-799,822-826,854-858,888-892,918-922,948-952,978-982,1008-1012
qt6/gen_qitemselectionmodel.h
  s_64fea63fed100b::t_d7d9d21d6377ce 102,104,106,108,110
qt6/gen_qkeysequenceedit.cpp
  s_64fea63fed100b::t_47bf592f63d56e 1-2,48,113,117,122,129,133,139,146,150,156,163,167,173,180,184,190,197,201,205,212,216,222,229,233,237,244,248,252,259,263,268,275,279,283,290,294,298,305,309,315,322,326,332,339,343,349,356,360,366,373,377,383,390,394,400,407,411,417,424,428,434,441,445,451,458,462,468,475,479,485,492,496,502,509,513,519,526,530,536,543,547,553,560,564,570,577,581,587,594,598,604,611,615,621,628,632,638,645,649,655,662,666,679,686,690,696,703,707,713,720,724,730,737,741,746,753,757,761,768,772,778,785,789,795,802,806,811,818,822,828,835,839,845,852,856,862,869,873,881,888,892,900,981-984,986,993-996,1001,1027,1033,1042,1048,1057,1063,1072,1078,1087,1093,1102,1108,1117,1123,1132,1138,1147,1153,1162,1168,1177,1183,1192,1198,1207,1213,1222,1228,1237,1243,1252,1258,1267,1273,1282,1288,1297,1303,1312,1318,1327,1333,1342,1348,1357,1363,1372,1378,1387,1393,1402,1408,1417,1423,1432,1438,1447,1453,1462,1468,1477,1483,1492,1498,1507,1513,1522,1528,1538,1544,1553,1559,1568,1574,1583,1589,1598,1604,1613,1619,1628,1634,1643,1649,1658,1664,1673,1679,1688,1694,1703,1709,1718,1724
qt6/gen_qkeysequenceedit.go
  s_64fea63fed100b::t_bbca813e219472 17-21,126-129,145-148,314-318,346-350,376-380,406-410,436-440,466-470,495-499,527-531,558-562,587-591,619-623,648-652,677-681,707-711,737-741,767-771,797-801,827-831,857-861,887-891,917-921,947-951,977-981,1007-1011,1037-1041,1067-1071,1097-1101,1127-1131,1157-1161,1187-1191,1217-1221,1247-1251,1277-1281,1314-1318,1352-1356,1382-1386,1414-1418,1444-1448,1476-1480,1505-1509,1537-1541,1569-1573,1601-1605,1635-1639,1665-1669,1695-1699,1725-1729
qt6/gen_qkeysequenceedit.h
  s_64fea63fed100b::t_b1d0c44d155244 103,105
qt6/gen_qlabel.cpp
  s_64fea63fed100b::t_f0f0480fbfb016 1-2,52,120,124,128,135,139,143,150,154,159,166,170,175,182,186,192,199,203,209,216,220,226,233,237,243,250,254,260,267,271,277,284,288,294,301,305,311,318,322,328,335,339,344,351,355,361,368,372,376,383,387,393,400,404,408,415,419,423,430,434,440,447,451,457,464,468,474,481,485,491,498,502,508,515,519,525,532,536,542,549,553,559,566,570,576,583,587,593,600,604,610,617,621,627,634,638,644,651,655,661,668,672,678,685,689,695,702,706,719,726,730,736,743,747,753,760,764,769,776,780,784,791,795,801,808,812,818,825,829,835,842,846,852,859,863,869,876,880,886,893,897,905,912,916,924,1168-1171,1181,1189-1192,1202,1228,1234,1243,1249,1258,1264,1273,1279,1288,1294,1303,1309,1318,1324,1333,1339,1348,1354,1363,1369,1378,1384,1393,1399,1408,1414,1423,1429,1438,1444,1453,1459,1468,1474,1483,1489,1498,1504,1513,1519,1528,1534,1543,1549,1558,1564,1573,1579,1588,1594,1603,1609,1618,1624,1633,1639,1648,1654,1663,1669,1678,1684,1693,1699,1708,1714,1723,1729,1738,1744,1753,1759,1769,1775,1784,1790,1799,1805,1814,1820,1829,1835,1844,1850,1859,1865,1874,1880,1889,1895,1904,1910,1919,1925,1934,1940
qt6/gen_qlabel.go
  s_64fea63fed100b::t_334bf9cf4ecf45 17-21,306-309,335-338,521-525,552-556,581-585,613-617,645-649,675-679,705-709,735-739,765-769,795-799,825-829,855-859,885-889,915-919,947-951,977-981,1006-1010,1036-1040,1065-1069,1094-1098,1124-1128,1154-1158,1184-1188,1214-1218,1244-1248,1274-1278,1304-1308,1334-1338,1364-1368,1394-1398,1424-1428,1454-1458,1484-1488,1514-1518,1544-1548,1581-1585,1619-1623,1651-1655,1681-1685,1713-1717,1742-1746,1774-1778,1806-1810,1840-1844,1870-1874,1900-1904,1930-1934,1960-1964
qt6/gen_qlabel.h
  s_64fea63fed100b::t_ef03c6a9128518 146,148
qt6/gen_qlayout.cpp
  s_64fea63fed100b::t_add4aba3126378 1-2,26,71,75,79,86,90,96,103,107,112,119,123,127,134,138,143,148,152,156,163,167,171,178,182,186,193,197,205,212,216,221,226,230,235,240,244,249,256,260,265,272,276,280,285,289,293,300,304,308,315,319,327,334,338,342,349,353,359,366,370,375,382,386,392,399,403,409,416,420,426,433,437,445,452,456,464,471,475,479,484,488,492,499,503,508,515,519,524,531,535,539,546,550,554,806,812,821,827,836,842,851,857,866,872,877,883,893,899,908,914,923,929,938,944,949,955,960,966,975,981,990,996,1001,1007,1016,1022,1032,1038,1047,1053,1062,1068,1077,1083,1092,1098,1107,1113,1122,1128,1137,1143,1152,1158,1167,1173,1178,1184,1193,1199,1208,1214,1223,1229,1238,1244
qt6/gen_qlayout.go
  s_64fea63fed100b::t_b79cda5c134bac 28-32,449-453,478-482,508-512,537-541,560-564,590-594,621-625,652-656,681-685,705-709,731-735,763-767,795-799,821-825,850-854,879-883,908-912,944-948,973-977,1003-1007,1035-1039,1069-1073,1099-1103,1129-1133,1159-1163,1183-1187,1212-1216,1241-1245,1273-1277,1305-1309,1334-1338
qt6/gen_qlayoutitem.cpp
  s_64fea63fed100b::t_2f23bdfa33ed3d 1-2,19,35,51,67,97,101,105,110,114,118,123,127,131,136,140,144,149,153,160,165,169,173,178,182,186,191,195,199,206,210,215,222,226,231,238,242,247,254,258,262,269,273,277,284,288,292,299,303,307,403,409,414,420,425,431,436,442,447,453,458,464,469,475,480,486,495,501,510,516,525,531,540,546,555,561,570,576,585,591,615,619,623,630,634,638,645,649,653,660,664,668,675,679,683,690,694,702,709,713,717,724,728,732,739,743,747,754,758,763,770,774,779,786,790,795,802,806,810,817,821,825,832,836,840,922,928,937,943,952,958,967,973,983,989,998,1004,1013,1019,1028,1034,1043,1049,1058,1064,1073,1079,1088,1094,1103,1109,1118,1124,1133,1139,1160,1164,1168,1175,1179,1183,1190,1194,1198,1205,1209,1213,1220,1224,1228,1235,1239,1247,1254,1258,1262,1269,1273,1277,1284,1288,1292,1299,1303,1308,1315,1319,1324,1331,1335,1339,1346,1350,1355,1362,1366,1370,1377,1381,1385,1452,1458,1467,1473,1482,1488,1497,1503,1513,1519,1528,1534,1543,1549,1558,1564,1573,1579,1588,1594,1603,1609,1618,1624,1634,1640,1649,1655,1664,1670,1690,1694,1698,1705,1709,1713,1720,1724,1728,1735,1739,1744,1751,1755,1759,1766,1770,1774,1781,1785,1793,1800,1804,1808,1815,1819,1823,1830,1834,1838,1845,1849,1854,1861,1865,1869,1876,1880,1885,1892,1896,1900,1907,1911,1915,1948,1954,1963,1969,1978,1984,1993,1999,2008,2014,2024,2030,2039,2045,2054,2060,2069,2075,2084,2090,2099,2105,2114,2120,2130,2136,2145,2151,2160,2166
qt6/gen_qlayoutitem.go
  s_64fea63fed100b::t_8bf2fd22ea90ef 17-21,152-156,175-179,198-202,221-225,244-248,268-272,291-295,320-324,349-353,381-385,413-417,440-444,469-473,498-502,527-531,564-568,699-703,730-734,761-765,790-794,819-823,848-852,880-884,909-913,938-942,967-971,999-1003,1031-1035,1058-1062,1087-1091,1116-1120,1153-1157,1264-1268,1295-1299,1326-1330,1355-1359,1384-1388,1413-1417,1445-1449,1474-1478,1503-1507,1532-1536,1564-1568,1596-1600,1625-1629,1652-1656,1681-1685,1718-1722,1795-1799,1826-1830,1857-1861,1886-1890,1918-1922,1947-1951,1976-1980,2008-2012,2037-2041,2066-2070,2095-2099,2127-2131,2156-2160,2183-2187,2212-2216
qt6/gen_qlcdnumber.cpp
  s_64fea63fed100b::t_44908f22556441 1-2,49,114,118,122,129,133,138,145,149,155,162,166,172,179,183,189,196,200,204,211,215,221,228,232,236,243,247,252,259,263,267,274,278,282,289,293,299,306,310,316,323,327,333,340,344,350,357,361,367,374,378,384,391,395,401,408,412,418,425,429,435,442,446,452,459,463,469,476,480,486,493,497,503,510,514,520,527,531,537,544,548,554,561,565,571,578,582,588,595,599,605,612,616,622,629,633,639,646,650,656,663,667,673,680,684,697,704,708,714,721,725,731,738,742,747,754,758,762,769,773,779,786,790,796,803,807,812,819,823,829,836,840,846,853,857,863,870,874,880,887,891,899,906,910,918,1063-1066,1068,1094,1100,1109,1115,1124,1130,1139,1145,1154,1160,1169,1175,1184,1190,1199,1205,1214,1220,1229,1235,1244,1250,1259,1265,1274,1280,1289,1295,1304,1310,1319,1325,1334,1340,1349,1355,1364,1370,1379,1385,1394,1400,1409,1415,1424,1430,1439,1445,1454,1460,1469,1475,1484,1490,1499,1505,1514,1520,1529,1535,1544,1550,1559,1565,1574,1580,1589,1595,1604,1610,1620,1626,1635,1641,1650,1656,1665,1671,1680,1686,1695,1701,1710,1716,1725,1731,1740,1746,1755,1761,1770,1776,1785,1791,1800,1806
qt6/gen_qlcdnumber.go
  s_64fea63fed100b::t_77051081871dab 34-38,207-210,387-391,416-420,448-452,478-482,508-512,538-542,567-571,599-603,628-632,660-664,689-693,718-722,748-752,778-782,808-812,838-842,868-872,898-902,928-932,958-962,988-992,1018-1022,1048-1052,1078-1082,1108-1112,1138-1142,1168-1172,1198-1202,1228-1232,1258-1262,1288-1292,1318-1322,1348-1352,1378-1382,1415-1419,1453-1457,1485-1489,1515-1519,1547-1551,1576-1580,1608-1612,1640-1644,1672-1676,1706-1710,1736-1740,1766-1770,1796-1800,1826-1830
qt6/gen_qlcdnumber.h
  s_64fea63fed100b::t_c60fc21d6e07f1 120
qt6/gen_qlibrary.cpp
  s_64fea63fed100b::t_4d1020e40526bc 1-2,20,47,51,56,63,67,73,80,84,90,97,101,107,114,118,124,131,135,143,150,154,162,325,331,340,346,355,361,370,376,385,391,400,406,415,421
qt6/gen_qlibrary.go
  s_64fea63fed100b::t_730c9ea5e5d37d 27-31,323-327,355-359,389-393,419-423,449-453,479-483,509-513
qt6/gen_qlineedit.cpp
  s_64fea63fed100b::t_da867f002485b7 1-2,55,126,130,134,141,145,149,156,160,166,173,177,183,190,194,200,207,211,217,224,228,234,241,245,251,258,262,268,275,279,285,292,296,302,309,313,319,326,330,336,343,347,353,360,364,370,377,381,387,394,398,404,411,415,421,428,432,438,445,449,455,462,466,472,479,483,488,495,499,503,510,514,520,527,531,536,543,547,551,558,562,566,573,577,583,590,594,600,607,611,617,624,628,634,641,645,651,658,662,668,675,679,685,692,696,702,709,713,719,726,730,736,743,747,760,767,771,777,784,788,794,801,805,810,817,821,825,832,836,841,848,852,858,865,869,875,882,886,892,899,903,911,918,922,930,1301-1304,1314,1322-1325,1335,1342-1345,1349,1356-1359,1361,1368-1371,1373,1380-1383,1385,1392-1395,1397,1447,1453,1462,1468,1477,1483,1492,1498,1507,1513,1522,1528,1537,1543,1552,1558,1567,1573,1582,1588,1597,1603,1612,1618,1627,1633,1642,1648,1657,1663,1672,1678,1687,1693,1702,1708,1717,1723,1732,1738,1747,1753,1762,1768,1777,1783,1792,1798,1807,1813,1822,1828,1837,1843,1852,1858,1867,1873,1882,1888,1897,1903,1912,1918,1927,1933,1942,1948,1957,1963,1972,1978,1987,1993,2002,2008,2018,2024,2033,2039,2048,2054,2063,2069,2078,2084,2093,2099,2108,2114,2123,2129,2138,2144,2153,2159
qt6/gen_qlineedit.go
  s_64fea63fed100b::t_3534834104ed3c 33-37,433-436,462-465,487-490,511-514,530-533,549-552,568-571,780-784,811-815,840-844,870-874,900-904,930-934,960-964,990-994,1020-1024,1050-1054,1080-1084,1110-1114,1140-1144,1170-1174,1200-1204,1230-1234,1260-1264,1290-1294,1320-1324,1352-1356,1384-1388,1414-1418,1446-1450,1475-1479,1505-1509,1537-1541,1566-1570,1595-1599,1625-1629,1655-1659,1685-1689,1715-1719,1745-1749,1775-1779,1805-1809,1835-1839,1865-1869,1902-1906,1940-1944,1972-1976,2002-2006,2034-2038,2063-2067,2095-2099,2129-2133,2159-2163,2189-2193,2219-2223
qt6/gen_qlineedit.h
  s_64fea63fed100b::t_56c7f77a0ffd87 178,180,182,184,186,188,190
qt6/gen_qlistview.cpp
  s_64fea63fed100b::t_4cd18bf831a1c5 1-2,61,167,171,178,185,189,199,206,210,217,224,228,233,240,244,249,256,260,268,275,279,284,291,295,302,309,313,334,341,345,355,362,366,376,383,387,393,400,404,410,417,421,427,434,438,444,451,455,461,468,472,478,485,489,495,502,506,512,519,523,530,537,541,547,554,558,564,571,575,579,586,590,594,601,605,613,620,624,634,641,645,652,659,663,667,681,685,690,697,701,708,715,719,730,737,741,752,759,763,767,774,778,784,791,795,801,808,812,825,832,836,841,848,852,857,864,868,875,882,886,892,899,903,908,915,919,924,931,935,940,947,951,957,964,968,974,981,985,991,998,1002,1008,1015,1019,1027,1034,1038,1044,1051,1055,1061,1068,1072,1082,1089,1093,1101,1108,1112,1117,1124,1128,1133,1140,1144,1150,1157,1161,1167,1174,1178,1184,1191,1195,1201,1208,1212,1218,1225,1229,1235,1242,1246,1252,1259,1263,1269,1276,1280,1284,1291,1295,1299,1306,1310,1316,1323,1327,1333,1340,1344,1350,1357,1361,1367,1374,1378,1382,1389,1393,1399,1406,1410,1415,1422,1426,1430,1437,1441,1445,1452,1456,1462,1469,1473,1479,1486,1490,1496,1503,1507,1513,1520,1524,1530,1537,1541,1547,1554,1558,1564,1571,1575,1581,1588,1592,1598,1605,1609,1622,1629,1633,1639,1646,1650,1656,1663,1667,1672,1679,1683,1687,1694,1698,1704,1711,1715,1721,1728,1732,1740,1747,1751,1759,1990-1993,2005,2031,2037,2046,2052,2061,2067,2076,2082,2091,2097,2106,2112,2121,2127,2136,2142,2151,2157,2172,2178,2187,2193,2202,2208,2217,2223,2232,2238,2247,2253,2262,2268,2277,2283,2292,2298,2307,2313,2322,2328,2337,2343,2352,2358,2367,2373,2382,2388,2397,2403,2412,2418,2427,2433,2442,2448,2466,2472,2481,2487,2496,2502,2511,2517,2526,2532,2541,2547,2556,2562,2571,2577,2587,2593,2602,2608,2617,2623,2632,2638,2647,2653,2662,2668,2677,2683,2692,2698,2707,2713,2722,2728,2737,2743,2752,2758,2767,2773,2782,2788,2797,2803,2812,2818,2828,2834,2843,2849,2858,2864,2873,2879,2888,2894,2903,2909,2918,2924,2933,2939,2948,2954,2963,2969,2978,2984,2993,2999,3008,3014,3023,3029,3038,3044,3053,3059,3068,3074,3083,3089,3098,3104,3113,3119,3128,3134,3143,3149,3158,3164,3173,3179,3188,3194,3203,3209,3218,3224,3233,3239,3248,3254,3263,3269,3278,3284,3294,3300,3309,3315,3324,3330,3339,3345,3354,3360,3369,3375,3384,3390,3399,3405
qt6/gen_qlistview.go
  s_64fea63fed100b::t_eed57fe57bea5d 53-57,288-291,703-707,735-739,769-773,801-805,828-832,855-859,885-889,917-921,955-959,995-999,1029-1033,1063-1067,1093-1097,1123-1127,1153-1157,1183-1187,1213-1217,1243-1247,1273-1277,1303-1307,1333-1337,1363-1367,1393-1397,1422-1426,1453-1457,1487-1491,1521-1525,1561-1565,1595-1599,1622-1626,1654-1658,1686-1690,1720-1724,1749-1753,1779-1783,1813-1817,1846-1850,1878-1882,1910-1914,1944-1948,1976-1980,2003-2007,2030-2034,2057-2061,2087-2091,2117-2121,2147-2151,2177-2181,2209-2213,2239-2243,2269-2273,2305-2309,2339-2343,2371-2375,2403-2407,2433-2437,2463-2467,2493-2497,2523-2527,2553-2557,2583-2587,2613-2617,2649-2653,2680-2684,2709-2713,2739-2743,2769-2773,2799-2803,2829-2833,2858-2862,2888-2892,2920-2924,2949-2953,2978-2982,3008-3012,3038-3042,3068-3072,3098-3102,3128-3132,3158-3162,3188-3192,3218-3222,3255-3259,3293-3297,3325-3329,3355-3359,3387-3391,3416-3420,3446-3450,3476-3480,3506-3510
qt6/gen_qlistview.h
  s_64fea63fed100b::t_d0d833d632595f 157
qt6/gen_qlistwidget.cpp
  s_64fea63fed100b::t_98813bc29b8484 1-2,67,74,200,204,208,215,219,224,231,235,244,251,255,262,269,273,281,288,292,300,545,551,560,566,575,581,590,596,605,611,620,626,647,651,657,664,668,674,681,685,690,697,701,705,724,728,742,749,753,761,768,772,776,783,787,794,801,805,815,822,826,833,840,844,849,856,860,865,872,876,884,891,895,902,909,913,934,941,945,955,962,966,976,983,987,993,1000,1004,1010,1017,1021,1027,1034,1038,1044,1051,1055,1061,1068,1072,1078,1085,1089,1095,1102,1106,1113,1120,1124,1130,1137,1141,1147,1154,1158,1162,1169,1173,1177,1184,1188,1196,1203,1207,1217,1224,1228,1235,1242,1246,1250,1264,1268,1273,1280,1284,1291,1298,1302,1313,1320,1324,1335,1342,1346,1350,1357,1361,1374,1381,1385,1390,1397,1401,1406,1413,1417,1424,1431,1435,1441,1448,1452,1457,1464,1468,1473,1480,1484,1489,1496,1500,1506,1513,1517,1523,1530,1534,1540,1547,1551,1557,1564,1568,1576,1583,1587,1593,1600,1604,1610,1617,1621,1631,1638,1642,1650,1657,1661,1666,1673,1677,1682,1689,1693,1699,1706,1710,1716,1723,1727,1733,1740,1744,1750,1757,1761,1767,1774,1778,1784,1791,1795,1801,1808,1812,1818,1825,1829,1833,1840,1844,1848,1855,1859,1865,1872,1876,1882,1889,1893,1899,1906,1910,1916,1923,1927,1931,1938,1942,1948,1955,1959,1964,1971,1975,1979,1986,1990,1994,2001,2005,2011,2018,2022,2028,2035,2039,2045,2052,2056,2062,2069,2073,2079,2086,2090,2096,2103,2107,2113,2120,2124,2130,2137,2141,2147,2154,2158,2171,2178,2182,2188,2195,2199,2205,2212,2216,2221,2228,2232,2236,2243,2247,2253,2260,2264,2270,2277,2281,2289,2296,2300,2308,2571-2574,2577,2584-2587,2590,2597-2600,2603,2610-2613,2616,2623-2626,2629,2636-2639,2642,2649-2652,2656,2664-2667,2677,2684-2687,2690,2697-2700,2702,2736,2742,2751,2757,2766,2772,2781,2787,2812,2818,2833,2839,2848,2854,2864,2870,2879,2885,2894,2900,2909,2915,2924,2930,2939,2945,2954,2960,2969,2975,2990,2996,3005,3011,3020,3026,3035,3041,3050,3056,3065,3071,3080,3086,3095,3101,3110,3116,3125,3131,3140,3146,3155,3161,3170,3176,3185,3191,3200,3206,3215,3221,3230,3236,3245,3251,3269,3275,3284,3290,3299,3305,3314,3320,3329,3335,3344,3350,3360,3366,3375,3381,3390,3396,3405,3411,3420,3426,3435,3441,3450,3456,3465,3471,3480,3486,3495,3501,3510,3516,3525,3531,3540,3546,3555,3561,3570,3576,3585,3591,3601,3607,3616,3622,3631,3637,3646,3652,3661,3667,3676,3682,3691,3697,3706,3712,3721,3727,3736,3742,3751,3757,3766,3772,3781,3787,3796,3802,3811,3817,3826,3832,3841,3847,3856,3862,3871,3877,3886,3892,3901,3907,3916,3922,3931,3937,3946,3952,3961,3967,3976,3982,3991,3997,4006,4012,4021,4027,4036,4042,4051,4057,4067,4073,4082,4088,4097,4103,4112,4118,4127,4133,4142,4148,4157,4163,4172,4178
qt6/gen_qlistwidget.go
  s_64fea63fed100b::t_859fee2bcdaf42 24-28,347-351,378-382,410-414,442-446,474-478,504-508,542-546,819-822,841-844,863-866,885-888,907-910,929-932,951-954,979-982,1004-1007,1026-1029,1436-1440,1466-1470,1496-1500,1537-1541,1580-1584,1618-1622,1654-1658,1685-1689,1717-1721,1751-1755,1783-1787,1810-1814,1837-1841,1867-1871,1905-1909,1945-1949,1979-1983,2013-2017,2043-2047,2073-2077,2103-2107,2133-2137,2163-2167,2193-2197,2223-2227,2253-2257,2283-2287,2313-2317,2342-2346,2373-2377,2407-2411,2441-2445,2481-2485,2515-2519,2542-2546,2574-2578,2606-2610,2640-2644,2673-2677,2706-2710,2738-2742,2770-2774,2804-2808,2836-2840,2863-2867,2890-2894,2917-2921,2947-2951,2977-2981,3007-3011,3037-3041,3069-3073,3099-3103,3129-3133,3165-3169,3199-3203,3231-3235,3263-3267,3293-3297,3323-3327,3353-3357,3383-3387,3413-3417,3443-3447,3473-3477,3509-3513,3540-3544,3569-3573,3599-3603,3629-3633,3659-3663,3689-3693,3718-3722,3748-3752,3780-3784,3809-3813,3838-3842,3868-3872,3898-3902,3928-3932,3958-3962,3988-3992,4018-4022,4048-4052,4078-4082,4115-4119,4153-4157,4185-4189,4215-4219,4247-4251,4276-4280,4306-4310,4336-4340,4366-4370
qt6/gen_qlistwidget.h
  s_64fea63fed100b::t_937d4777335ded 235,237,239,241,243,245,247,249,251,253
qt6/gen_qmainwindow.cpp
  s_64fea63fed100b::t_2a58bc7dc61635 1-2,53,119,123,127,134,138,144,151,155,160,167,171,175,182,186,192,199,203,207,214,218,222,229,233,238,245,249,253,260,264,268,275,279,285,292,296,302,309,313,319,326,330,336,343,347,353,360,364,370,377,381,387,394,398,404,411,415,421,428,432,438,445,449,455,462,466,472,479,483,489,496,500,506,513,517,523,530,534,540,547,551,557,564,568,574,581,585,591,598,602,608,615,619,625,632,636,642,649,653,659,666,670,683,690,694,700,707,711,717,724,728,734,741,745,750,757,761,765,772,776,782,789,793,799,806,810,815,822,826,832,839,843,849,856,860,866,873,877,883,890,894,902,909,913,921,1221-1224,1229,1236-1239,1243,1250-1253,1256,1300,1306,1315,1321,1330,1336,1345,1351,1360,1366,1375,1381,1390,1396,1405,1411,1420,1426,1435,1441,1450,1456,1465,1471,1480,1486,1495,1501,1510,1516,1525,1531,1540,1546,1555,1561,1570,1576,1585,1591,1600,1606,1615,1621,1630,1636,1645,1651,1660,1666,1675,1681,1690,1696,1705,1711,1720,1726,1735,1741,1750,1756,1765,1771,1780,1786,1795,1801,1811,1817,1826,1832,1841,1847,1856,1862,1871,1877,1886,1892,1901,1907,1916,1922,1931,1937,1946,1952,1961,1967,1976,1982,1991,1997,2006,2012
qt6/gen_qmainwindow.go
  s_64fea63fed100b::t_d817bae50e18c6 28-32,351-354,373-376,395-398,586-590,615-619,645-649,677-681,706-710,738-742,769-773,798-802,830-834,859-863,888-892,918-922,948-952,978-982,1008-1012,1038-1042,1068-1072,1098-1102,1128-1132,1158-1162,1188-1192,1218-1222,1248-1252,1278-1282,1308-1312,1338-1342,1368-1372,1398-1402,1428-1432,1458-1462,1488-1492,1518-1522,1548-1552,1585-1589,1623-1627,1653-1657,1685-1689,1715-1719,1747-1751,1776-1780,1808-1812,1840-1844,1872-1876,1906-1910,1936-1940,1966-1970,1996-2000,2026-2030
qt6/gen_qmainwindow.h
  s_64fea63fed100b::t_44371941ff7264 157,159,161
qt6/gen_qmdiarea.cpp
  s_64fea63fed100b::t_8834045a331361 1-2,54,121,125,129,136,140,144,151,155,161,168,172,177,184,188,194,201,205,211,218,222,228,235,239,245,252,256,262,269,273,279,286,290,295,302,306,313,320,324,330,337,341,347,354,358,364,371,375,381,388,392,398,405,409,415,422,426,432,439,443,449,456,460,466,473,477,483,490,494,500,507,511,515,522,526,532,539,543,549,556,560,564,571,575,581,588,592,597,604,608,612,619,623,627,634,638,644,651,655,661,668,672,678,685,689,695,702,706,712,719,723,729,736,740,746,753,757,763,770,774,780,787,791,797,804,808,821,828,832,838,845,849,855,862,866,871,878,882,886,893,897,903,910,914,920,927,931,936,943,947,953,960,964,972,979,983,991,1160-1163,1166,1241,1247,1256,1262,1271,1277,1286,1292,1301,1307,1316,1322,1331,1337,1346,1352,1361,1367,1376,1382,1391,1397,1406,1412,1421,1427,1436,1442,1451,1457,1466,1472,1481,1487,1496,1502,1511,1517,1526,1532,1541,1547,1556,1562,1571,1577,1586,1592,1601,1607,1616,1622,1631,1637,1646,1652,1661,1667,1676,1682,1691,1697,1706,1712,1721,1727,1736,1742,1751,1757,1766,1772,1781,1787,1796,1802,1811,1817,1826,1832,1841,1847,1856,1862,1872,1878,1887,1893,1902,1908,1917,1923,1932,1938,1947,1953,1962,1968,1977,1983,1992,1998,2007,2013
qt6/gen_qmdiarea.go
  s_64fea63fed100b::t_031c2aa5fa11b9 38-42,225-228,482-486,513-517,542-546,572-576,604-608,638-642,668-672,698-702,728-732,758-762,788-792,820-824,852-856,882-886,912-916,942-946,972-976,1002-1006,1032-1036,1062-1066,1092-1096,1122-1126,1152-1156,1184-1188,1213-1217,1243-1247,1273-1277,1302-1306,1332-1336,1364-1368,1393-1397,1422-1426,1452-1456,1482-1486,1512-1516,1542-1546,1572-1576,1602-1606,1632-1636,1662-1666,1692-1696,1729-1733,1767-1771,1799-1803,1829-1833,1861-1865,1890-1894,1922-1926,1954-1958,1986-1990,2016-2020,2046-2050
qt6/gen_qmdiarea.h
  s_64fea63fed100b::t_474caff72a063c 131
qt6/gen_qmdisubwindow.cpp
  s_64fea63fed100b::t_04e463486188ae 1-2,49,113,117,121,128,132,136,143,147,153,160,164,169,176,180,186,193,197,203,210,214,220,227,231,237,244,248,254,261,265,271,278,282,288,295,299,305,312,316,322,329,333,339,346,350,356,363,367,373,380,384,390,397,401,407,414,418,424,431,435,441,448,452,458,465,469,475,482,486,490,497,501,507,514,518,523,530,534,538,545,549,553,560,564,570,577,581,587,594,598,604,611,615,621,628,632,638,645,649,655,662,666,672,679,683,689,696,700,706,713,717,730,737,741,747,754,758,764,771,775,780,787,791,795,802,806,812,819,823,829,836,840,845,852,856,862,869,873,881,888,892,900,1021-1024,1030,1037-1040,1042,1080,1086,1095,1101,1110,1116,1125,1131,1140,1146,1155,1161,1170,1176,1185,1191,1200,1206,1215,1221,1230,1236,1245,1251,1260,1266,1275,1281,1290,1296,1305,1311,1320,1326,1335,1341,1350,1356,1365,1371,1380,1386,1395,1401,1410,1416,1425,1431,1440,1446,1455,1461,1470,1476,1485,1491,1500,1506,1515,1521,1530,1536,1545,1551,1560,1566,1575,1581,1590,1596,1605,1611,1620,1626,1636,1642,1651,1657,1666,1672,1681,1687,1696,1702,1711,1717,1726,1732,1741,1747,1756,1762,1771,1777
qt6/gen_qmdisubwindow.go
  s_64fea63fed100b::t_8cfa2222b1fe7a 26-30,175-178,199-202,379-383,410-414,439-443,473-477,505-509,535-539,565-569,595-599,625-629,655-659,685-689,715-719,745-749,775-779,805-809,835-839,865-869,895-899,925-929,955-959,985-989,1015-1019,1045-1049,1074-1078,1104-1108,1136-1140,1165-1169,1194-1198,1224-1228,1254-1258,1284-1288,1314-1318,1344-1348,1374-1378,1404-1408,1434-1438,1471-1475,1509-1513,1541-1545,1571-1575,1603-1607,1632-1636,1664-1668,1696-1700,1728-1732,1758-1762,1788-1792
qt6/gen_qmdisubwindow.h
  s_64fea63fed100b::t_0b49830407cc0d 115,117
qt6/gen_qmenu.cpp
  s_64fea63fed100b::t_b89468b4d0112b 1-2,52,120,124,128,135,139,145,152,156,162,169,173,179,186,190,196,203,207,213,220,224,230,237,241,247,254,258,264,271,275,281,288,292,298,305,309,315,322,326,332,339,343,348,355,359,364,371,375,382,389,393,397,404,408,414,421,425,429,436,440,445,452,456,460,467,471,475,482,486,492,499,503,509,516,520,526,533,537,543,550,554,560,567,571,577,584,588,594,601,605,611,618,622,628,635,639,645,652,656,662,669,673,679,686,690,696,703,707,713,720,724,737,744,748,754,761,765,771,778,782,787,794,798,802,809,813,819,826,830,836,843,847,853,860,864,870,877,881,887,894,898,906,913,917,925,1169-1172,1174,1181-1184,1186,1193-1196,1199,1206-1209,1212,1266,1272,1281,1287,1296,1302,1311,1317,1326,1332,1341,1347,1356,1362,1371,1377,1386,1392,1401,1407,1416,1422,1431,1437,1446,1452,1461,1467,1476,1482,1491,1497,1506,1512,1521,1527,1536,1542,1551,1557,1566,1572,1581,1587,1596,1602,1611,1617,1626,1632,1641,1647,1656,1662,1671,1677,1686,1692,1701,1707,1716,1722,1731,1737,1746,1752,1761,1767,1776,1782,1791,1797,1806,1812,1822,1828,1837,1843,1852,1858,1867,1873,1882,1888,1897,1903,1912,1918,1927,1933,1942,1948,1957,1963,1972,1978
qt6/gen_qmenu.go
  s_64fea63fed100b::t_3cc1ca0c64721b 17-21,315-318,334-337,353-356,375-378,588-592,617-621,647-651,677-681,707-711,737-741,767-771,797-801,827-831,857-861,887-891,917-921,947-951,977-981,1009-1013,1041-1045,1073-1077,1102-1106,1134-1138,1163-1167,1195-1199,1224-1228,1253-1257,1283-1287,1313-1317,1343-1347,1373-1377,1403-1407,1433-1437,1463-1467,1493-1497,1523-1527,1553-1557,1583-1587,1613-1617,1643-1647,1680-1684,1718-1722,1750-1754,1780-1784,1812-1816,1841-1845,1873-1877,1905-1909,1939-1943,1969-1973,1999-2003,2029-2033
qt6/gen_qmenu.h
  s_64fea63fed100b::t_a333ad11b2e60b 144,146,148,150
qt6/gen_qmenubar.cpp
  s_64fea63fed100b::t_9e9cb4e89116de 1-2,52,116,120,124,131,135,139,146,150,155,162,166,172,179,183,189,196,200,206,213,217,223,230,234,240,247,251,257,264,268,274,281,285,291,298,302,308,315,319,325,332,336,342,349,353,359,366,370,376,383,387,393,400,404,409,416,420,427,434,438,442,449,453,457,464,468,472,479,483,489,496,500,506,513,517,523,530,534,540,547,551,557,564,568,574,581,585,591,598,602,608,615,619,625,632,636,642,649,653,659,666,670,676,683,687,693,700,704,710,717,721,734,741,745,751,758,762,768,775,779,784,791,795,799,806,810,816,823,827,833,840,844,849,856,860,866,873,877,883,890,894,902,909,913,921,1060-1063,1066,1073-1076,1079,1113,1119,1128,1134,1143,1149,1158,1164,1173,1179,1188,1194,1203,1209,1218,1224,1233,1239,1248,1254,1263,1269,1278,1284,1293,1299,1308,1314,1323,1329,1338,1344,1353,1359,1368,1374,1383,1389,1398,1404,1413,1419,1428,1434,1443,1449,1458,1464,1473,1479,1488,1494,1503,1509,1518,1524,1533,1539,1548,1554,1563,1569,1578,1584,1593,1599,1608,1614,1623,1629,1638,1644,1653,1659,1669,1675,1684,1690,1699,1705,1714,1720,1729,1735,1744,1750,1759,1765,1774,1780,1789,1795,1804,1810,1819,1825
qt6/gen_qmenubar.go
  s_64fea63fed100b::t_40342f2c09b254 17-21,190-193,212-215,391-395,422-426,451-455,483-487,513-517,543-547,573-577,603-607,633-637,663-667,693-697,723-727,753-757,783-787,813-817,843-847,873-877,907-911,939-943,971-975,1000-1004,1029-1033,1058-1062,1088-1092,1118-1122,1148-1152,1178-1182,1208-1212,1238-1242,1268-1272,1298-1302,1328-1332,1358-1362,1388-1392,1418-1422,1448-1452,1485-1489,1523-1527,1555-1559,1585-1589,1617-1621,1646-1650,1678-1682,1710-1714,1742-1746,1772-1776,1802-1806,1832-1836
qt6/gen_qmenubar.h
  s_64fea63fed100b::t_9e7470c73035cb 125,127
qt6/gen_qmessagebox.cpp
  s_64fea63fed100b::t_bf73d0287fdc70 1-2,53,127,131,136,143,147,153,160,164,170,177,181,187,194,198,204,211,215,221,228,232,238,245,249,253,260,264,268,275,279,284,291,295,299,306,310,316,323,327,332,339,343,348,355,359,365,372,376,382,389,393,397,404,408,413,420,424,428,435,439,443,450,454,460,467,471,477,484,488,494,501,505,511,518,522,528,535,539,545,552,556,562,569,573,579,586,590,596,603,607,613,620,624,630,637,641,647,654,658,664,671,675,681,688,692,698,705,709,715,722,726,732,739,743,749,756,760,766,773,777,790,797,801,807,814,818,824,831,835,840,847,851,855,862,866,872,879,883,889,896,900,905,912,916,922,929,933,939,946,950,956,963,967,975,982,986,994,1406-1409,1412,1682,1688,1697,1703,1712,1718,1727,1733,1742,1748,1757,1763,1772,1778,1787,1793,1802,1808,1817,1823,1832,1838,1847,1853,1862,1868,1877,1883,1892,1898,1907,1913,1922,1928,1937,1943,1952,1958,1967,1973,1982,1988,1997,2003,2012,2018,2027,2033,2042,2048,2057,2063,2072,2078,2087,2093,2102,2108,2117,2123,2132,2138,2147,2153,2162,2168,2177,2183,2192,2198,2207,2213,2222,2228,2237,2243,2252,2258,2267,2273,2283,2289,2298,2304,2313,2319,2328,2334,2343,2349,2358,2364,2373,2379,2388,2394,2403,2409,2418,2424,2433,2439,2448,2454
qt6/gen_qmessagebox.go
  s_64fea63fed100b::t_0f8fba818d9852 75-79,670-673,1407-1411,1439-1443,1469-1473,1499-1503,1529-1533,1559-1563,1589-1593,1621-1625,1652-1656,1681-1685,1708-1712,1737-1741,1767-1771,1794-1798,1821-1825,1851-1855,1885-1889,1914-1918,1946-1950,1975-1979,2004-2008,2034-2038,2064-2068,2094-2098,2124-2128,2154-2158,2184-2188,2214-2218,2244-2248,2274-2278,2304-2308,2334-2338,2364-2368,2394-2398,2424-2428,2454-2458,2484-2488,2514-2518,2544-2548,2581-2585,2619-2623,2651-2655,2681-2685,2713-2717,2742-2746,2774-2778,2806-2810,2838-2842,2868-2872,2898-2902,2928-2932,2958-2962
qt6/gen_qmessagebox.h
  s_64fea63fed100b::t_c17506ca1f427e 167
qt6/gen_qmimedata.cpp
  s_64fea63fed100b::t_a6da0911b5275a 1-2,25,48,52,64,71,75,79,98,102,115,122,126,131,138,142,148,155,159,165,172,176,182,189,193,199,206,210,218,225,229,237,441,447,457,463,488,494,504,510,519,525,534,540,549,555,564,570,579,585,594,600
qt6/gen_qmimedata.go
  s_64fea63fed100b::t_4f8448a75545b3 17-21,324-328,368-372,411-415,449-453,481-485,515-519,545-549,575-579,605-609,635-639
qt6/gen_qmovie.cpp
  s_64fea63fed100b::t_9b3d62d6591b1c 1-2,28,62,66,71,78,82,88,95,99,105,112,116,122,129,133,139,146,150,158,165,169,177,398-401,403,410-413,418,425-428,433,440-443,447,454-457,461,468-471,473,480-483,486,532,538,547,553,562,568,577,583,592,598,607,613,622,628
qt6/gen_qmovie.go
  s_64fea63fed100b::t_e693d245314677 32-36,326-329,345-348,367-370,389-392,411-414,433-436,452-455,577-581,609-613,643-647,673-677,703-707,733-737,763-767
qt6/gen_qmovie.h
  s_64fea63fed100b::t_2479e5e8c0ce78 86,88,90,92,94,96,98
qt6/gen_qobject.cpp
  s_64fea63fed100b::t_b0deea368148bd 1-2,27,51,55,60,67,71,77,84,88,94,101,105,111,118,122,128,135,139,147,154,158,166,356-359,361,418-421,424,428,434,443,449,458,464,473,479,488,494,503,509,518,524,576-579,589
qt6/gen_qobject.go
  s_64fea63fed100b::t_ddf7aad307103b 23-27,242-245,321-324,404-408,436-440,470-474,500-504,530-534,560-564,590-594,613-616
qt6/gen_qobject.h
  s_64fea63fed100b::t_ed2ca249422b2d 84,100,122
qt6/gen_qobjectcleanuphandler.cpp
  s_64fea63fed100b::t_0663ae0f6ae07a 1-2,20,40,44,49,56,60,66,73,77,83,90,94,100,107,111,117,124,128,136,143,147,155,234,240,249,255,264,270,279,285,294,300,309,315,324,330
qt6/gen_qobjectcleanuphandler.go
  s_64fea63fed100b::t_ac817577bf65be 17-21,185-189,217-221,251-255,281-285,311-315,341-345,371-375
qt6/gen_qoffscreensurface.cpp
  s_64fea63fed100b::t_fdca856bc98973 1-2,24,50,54,58,65,69,73,80,84,88,95,99,104,111,115,121,128,132,138,145,149,155,162,166,172,179,183,191,198,202,210,305-308,311,337,343,353,359,368,374,383,389,398,404,413,419,428,434,443,449,458,464,473,479
qt6/gen_qoffscreensurface.go
  s_64fea63fed100b::t_dd5fd31755bef5 17-21,147-150,268-272,299-303,330-334,359-363,391-395,425-429,455-459,485-489,515-519,545-549
qt6/gen_qoffscreensurface.h
  s_64fea63fed100b::t_c7fba79fe57393 61
qt6/gen_qpaintengine.cpp
  s_64fea63fed100b::t_ef3cc1f7eaa727 1-2,33,108,112,117,122,126,130,135,139,146,151,155,162,169,173,180,187,191,198,205,209,216,223,227,235,242,246,254,261,265,273,280,284,291,298,302,309,316,320,329,336,340,349,356,360,373,378,382,393,400,404,418,425,429,445,452,456,460,467,471,475,480,484,489,496,500,507,677,683,688,694,699,705,710,716,725,731,740,746,755,761,770,776,785,791,800,806,815,821,830,836,845,851,860,866,875,881,886,892,901,907,916,922,931,937,946,952,957,963,972,978
qt6/gen_qpaintengine.go
  s_64fea63fed100b::t_439015bd1982a6 179-183,390-394,416-420,439-443,469-473,501-505,533-537,565-569,597-601,627-631,657-661,687-691,719-723,751-755,785-789,813-817,847-851,879-883,913-917,951-955,974-978,1005-1009,1041-1045
qt6/gen_qparallelanimationgroup.cpp
  s_64fea63fed100b::t_759414b6213a85 1-2,22,47,51,55,62,66,71,78,82,88,95,99,108,115,119,126,133,137,143,150,154,160,167,171,177,184,188,194,201,205,213,220,224,232,303,309,318,324,333,339,348,354,363,369,378,384,393,399,408,414,423,429,438,444,453,459
qt6/gen_qparallelanimationgroup.go
  s_64fea63fed100b::t_824540e52caaa0 17-21,179-183,208-212,240-244,270-274,302-306,332-336,366-370,396-400,426-430,456-460,486-490
qt6/gen_qpauseanimation.cpp
  s_64fea63fed100b::t_0bbc3f17333f94 1-2,21,48,52,56,63,67,72,79,83,89,96,100,109,116,120,127,134,138,144,151,155,161,168,172,178,185,189,195,202,206,214,221,225,233,316,322,331,337,346,352,361,367,376,382,391,397,406,412,421,427,436,442,451,457,466,472
qt6/gen_qpauseanimation.go
  s_64fea63fed100b::t_53b292db408ff8 17-21,195-199,224-228,256-260,286-290,318-322,348-352,382-386,412-416,442-446,472-476,502-506
qt6/gen_qpdfwriter.cpp
  s_64fea63fed100b::t_a3c9de3afbf0e8 1-2,31,64,68,72,79,83,87,94,98,104,111,115,120,127,131,137,144,148,154,161,165,171,178,182,188,195,199,207,214,218,226,233,237,244,251,255,262,269,273,279,286,290,299,306,310,318,325,329,333,340,344,350,357,361,366,373,377,381,530,536,545,551,560,566,575,581,590,596,605,611,620,626,635,641,650,656,665,671,680,686,695,701,710,716,725,731,740,746,755,761,770,776,785,791,800,806
qt6/gen_qpdfwriter.go
  s_64fea63fed100b::t_d411b9d14d82ab 17-21,284-288,313-317,342-346,374-378,406-410,440-444,470-474,500-504,530-534,560-564,590-594,622-626,654-658,686-690,720-724,750-754,779-783,809-813,841-845
qt6/gen_qpicture.cpp
  s_64fea63fed100b::t_b57ca6b9ec0b05 1-2,20,42,46,50,57,61,69,76,80,84,91,95,101,108,112,118,125,129,134,141,145,149,245,251,260,266,275,281,290,296,305,311,320,326,335,341
qt6/gen_qpicture.go
  s_64fea63fed100b::t_0d4b111cd3de8e 17-21,163-167,194-198,227-231,256-260,288-292,318-322,350-354
qt6/gen_qpixmap.cpp
  s_64fea63fed100b::t_ab12cd22541eaa 1-2,30,55,59,63,70,74,78,85,89,95,102,106,112,119,123,128,135,139,143,486,492,501,507,516,522,531,537,546,552,561,567
qt6/gen_qpixmap.go
  s_64fea63fed100b::t_ed601faf468421 17-21,535-539,564-568,593-597,625-629,655-659,687-691
qt6/gen_qplaintextedit.cpp
  s_64fea63fed100b::t_d68486daa7f957 1-2,72,139,172,176,184,191,195,201,208,212,217,224,228,234,241,245,251,258,262,268,275,279,285,292,296,302,309,313,319,326,330,336,343,347,353,360,364,370,377,381,386,393,397,403,410,414,420,427,431,437,444,448,454,461,465,471,478,482,488,495,499,505,512,516,522,529,533,539,546,550,556,563,567,571,578,582,587,594,598,604,611,615,621,628,632,639,646,650,658,665,669,673,680,684,688,695,699,705,712,716,722,729,733,738,745,749,753,760,764,770,777,781,785,792,796,802,809,813,818,825,829,833,840,844,848,855,859,865,872,876,882,889,893,899,906,910,916,923,927,933,940,944,950,957,961,967,974,978,991,998,1002,1008,1015,1019,1025,1032,1036,1041,1048,1052,1056,1063,1067,1073,1080,1084,1090,1097,1101,1109,1116,1120,1128,1526-1529,1531,1538-1541,1544,1551-1554,1557,1564-1567,1570,1577-1580,1582,1589-1592,1594,1601-1604,1610,1617-1620,1623,1630-1633,1636,1683,1689,1698,1704,1713,1719,1728,1734,1743,1749,1758,1764,1773,1779,1788,1794,1803,1809,1818,1824,1833,1839,1848,1854,1863,1869,1878,1884,1893,1899,1908,1914,1923,1929,1938,1944,1953,1959,1968,1974,1983,1989,1998,2004,2013,2019,2028,2034,2043,2049,2058,2064,2073,2079,2088,2094,2103,2109,2118,2124,2133,2139,2148,2154,2163,2169,2178,2184,2193,2199,2208,2214,2223,2229,2238,2244,2253,2259,2268,2274,2283,2289,2298,2304,2313,2319,2328,2334,2343,2349,2358,2364,2373,2379,2388,2394,2403,2409,2419,2425,2434,2440,2449,2455,2464,2470,2479,2485,2494,2500,2509,2515,2524,2530,2748,2752,2761,2768,2772,2781,2788,2792,2796,2803,2807,2811,2818,2822,2827,2834,2838,2845,2852,2856,2864,2871,2875,2885,2892,2896,2906,2913,2917,2931,2938,2942,2947,2954,2958,2964,2971,2975,2981,2988,2992,2998,3005,3009,3015,3022,3026,3034,3041,3045,3053,3158,3164,3173,3179,3188,3194,3203,3209,3218,3224,3233,3239,3248,3254,3263,3269,3278,3284,3293,3299,3308,3314,3323,3329,3338,3344,3353,3359,3368,3374,3383,3389,3398,3404
qt6/gen_qplaintextedit.go
  s_64fea63fed100b::t_f33e0411bf9d55 24-28,461-464,480-483,502-505,524-527,546-549,565-568,584-587,608-611,630-633,957-961,993-997,1025-1029,1057-1061,1087-1091,1117-1121,1147-1151,1177-1181,1207-1211,1237-1241,1267-1271,1297-1301,1327-1331,1359-1363,1389-1393,1419-1423,1449-1453,1479-1483,1509-1513,1539-1543,1569-1573,1599-1603,1629-1633,1659-1663,1688-1692,1720-1724,1750-1754,1780-1784,1812-1816,1844-1848,1875-1879,1904-1908,1934-1938,1968-1972,2002-2006,2031-2035,2061-2065,2090-2094,2120-2124,2152-2156,2181-2185,2210-2214,2240-2244,2270-2274,2300-2304,2330-2334,2360-2364,2390-2394,2427-2431,2465-2469,2497-2501,2527-2531,2559-2563,2588-2592,2618-2622,2648-2652,2678-2682,2716-2720,2944-2948,2976-2980,3010-3014,3041-3045,3072-3076,3106-3110,3138-3142,3172-3176,3208-3212,3244-3248,3284-3288,3316-3320,3350-3354,3380-3384,3410-3414,3440-3444,3470-3474
qt6/gen_qplaintextedit.h
  s_64fea63fed100b::t_dd7134202c8990 220,222,224,226,228,230,232,234,236
qt6/gen_qpluginloader.cpp
  s_64fea63fed100b::t_8d35832dcd548c 1-2,23,46,50,55,62,66,72,79,83,89,96,100,106,113,117,123,130,134,142,149,153,161,320,326,335,341,350,356,365,371,380,386,395,401,410,416
qt6/gen_qpluginloader.go
  s_64fea63fed100b::t_d9f9518fa53fa2 17-21,269-273,301-305,335-339,365-369,395-399,425-429,455-459
qt6/gen_qpointingdevice.cpp
  s_64fea63fed100b::t_f7d31632f39099 1-2,24,75,79,84,91,95,101,108,112,118,125,129,135,142,146,152,159,163,171,178,182,190,298-301,310,341,347,356,362,371,377,386,392,401,407,416,422,431,437
qt6/gen_qpointingdevice.go
  s_64fea63fed100b::t_a7f0026066245b 113-117,278-281,397-401,429-433,463-467,493-497,523-527,553-557,583-587
qt6/gen_qpointingdevice.h
  s_64fea63fed100b::t_55a0eab8d59e79 71
qt6/gen_qprocess.cpp
  s_64fea63fed100b::t_6a45b22869a6a2 1-2,25,203,207,213,220,224,229,236,240,245,252,256,260,267,271,275,282,286,291,298,302,309,316,320,327,334,338,342,349,353,357,364,368,374,381,385,389,396,400,404,411,415,419,426,430,434,441,445,452,459,463,469,476,480,485,492,496,502,509,513,519,526,530,536,543,547,553,560,564,572,579,583,591,940-943,946,953-956,960,1094-1097,1102,1106,1112,1121,1127,1136,1142,1151,1157,1167,1173,1182,1188,1197,1203,1213,1219,1229,1235,1245,1251,1261,1267,1276,1282,1291,1297,1306,1312,1322,1328,1337,1343,1353,1359,1369,1375,1384,1390,1399,1405,1414,1420,1429,1435,1444,1450,1459,1465,1551-1554,1556,1559-1562,1566,1569-1572,1574,1577-1580,1582
qt6/gen_qprocess.go
  s_64fea63fed100b::t_1f4f2d20cccc31 255-259,618-621,640-643,840-843,965-969,997-1001,1029-1033,1061-1065,1090-1094,1119-1123,1148-1152,1185-1189,1220-1224,1249-1253,1278-1282,1310-1314,1339-1343,1368-1372,1397-1401,1428-1432,1463-1467,1495-1499,1527-1531,1561-1565,1591-1595,1621-1625,1651-1655,1681-1685,1704-1707,1720-1723,1739-1742,1755-1758
qt6/gen_qprocess.h
  s_64fea63fed100b::t_cb0cc4900b27c1 117,119,138,197-200
qt6/gen_qprogressbar.cpp
  s_64fea63fed100b::t_d1514fca3df381 1-2,48,112,116,120,129,133,137,144,148,152,159,163,168,175,179,185,192,196,202,209,213,217,224,228,234,241,245,250,257,261,265,272,276,280,287,291,297,304,308,314,321,325,331,338,342,348,355,359,365,372,376,382,389,393,399,406,410,416,423,427,433,440,444,450,457,461,467,474,478,484,491,495,501,508,512,518,525,529,535,542,546,552,559,563,569,576,580,586,593,597,603,610,614,620,627,631,637,644,648,654,661,665,671,678,682,695,702,706,712,719,723,729,736,740,746,753,757,762,769,773,777,784,788,794,801,805,811,818,822,827,834,838,844,851,855,861,868,872,878,885,889,895,902,906,914,921,925,933,1100-1103,1106,1132,1138,1154,1160,1169,1175,1184,1190,1199,1205,1214,1220,1229,1235,1244,1250,1259,1265,1274,1280,1289,1295,1304,1310,1319,1325,1334,1340,1349,1355,1364,1370,1379,1385,1394,1400,1409,1415,1424,1430,1439,1445,1454,1460,1469,1475,1484,1490,1499,1505,1514,1520,1529,1535,1544,1550,1559,1565,1574,1580,1589,1595,1604,1610,1619,1625,1634,1640,1649,1655,1665,1671,1680,1686,1695,1701,1710,1716,1725,1731,1740,1746,1755,1761,1770,1776,1785,1791,1800,1806,1815,1821,1830,1836,1845,1851,1860,1866
qt6/gen_qprogressbar.go
  s_64fea63fed100b::t_0454fd26a9d67a 24-28,209-212,380-384,414-418,445-449,474-478,506-510,536-540,566-570,595-599,625-629,657-661,686-690,715-719,745-749,775-779,805-809,835-839,865-869,895-899,925-929,955-959,985-989,1015-1019,1045-1049,1075-1079,1105-1109,1135-1139,1165-1169,1195-1199,1225-1229,1255-1259,1285-1289,1315-1319,1345-1349,1375-1379,1412-1416,1450-1454,1480-1484,1512-1516,1542-1546,1574-1578,1603-1607,1635-1639,1667-1671,1699-1703,1733-1737,1763-1767,1793-1797,1823-1827,1853-1857
qt6/gen_qprogressbar.h
  s_64fea63fed100b::t_15caf097d78021 120
qt6/gen_qprogressdialog.cpp
  s_64fea63fed100b::t_fca41acb504b09 1-2,51,122,126,130,137,141,147,154,158,164,171,175,181,188,192,198,205,209,215,222,226,230,237,241,246,253,257,261,268,272,278,285,289,294,301,305,310,317,321,327,334,338,344,351,355,361,368,372,376,383,387,392,399,403,407,414,418,422,429,433,438,445,449,455,462,466,472,479,483,489,496,500,506,513,517,523,530,534,540,547,551,557,564,568,574,581,585,591,598,602,608,615,619,625,632,636,642,649,653,659,666,670,676,683,687,693,700,704,710,717,721,727,734,738,744,751,755,761,768,772,785,792,796,802,809,813,819,826,830,835,842,846,850,857,861,867,874,878,884,891,895,900,907,911,917,924,928,934,941,945,951,958,962,970,977,981,989,1167-1170,1172,1198,1204,1213,1219,1228,1234,1243,1249,1258,1264,1273,1279,1288,1294,1303,1309,1318,1324,1333,1339,1348,1354,1363,1369,1378,1384,1393,1399,1408,1414,1423,1429,1438,1444,1453,1459,1468,1474,1483,1489,1498,1504,1513,1519,1528,1534,1543,1549,1558,1564,1573,1579,1588,1594,1603,1609,1618,1624,1633,1639,1648,1654,1663,1669,1678,1684,1693,1699,1708,1714,1723,1729,1738,1744,1753,1759,1768,1774,1783,1789,1799,1805,1814,1820,1829,1835,1844,1850,1859,1865,1874,1880,1889,1895,1904,1910,1919,1925,1934,1940,1949,1955,1964,1970
qt6/gen_qprogressdialog.go
  s_64fea63fed100b::t_d25f3dc6b68e87 17-21,245-248,437-441,466-470,496-500,526-530,556-560,586-590,618-622,647-651,674-678,703-707,733-737,760-764,787-791,817-821,847-851,881-885,910-914,942-946,971-975,1000-1004,1032-1036,1062-1066,1092-1096,1122-1126,1152-1156,1182-1186,1212-1216,1242-1246,1272-1276,1302-1306,1332-1336,1362-1366,1392-1396,1422-1426,1452-1456,1482-1486,1512-1516,1542-1546,1572-1576,1609-1613,1647-1651,1679-1683,1709-1713,1741-1745,1770-1774,1802-1806,1834-1838,1866-1870,1896-1900,1926-1930,1956-1960,1986-1990
qt6/gen_qprogressdialog.h
  s_64fea63fed100b::t_5439bb5f5a8d2b 129
qt6/gen_qpropertyanimation.cpp
  s_64fea63fed100b::t_0b1c1b4ea8dbe0 1-2,24,53,57,62,69,73,81,88,92,101,108,112,116,123,127,133,140,144,156,163,167,174,181,185,191,198,202,208,215,219,225,232,236,242,249,253,261,268,272,280,379,385,394,400,409,415,424,430,439,445,454,460,469,475,484,490,499,505,514,520,529,535,544,550,559,565
qt6/gen_qpropertyanimation.go
  s_64fea63fed100b::t_beb0224fb14f24 17-21,227-231,259-263,289-293,321-325,350-354,382-386,418-422,448-452,482-486,512-516,542-546,572-576,602-606
qt6/gen_qproxystyle.cpp
  s_64fea63fed100b::t_f5793d470e97f1 1-2,35,80,84,94,101,105,115,122,126,136,143,147,171,178,182,195,202,206,217,224,228,236,243,247,257,264,268,288,295,299,310,317,321,332,339,343,352,359,363,371,378,382,394,401,405,413,420,424,432,439,443,453,460,464,468,475,479,485,492,496,504,511,515,521,528,532,538,545,549,555,562,566,571,578,582,588,595,599,605,612,616,622,629,633,639,646,650,658,665,669,677,852,858,867,873,882,888,897,903,913,919,928,934,943,949,958,964,973,979,989,995,1004,1010,1020,1026,1035,1041,1050,1056,1065,1071,1080,1086,1095,1101,1110,1116,1125,1131,1140,1146,1155,1161,1170,1176,1185,1191,1200,1206,1215,1221,1230,1236,1245,1251,1260,1266,1275,1281,1290,1296
qt6/gen_qproxystyle.go
  s_64fea63fed100b::t_6705eedf0f5524 17-21,311-315,347-351,383-387,423-427,467-471,505-509,545-549,583-587,627-631,672-676,708-712,746-750,784-788,820-824,862-866,900-904,938-942,976-980,1005-1009,1035-1039,1065-1069,1095-1099,1125-1129,1155-1159,1187-1191,1221-1225,1251-1255,1281-1285,1311-1315,1341-1345
qt6/gen_qpushbutton.cpp
  s_64fea63fed100b::t_949c2aa432ce7d 1-2,51,120,124,128,135,139,143,150,154,159,166,170,176,183,187,193,200,204,210,217,221,227,234,238,244,251,255,261,268,272,279,286,290,295,302,306,311,318,322,328,335,339,345,352,356,362,369,373,379,386,390,396,403,407,411,418,422,428,435,439,444,451,455,459,466,470,474,481,485,491,498,502,508,515,519,525,532,536,542,549,553,559,566,570,576,583,587,593,600,604,610,617,621,627,634,638,644,651,655,661,668,672,678,685,689,695,702,706,712,719,723,729,736,740,746,753,757,770,777,781,787,794,798,804,811,815,820,827,831,835,842,846,852,859,863,869,876,880,885,892,896,902,909,913,919,926,930,936,943,947,955,962,966,974,1110,1116,1125,1131,1140,1146,1155,1161,1170,1176,1185,1191,1200,1206,1215,1221,1230,1236,1245,1251,1260,1266,1275,1281,1290,1296,1305,1311,1320,1326,1335,1341,1350,1356,1365,1371,1380,1386,1395,1401,1410,1416,1425,1431,1440,1446,1455,1461,1470,1476,1485,1491,1500,1506,1515,1521,1530,1536,1545,1551,1560,1566,1575,1581,1590,1596,1605,1611,1620,1626,1635,1641,1650,1656,1665,1671,1680,1686,1696,1702,1711,1717,1726,1732,1741,1747,1756,1762,1771,1777,1786,1792,1801,1807,1816,1822,1831,1837,1846,1852,1861,1867
qt6/gen_qpushbutton.go
  s_64fea63fed100b::t_40bea9ac214d77 17-21,329-333,360-364,389-393,421-425,451-455,481-485,511-515,541-545,571-575,601-605,633-637,660-664,687-691,717-721,747-751,777-781,807-811,837-841,866-870,896-900,928-932,957-961,986-990,1016-1020,1046-1050,1076-1080,1106-1110,1136-1140,1166-1170,1196-1200,1226-1230,1256-1260,1286-1290,1316-1320,1346-1350,1376-1380,1406-1410,1436-1440,1473-1477,1511-1515,1543-1547,1573-1577,1605-1609,1634-1638,1666-1670,1698-1702,1730-1734,1764-1768,1794-1798,1824-1828,1854-1858
qt6/gen_qradiobutton.cpp
  s_64fea63fed100b::t_2f510db14fcc14 1-2,49,116,120,124,131,135,139,146,150,155,162,166,173,180,184,190,197,201,207,214,218,224,231,235,240,247,251,256,263,267,273,280,284,290,297,301,307,314,318,324,331,335,341,348,352,358,365,369,375,382,386,392,399,403,407,414,418,424,431,435,440,447,451,455,462,466,470,477,481,487,494,498,504,511,515,521,528,532,538,545,549,555,562,566,572,579,583,589,596,600,606,613,617,623,630,634,640,647,651,657,664,668,674,681,685,691,698,702,708,715,719,725,732,736,742,749,753,766,773,777,783,790,794,800,807,811,816,823,827,831,838,842,848,855,859,865,872,876,881,888,892,898,905,909,915,922,926,932,939,943,951,958,962,970,1060,1066,1075,1081,1090,1096,1105,1111,1120,1126,1135,1141,1150,1156,1165,1171,1180,1186,1195,1201,1210,1216,1225,1231,1240,1246,1255,1261,1270,1276,1285,1291,1300,1306,1315,1321,1330,1336,1345,1351,1360,1366,1375,1381,1390,1396,1405,1411,1420,1426,1435,1441,1450,1456,1465,1471,1480,1486,1495,1501,1510,1516,1525,1531,1540,1546,1555,1561,1570,1576,1585,1591,1600,1606,1615,1621,1630,1636,1646,1652,1661,1667,1676,1682,1691,1697,1706,1712,1721,1727,1736,1742,1751,1757,1766,1772,1781,1787,1796,1802,1811,1817
qt6/gen_qradiobutton.go
  s_64fea63fed100b::t_5a50a8ab2a572f 17-21,273-277,304-308,333-337,365-369,397-401,427-431,457-461,487-491,514-518,541-545,571-575,601-605,631-635,661-665,691-695,721-725,751-755,781-785,810-814,840-844,872-876,901-905,930-934,960-964,990-994,1020-1024,1050-1054,1080-1084,1110-1114,1140-1144,1170-1174,1200-1204,1230-1234,1260-1264,1290-1294,1320-1324,1350-1354,1380-1384,1417-1421,1455-1459,1487-1491,1517-1521,1549-1553,1578-1582,1610-1614,1642-1646,1674-1678,1708-1712,1738-1742,1768-1772,1798-1802
qt6/gen_qrasterwindow.cpp
  s_64fea63fed100b::t_7f326f8f45f938 1-2,43,93,97,103,110,114,119,126,130,136,143,147,153,160,164,169,176,180,184,191,195,199,206,210,214,221,225,229,236,240,244,251,255,261,268,272,278,285,289,295,302,306,312,319,323,329,336,340,346,353,357,363,370,374,380,387,391,397,404,408,414,421,425,431,438,442,448,455,459,465,472,476,482,489,493,499,506,510,516,523,527,540,547,551,557,564,568,574,581,585,591,598,602,608,615,619,627,634,638,646,653,657,661,668,672,678,685,689,693,761,767,776,782,791,797,806,812,821,827,836,842,852,858,867,873,882,888,897,903,912,918,927,933,942,948,957,963,972,978,987,993,1002,1008,1017,1023,1032,1038,1047,1053,1062,1068,1077,1083,1092,1098,1107,1113,1122,1128,1137,1143,1152,1158,1168,1174,1183,1189,1198,1204,1213,1219,1228,1234,1243,1249,1258,1264,1273,1279,1288,1294
qt6/gen_qrasterwindow.go
  s_64fea63fed100b::t_8d6bbda4f8650e 17-21,191-195,223-227,255-259,285-289,315-319,347-351,378-382,409-413,438-442,467-471,496-500,526-530,556-560,586-590,616-620,646-650,676-680,706-710,736-740,766-770,796-800,826-830,856-860,886-890,916-920,946-950,983-987,1021-1025,1055-1059,1085-1089,1115-1119,1145-1149,1175-1179,1205-1209,1234-1238,1264-1268
qt6/gen_qrubberband.cpp
  s_64fea63fed100b::t_ff0b79da4423f8 1-2,49,111,115,120,127,131,137,144,148,154,161,165,171,178,182,188,195,199,205,212,216,222,229,233,237,244,248,254,261,265,269,276,280,284,291,295,300,307,311,315,322,326,330,337,341,347,354,358,364,371,375,381,388,392,398,405,409,415,422,426,432,439,443,449,456,460,466,473,477,483,490,494,500,507,511,517,524,528,534,541,545,551,558,562,568,575,579,585,592,596,602,609,613,619,626,630,636,643,647,653,660,664,670,677,681,694,701,705,711,718,722,728,735,739,744,751,755,759,766,770,776,783,787,793,800,804,809,816,820,826,833,837,843,850,854,860,867,871,877,884,888,896,903,907,915,1016,1022,1031,1037,1046,1052,1061,1067,1076,1082,1091,1097,1106,1112,1121,1127,1136,1142,1151,1157,1166,1172,1181,1187,1196,1202,1211,1217,1226,1232,1241,1247,1256,1262,1271,1277,1286,1292,1301,1307,1316,1322,1331,1337,1346,1352,1361,1367,1376,1382,1391,1397,1406,1412,1421,1427,1436,1442,1451,1457,1466,1472,1481,1487,1496,1502,1511,1517,1526,1532,1542,1548,1557,1563,1572,1578,1587,1593,1602,1608,1617,1623,1632,1638,1647,1653,1662,1668,1677,1683,1692,1698,1707,1713,1722,1728
qt6/gen_qrubberband.go
  s_64fea63fed100b::t_992818a44a47b8 24-28,274-278,306-310,336-340,366-370,396-400,426-430,456-460,486-490,515-519,547-551,578-582,607-611,639-643,668-672,697-701,727-731,757-761,787-791,817-821,847-851,877-881,907-911,937-941,967-971,997-1001,1027-1031,1057-1061,1087-1091,1117-1121,1147-1151,1177-1181,1207-1211,1237-1241,1267-1271,1304-1308,1342-1346,1374-1378,1404-1408,1436-1440,1465-1469,1497-1501,1529-1533,1561-1565,1595-1599,1625-1629,1655-1659,1685-1689,1715-1719
qt6/gen_qrunnable.cpp
  s_64fea63fed100b::t_2dbe0ecff4b954 1-2,11,25,29,33,56,62
qt6/gen_qrunnable.go
  s_64fea63fed100b::t_c8c003e430d75f 17-21,72-76
qt6/gen_qsavefile.cpp
  s_64fea63fed100b::t_9809426f9e428e 1-2,23,66,70,74,83,87,93,100,104,111,118,122,126,133,137,141,148,152,158,165,169,173,180,184,188,195,199,205,212,216,220,227,231,237,244,248,255,262,266,273,280,284,288,295,299,303,310,314,318,325,329,333,340,344,349,356,360,365,372,376,382,389,393,398,405,409,415,422,426,432,439,443,449,456,460,466,473,477,485,492,496,504,619,625,641,647,656,662,672,678,687,693,703,709,718,724,733,739,749,755,764,770,780,786,795,801,811,817,827,833,842,848,858,864,874,880,889,895,904,910,919,925,935,941,950,956,965,971,980,986,995,1001,1010,1016,1025,1031
qt6/gen_qsavefile.go
  s_64fea63fed100b::t_3be966ff483ebc 17-21,260-264,292-296,326-330,361-365,390-394,419-423,451-455,480-484,509-513,541-545,570-574,604-608,641-645,676-680,705-709,734-738,763-767,792-796,824-828,856-860,888-892,920-924,954-958,984-988,1014-1018,1044-1048,1074-1078
qt6/gen_qscreen.cpp
  s_64fea63fed100b::t_18a6421bf22869 1-2,24,245-248,253,260-263,268,275-278,283,290-293,297,304-307,311,318-321,326,333-336,340,347-350,354,361-364,368
qt6/gen_qscreen.go
  s_64fea63fed100b::t_8857333a5a216e 17-21,254-257,276-279,298-301,320-323,342-345,364-367,386-389,408-411,430-433
qt6/gen_qscreen.h
  s_64fea63fed100b::t_3e57b81b98c2fe 79,81,83,85,87,89,91,93,95
qt6/gen_qscrollarea.cpp
  s_64fea63fed100b::t_86116cfb8c2f73 1-2,51,117,121,125,132,136,141,148,152,157,164,168,174,181,185,191,198,202,209,216,220,224,231,235,239,246,250,256,263,267,272,279,283,289,296,300,306,313,317,323,330,334,340,347,351,357,364,368,374,381,385,391,398,402,408,415,419,425,432,436,442,449,453,459,466,470,476,483,487,493,500,504,510,517,521,525,532,536,542,549,553,558,565,569,573,580,584,588,595,599,605,612,616,622,629,633,639,646,650,656,663,667,673,680,684,690,697,701,707,714,718,724,731,735,741,748,752,758,765,769,775,782,786,799,806,810,816,823,827,833,840,844,849,856,860,864,871,875,881,888,892,898,905,909,915,922,926,932,939,943,949,956,960,968,975,979,987,1123,1129,1138,1144,1153,1159,1168,1174,1183,1189,1198,1204,1213,1219,1228,1234,1243,1249,1258,1264,1273,1279,1288,1294,1303,1309,1318,1324,1333,1339,1348,1354,1363,1369,1378,1384,1393,1399,1408,1414,1423,1429,1438,1444,1453,1459,1468,1474,1483,1489,1498,1504,1513,1519,1528,1534,1543,1549,1558,1564,1573,1579,1588,1594,1603,1609,1618,1624,1633,1639,1648,1654,1663,1669,1678,1684,1693,1699,1708,1714,1723,1729,1739,1745,1754,1760,1769,1775,1784,1790,1799,1805,1814,1820,1829,1835,1844,1850,1859,1865,1874,1880,1889,1895
qt6/gen_qscrollarea.go
  s_64fea63fed100b::t_9c85bb7443370b 17-21,343-347,372-376,404-408,436-440,470-474,500-504,534-538,565-569,594-598,624-628,656-660,686-690,716-720,746-750,776-780,806-810,836-840,866-870,896-900,926-930,956-960,986-990,1016-1020,1046-1050,1076-1080,1105-1109,1135-1139,1167-1171,1196-1200,1225-1229,1255-1259,1285-1289,1315-1319,1345-1349,1375-1379,1405-1409,1435-1439,1465-1469,1495-1499,1525-1529,1562-1566,1600-1604,1632-1636,1662-1666,1694-1698,1723-1727,1755-1759,1787-1791,1817-1821,1847-1851,1877-1881,1907-1911
qt6/gen_qscrollbar.cpp
  s_64fea63fed100b::t_75037df6f55355 1-2,49,114,118,122,129,133,138,145,149,155,162,166,172,179,183,189,196,200,206,213,217,223,230,234,240,247,251,258,265,269,275,282,286,292,299,303,309,316,320,326,333,337,343,350,354,358,365,369,375,382,386,390,397,401,406,413,417,421,428,432,436,443,447,453,460,464,470,477,481,487,494,498,504,511,515,521,528,532,538,545,549,555,562,566,572,579,583,589,596,600,606,613,617,623,630,634,640,647,651,657,664,668,674,681,685,691,698,702,708,715,719,732,739,743,749,756,760,766,773,777,782,789,793,797,804,808,814,821,825,831,838,842,847,854,858,864,871,875,881,888,892,898,905,909,917,924,928,936,1026,1032,1041,1047,1056,1062,1071,1077,1086,1092,1101,1107,1116,1122,1131,1137,1146,1152,1161,1167,1176,1182,1191,1197,1206,1212,1221,1227,1236,1242,1251,1257,1266,1272,1281,1287,1296,1302,1311,1317,1326,1332,1341,1347,1356,1362,1371,1377,1386,1392,1401,1407,1416,1422,1431,1437,1446,1452,1461,1467,1476,1482,1491,1497,1506,1512,1521,1527,1536,1542,1551,1557,1566,1572,1582,1588,1597,1603,1612,1618,1627,1633,1642,1648,1657,1663,1672,1678,1687,1693,1702,1708,1717,1723,1732,1738,1747,1753
qt6/gen_qscrollbar.go
  s_64fea63fed100b::t_92f6c2e834a670 17-21,289-293,318-322,350-354,380-384,410-414,440-444,470-474,500-504,530-534,560-564,590-594,620-624,650-654,680-684,710-714,739-743,771-775,800-804,832-836,861-865,890-894,920-924,950-954,980-984,1010-1014,1040-1044,1070-1074,1100-1104,1130-1134,1160-1164,1190-1194,1220-1224,1250-1254,1280-1284,1310-1314,1340-1344,1377-1381,1415-1419,1447-1451,1477-1481,1509-1513,1538-1542,1570-1574,1602-1606,1634-1638,1668-1672,1698-1702,1728-1732,1758-1762
qt6/gen_qscroller.cpp
  s_64fea63fed100b::t_b6402ad9f0e75a 1-2,21,179-182,186,193-196,201
qt6/gen_qscroller.go
  s_64fea63fed100b::t_cfde29d25fcb36 42-46,231-234,253-256
qt6/gen_qscroller.h
  s_64fea63fed100b::t_cf61addd12c271 65,67
qt6/gen_qsequentialanimationgroup.cpp
  s_64fea63fed100b::t_01c2c312007a41 1-2,23,49,53,57,64,68,73,80,84,90,97,101,110,117,121,128,135,139,145,152,156,162,169,173,179,186,190,196,203,207,215,222,226,234,298-301,304,330,336,345,351,360,366,375,381,390,396,405,411,420,426,435,441,450,456,465,471,480,486
qt6/gen_qsequentialanimationgroup.go
  s_64fea63fed100b::t_76bf7222906e33 17-21,108-111,213-217,242-246,274-278,304-308,336-340,366-370,400-404,430-434,460-464,490-494,520-524
qt6/gen_qsequentialanimationgroup.h
  s_64fea63fed100b::t_6e3b9007e5deba 52
qt6/gen_qsettings.cpp
  s_64fea63fed100b::t_f04cefe47d8169 1-2,23,57,61,66,73,77,83,90,94,100,107,111,117,124,128,134,141,145,153,160,164,172,517,523,532,538,547,553,562,568,577,583,592,598,607,613
qt6/gen_qsettings.go
  s_64fea63fed100b::t_4538019ac59be1 56-60,535-539,567-571,601-605,631-635,661-665,691-695,721-725
qt6/gen_qsharedmemory.cpp
  s_64fea63fed100b::t_d8d89c94b6cabf 1-2,22,45,49,54,61,65,71,78,82,88,95,99,105,112,116,122,129,133,141,148,152,160,334,340,349,355,364,370,379,385,394,400,409,415,424,430
qt6/gen_qsharedmemory.go
  s_64fea63fed100b::t_b55e56e9a8b8da 41-45,308-312,340-344,374-378,404-408,434-438,464-468,494-498
qt6/gen_qshortcut.cpp
  s_64fea63fed100b::t_5751840ae50fd2 1-2,22,52,56,61,68,72,78,85,89,95,102,106,112,119,123,129,136,140,148,155,159,167,323-326,328,335-338,340,366,372,381,387,396,402,411,417,426,432,441,447,456,462
qt6/gen_qshortcut.go
  s_64fea63fed100b::t_b24c370a93c700 17-21,233-236,252-255,354-358,386-390,420-424,450-454,480-484,510-514,540-544
qt6/gen_qshortcut.h
  s_64fea63fed100b::t_c68bc1aa8d5b83 65,67
qt6/gen_qsignalmapper.cpp
  s_64fea63fed100b::t_5941faa98c2a16 1-2,20,44,48,53,60,64,70,77,81,87,94,98,104,111,115,121,128,132,140,147,151,159,237-240,243,251-254,264,271-274,277,311,317,326,332,341,347,356,362,371,377,386,392,401,407
qt6/gen_qsignalmapper.go
  s_64fea63fed100b::t_f6fba362cac32c 17-21,128-131,154-157,179-182,292-296,324-328,358-362,388-392,418-422,448-452,478-482
qt6/gen_qsignalmapper.h
  s_64fea63fed100b::t_6d82aaf95c5818 49,51,53
qt6/gen_qsizegrip.cpp
  s_64fea63fed100b::t_a950ab8c764f99 1-2,47,107,111,115,122,126,132,139,143,149,156,160,166,173,177,183,190,194,200,207,211,217,224,228,234,241,245,251,258,262,268,275,279,284,291,295,299,306,310,314,321,325,330,337,341,345,352,356,360,367,371,377,384,388,394,401,405,411,418,422,428,435,439,445,452,456,462,469,473,479,486,490,496,503,507,513,520,524,530,537,541,547,554,558,564,571,575,581,588,592,598,605,609,615,622,626,632,639,643,649,656,660,673,680,684,690,697,701,707,714,718,724,731,735,740,747,751,755,762,766,772,779,783,789,796,800,805,812,816,822,829,833,839,846,850,856,863,867,875,882,886,894,970,976,985,991,1000,1006,1015,1021,1030,1036,1045,1051,1060,1066,1075,1081,1090,1096,1105,1111,1120,1126,1135,1141,1150,1156,1165,1171,1180,1186,1195,1201,1210,1216,1225,1231,1240,1246,1255,1261,1270,1276,1285,1291,1300,1306,1315,1321,1330,1336,1345,1351,1360,1366,1375,1381,1390,1396,1405,1411,1420,1426,1435,1441,1450,1456,1465,1471,1481,1487,1496,1502,1511,1517,1526,1532,1541,1547,1556,1562,1571,1577,1586,1592,1601,1607,1616,1622,1631,1637,1646,1652,1661,1667
qt6/gen_qsizegrip.go
  s_64fea63fed100b::t_85d1db06d699ac 17-21,245-249,274-278,304-308,334-338,364-368,394-398,424-428,454-458,484-488,514-518,548-552,580-584,611-615,640-644,672-676,701-705,730-734,760-764,790-794,820-824,850-854,880-884,910-914,940-944,970-974,1000-1004,1030-1034,1060-1064,1090-1094,1120-1124,1150-1154,1180-1184,1210-1214,1247-1251,1285-1289,1315-1319,1347-1351,1377-1381,1409-1413,1438-1442,1470-1474,1502-1506,1534-1538,1564-1568,1594-1598,1624-1628,1654-1658
qt6/gen_qslider.cpp
  s_64fea63fed100b::t_911f7a7eaadf8e 1-2,49,114,118,122,129,133,137,144,148,153,160,164,170,177,181,187,194,198,204,211,215,221,228,232,238,245,249,256,263,267,273,280,284,290,297,301,307,314,318,324,331,335,339,346,350,356,363,367,372,379,383,387,394,398,402,409,413,419,426,430,436,443,447,453,460,464,470,477,481,487,494,498,504,511,515,521,528,532,538,545,549,555,562,566,572,579,583,589,596,600,606,613,617,623,630,634,640,647,651,657,664,668,674,681,685,691,698,702,708,715,719,732,739,743,749,756,760,766,773,777,782,789,793,797,804,808,814,821,825,831,838,842,847,854,858,864,871,875,881,888,892,898,905,909,917,924,928,936,1047,1053,1062,1068,1077,1083,1092,1098,1107,1113,1122,1128,1137,1143,1152,1158,1167,1173,1182,1188,1197,1203,1212,1218,1227,1233,1242,1248,1257,1263,1272,1278,1287,1293,1302,1308,1317,1323,1332,1338,1347,1353,1362,1368,1377,1383,1392,1398,1407,1413,1422,1428,1437,1443,1452,1458,1467,1473,1482,1488,1497,1503,1512,1518,1527,1533,1542,1548,1557,1563,1572,1578,1587,1593,1603,1609,1618,1624,1633,1639,1648,1654,1663,1669,1678,1684,1693,1699,1708,1714,1723,1729,1738,1744,1753,1759,1768,1774
qt6/gen_qslider.go
  s_64fea63fed100b::t_500c1d7c63ec35 28-32,322-326,353-357,382-386,414-418,444-448,474-478,504-508,534-538,564-568,594-598,624-628,654-658,684-688,714-718,743-747,773-777,805-809,834-838,863-867,893-897,923-927,953-957,983-987,1013-1017,1043-1047,1073-1077,1103-1107,1133-1137,1163-1167,1193-1197,1223-1227,1253-1257,1283-1287,1313-1317,1343-1347,1373-1377,1410-1414,1448-1452,1480-1484,1510-1514,1542-1546,1571-1575,1603-1607,1635-1639,1667-1671,1701-1705,1731-1735,1761-1765,1791-1795
qt6/gen_qsocketnotifier.cpp
  s_64fea63fed100b::t_0f65bcf45b2b51 1-2,21,45,49,54,61,65,71,78,82,88,95,99,105,112,116,122,129,133,141,148,152,160,261,267,276,282,291,297,306,312,321,327,336,342,351,357,409-412,417
qt6/gen_qsocketnotifier.go
  s_64fea63fed100b::t_ea421a459b4e61 25-29,219-223,251-255,285-289,315-319,345-349,375-379,405-409,428-431
qt6/gen_qsocketnotifier.h
  s_64fea63fed100b::t_7ba6c40fc8803b 75
qt6/gen_qsortfilterproxymodel.cpp
  s_64fea63fed100b::t_200702077f9700 1-2,34,108,112,118,125,129,136,143,147,154,161,165,172,179,183,190,197,201,209,216,220,228,235,239,249,256,260,269,276,280,287,294,298,307,314,318,325,332,336,343,350,354,361,368,372,380,387,391,402,409,413,421,428,432,443,450,454,468,475,479,491,498,502,511,518,522,531,538,542,551,558,562,571,578,582,590,597,601,608,615,619,626,633,637,644,651,655,669,683,687,694,701,705,713,720,724,728,747,751,755,762,766,770,777,781,786,793,797,804,817,821,843,850,854,861,868,872,884,891,895,899,906,910,914,929,933,946,953,957,970,977,981,990,997,1001,1006,1013,1017,1022,1029,1033,1039,1046,1050,1056,1063,1067,1073,1080,1084,1090,1097,1101,1109,1116,1120,1128,1463-1466,1469,1476-1479,1483,1490-1493,1497,1504-1507,1510,1517-1520,1523,1530-1533,1536,1543-1546,1549,1556-1559,1562,1588,1594,1603,1609,1618,1624,1633,1639,1648,1654,1663,1669,1678,1684,1693,1699,1708,1714,1723,1729,1738,1744,1753,1759,1768,1774,1783,1789,1798,1804,1813,1819,1828,1834,1843,1849,1858,1864,1879,1885,1894,1900,1909,1915,1924,1930,1939,1945,1954,1960,1969,1975,1984,1990,2000,2006,2015,2021,2039,2045,2054,2060,2069,2075,2100,2106,2116,2122,2131,2137,2146,2152,2175,2181,2196,2202,2211,2217,2226,2232,2242,2248,2276,2282,2291,2297,2306,2312,2321,2327,2336,2342,2351,2357,2366,2372,2381,2387,2396,2402,2411,2417,2426,2432
qt6/gen_qsortfilterproxymodel.go
  s_64fea63fed100b::t_1c0be442ea9fdb 17-21,375-378,397-400,419-422,441-444,463-466,485-488,507-510,529-532,964-968,996-1000,1030-1034,1064-1068,1098-1102,1130-1134,1164-1168,1198-1202,1234-1238,1272-1276,1306-1310,1342-1346,1374-1378,1406-1410,1440-1444,1474-1478,1512-1516,1548-1552,1592-1596,1632-1636,1672-1676,1708-1712,1744-1748,1780-1784,1816-1820,1846-1850,1878-1882,1912-1916,1952-1956,1999-2003,2031-2035,2072-2076,2109-2113,2138-2142,2167-2171,2207-2211,2267-2271,2314-2318,2346-2350,2386-2390,2428-2432,2477-2481,2517-2521,2557-2561,2591-2595,2618-2622,2650-2654,2684-2688,2714-2718,2744-2748,2774-2778,2804-2808
qt6/gen_qsortfilterproxymodel.h
  s_64fea63fed100b::t_dc981e495542c6 121,123,125,127,129,131,133,135
qt6/gen_qspinbox.cpp
  s_64fea63fed100b::t_61f64ba5c44739 1-2,51,109,180,184,189,196,200,213,220,224,236,243,247,252,261,265,278,285,289,293,300,304,308,315,319,325,332,336,342,349,353,358,365,369,375,382,386,392,399,403,409,416,420,426,433,437,443,450,454,460,467,471,477,484,488,494,501,505,511,518,522,528,535,539,545,552,556,562,569,573,579,586,590,596,603,607,613,620,624,630,637,641,647,654,658,662,669,673,677,684,688,694,701,705,710,717,721,725,732,736,740,747,751,757,764,768,774,781,785,791,798,802,808,815,819,825,832,836,842,849,853,859,866,870,876,883,887,893,900,904,910,917,921,934,941,945,951,958,962,968,975,979,984,991,995,999,1006,1010,1016,1023,1027,1032,1039,1043,1049,1056,1060,1066,1073,1077,1083,1090,1094,1102,1109,1113,1121,1272-1275,1278,1286-1289,1299,1325,1331,1340,1346,1357,1363,1373,1379,1395,1401,1411,1417,1426,1432,1441,1447,1456,1462,1471,1477,1486,1492,1501,1507,1516,1522,1531,1537,1546,1552,1561,1567,1576,1582,1591,1597,1606,1612,1621,1627,1636,1642,1651,1657,1666,1672,1681,1687,1696,1702,1711,1717,1726,1732,1741,1747,1757,1763,1772,1778,1787,1793,1802,1808,1817,1823,1832,1838,1847,1853,1862,1868,1877,1883,1892,1898,1907,1913,1922,1928,1937,1943,1952,1958,1967,1973,1982,1988,1998,2004,2013,2019,2028,2034,2043,2049,2058,2064,2073,2079,2088,2094,2103,2109,2118,2124,2133,2139,2148,2154,2296,2300,2313,2320,2324,2336,2343,2347,2352,2361,2365,2378,2385,2389,2393,2400,2404,2408,2415,2419,2424,2431,2435,2441,2448,2452,2458,2465,2469,2474,2481,2485,2491,2498,2502,2508,2515,2519,2525,2532,2536,2542,2549,2553,2559,2566,2570,2576,2583,2587,2593,2600,2604,2610,2617,2621,2627,2634,2638,2644,2651,2655,2661,2668,2672,2678,2685,2689,2695,2702,2706,2712,2719,2723,2729,2736,2740,2746,2753,2757,2763,2770,2774,2778,2785,2789,2793,2800,2804,2810,2817,2821,2826,2833,2837,2841,2848,2852,2856,2863,2867,2873,2880,2884,2890,2897,2901,2907,2914,2918,2924,2931,2935,2941,2948,2952,2958,2965,2969,2975,2982,2986,2992,2999,3003,3009,3016,3020,3026,3033,3037,3050,3057,3061,3067,3074,3078,3084,3091,3095,3100,3107,3111,3115,3122,3126,3132,3139,3143,3148,3155,3159,3165,3172,3176,3182,3189,3193,3199,3206,3210,3218,3225,3229,3237,3415-3418,3421,3429-3432,3442,3468,3474,3485,3491,3501,3507,3523,3529,3539,3545,3554,3560,3569,3575,3584,3590,3599,3605,3614,3620,3629,3635,3644,3650,3659,3665,3674,3680,3689,3695,3704,3710,3719,3725,3734,3740,3749,3755,3764,3770,3779,3785,3794,3800,3809,3815,3824,3830,3839,3845,3854,3860,3869,3875,3884,3890,3900,3906,3915,3921,3930,3936,3945,3951,3960,3966,3975,3981,3990,3996,4005,4011,4020,4026,4035,4041,4050,4056,4065,4071,4080,4086,4095,4101,4110,4116,4125,4131,4141,4147,4156,4162,4171,4177,4186,4192,4201,4207,4216,4222,4231,4237,4246,4252,4261,4267,4276,4282,4291,4297
qt6/gen_qspinbox.go
  s_64fea63fed100b::t_ba8f6532a4679c 17-21,181-184,207-210,405-409,441-445,481-485,518-522,557-561,592-596,623-627,654-658,686-690,716-720,743-747,773-777,803-807,833-837,863-867,893-897,923-927,953-957,983-987,1013-1017,1043-1047,1073-1077,1103-1107,1133-1137,1163-1167,1193-1197,1223-1227,1253-1257,1282-1286,1311-1315,1341-1345,1373-1377,1402-1406,1431-1435,1461-1465,1491-1495,1521-1525,1551-1555,1581-1585,1611-1615,1641-1645,1671-1675,1701-1705,1738-1742,1776-1780,1808-1812,1838-1842,1870-1874,1899-1903,1929-1933,1961-1965,1995-1999,2025-2029,2055-2059,2085-2089,2123-2127,2318-2321,2344-2347,2546-2550,2586-2590,2623-2627,2662-2666,2697-2701,2728-2732,2757-2761,2791-2795,2823-2827,2853-2857,2880-2884,2910-2914,2940-2944,2970-2974,3000-3004,3030-3034,3060-3064,3090-3094,3120-3124,3150-3154,3180-3184,3210-3214,3240-3244,3270-3274,3300-3304,3330-3334,3360-3364,3390-3394,3419-3423,3448-3452,3478-3482,3510-3514,3539-3543,3568-3572,3598-3602,3628-3632,3658-3662,3688-3692,3718-3722,3748-3752,3778-3782,3808-3812,3838-3842,3875-3879,3913-3917,3945-3949,3975-3979,4007-4011,4036-4040,4066-4070,4098-4102,4132-4136,4162-4166,4192-4196,4222-4226
qt6/gen_qspinbox.h
  s_64fea63fed100b::t_b99bc55632af07 125,127,285,287
qt6/gen_qsplashscreen.cpp
  s_64fea63fed100b::t_f7d80f43c8f1e8 1-2,50,117,121,126,133,137,143,150,154,160,167,171,175,182,186,192,199,203,207,214,218,222,229,233,238,245,249,253,260,264,268,275,279,285,292,296,302,309,313,319,326,330,336,343,347,353,360,364,370,377,381,387,394,398,404,411,415,421,428,432,438,445,449,455,462,466,472,479,483,489,496,500,506,513,517,523,530,534,540,547,551,557,564,568,574,581,585,591,598,602,608,615,619,625,632,636,642,649,653,659,666,670,683,690,694,700,707,711,717,724,728,734,741,745,750,757,761,765,772,776,782,789,793,799,806,810,815,822,826,832,839,843,849,856,860,866,873,877,883,890,894,902,909,913,921,1027-1030,1040,1076,1082,1091,1097,1106,1112,1121,1127,1136,1142,1151,1157,1166,1172,1181,1187,1196,1202,1211,1217,1226,1232,1241,1247,1256,1262,1271,1277,1286,1292,1301,1307,1316,1322,1331,1337,1346,1352,1361,1367,1376,1382,1391,1397,1406,1412,1421,1427,1436,1442,1451,1457,1466,1472,1481,1487,1496,1502,1511,1517,1526,1532,1541,1547,1556,1562,1571,1577,1587,1593,1602,1608,1617,1623,1632,1638,1647,1653,1662,1668,1677,1683,1692,1698,1707,1713,1722,1728,1737,1743,1752,1758,1767,1773,1782,1788
qt6/gen_qsplashscreen.go
  s_64fea63fed100b::t_23fb59f47cfe36 17-21,157-160,345-349,377-381,407-411,437-441,466-470,498-502,529-533,558-562,590-594,619-623,648-652,678-682,708-712,738-742,768-772,798-802,828-832,858-862,888-892,918-922,948-952,978-982,1008-1012,1038-1042,1068-1072,1098-1102,1128-1132,1158-1162,1188-1192,1218-1222,1248-1252,1278-1282,1308-1312,1345-1349,1383-1387,1413-1417,1445-1449,1475-1479,1507-1511,1536-1540,1568-1572,1600-1604,1632-1636,1666-1670,1696-1700,1726-1730,1756-1760,1786-1790
qt6/gen_qsplashscreen.h
  s_64fea63fed100b::t_6c048a17b45469 111
qt6/gen_qsplitter.cpp
  s_64fea63fed100b::t_122ad56c3174be 1-2,51,102,165,169,173,180,184,188,195,199,203,210,214,220,227,231,236,243,247,253,260,264,270,277,281,287,294,298,304,311,315,319,326,330,336,343,347,352,359,363,367,374,378,382,389,393,399,406,410,416,423,427,433,440,444,450,457,461,467,474,478,484,491,495,501,508,512,518,525,529,535,542,546,552,559,563,569,576,580,586,593,597,603,610,614,620,627,631,637,644,648,654,661,665,671,678,682,688,695,699,705,712,716,722,729,733,739,746,750,756,763,767,780,787,791,797,804,808,814,821,825,830,837,841,845,852,856,862,869,873,879,886,890,895,902,906,912,919,923,929,936,940,946,953,957,965,972,976,984,1175-1178,1182,1212,1218,1227,1233,1242,1248,1257,1263,1272,1278,1287,1293,1302,1308,1317,1323,1332,1338,1347,1353,1362,1368,1377,1383,1392,1398,1407,1413,1422,1428,1437,1443,1452,1458,1467,1473,1482,1488,1497,1503,1512,1518,1527,1533,1542,1548,1557,1563,1572,1578,1587,1593,1602,1608,1617,1623,1632,1638,1647,1653,1662,1668,1677,1683,1692,1698,1707,1713,1722,1728,1737,1743,1752,1758,1768,1774,1783,1789,1798,1804,1813,1819,1828,1834,1843,1849,1858,1864,1873,1879,1888,1894,1903,1909,1918,1924,1933,1939,2102,2106,2110,2117,2121,2127,2134,2138,2144,2151,2155,2161,2168,2172,2178,2185,2189,2195,2202,2206,2211,2218,2222,2226,2233,2237,2243,2250,2254,2258,2265,2269,2274,2281,2285,2289,2296,2300,2304,2311,2315,2321,2328,2332,2338,2345,2349,2355,2362,2366,2372,2379,2383,2389,2396,2400,2406,2413,2417,2423,2430,2434,2440,2447,2451,2457,2464,2468,2474,2481,2485,2491,2498,2502,2508,2515,2519,2525,2532,2536,2542,2549,2553,2559,2566,2570,2576,2583,2587,2593,2600,2604,2610,2617,2621,2627,2634,2638,2651,2658,2662,2668,2675,2679,2685,2692,2696,2702,2709,2713,2718,2725,2729,2733,2740,2744,2750,2757,2761,2767,2774,2778,2783,2790,2794,2800,2807,2811,2817,2824,2828,2834,2841,2845,2851,2858,2862,2870,2877,2881,2889,2980,2986,2995,3001,3010,3016,3025,3031,3040,3046,3055,3061,3070,3076,3085,3091,3100,3106,3115,3121,3130,3136,3145,3151,3160,3166,3175,3181,3190,3196,3205,3211,3220,3226,3235,3241,3250,3256,3265,3271,3280,3286,3295,3301,3310,3316,3325,3331,3340,3346,3355,3361,3370,3376,3385,3391,3400,3406,3415,3421,3430,3436,3445,3451,3460,3466,3476,3482,3491,3497,3506,3512,3521,3527,3536,3542,3551,3557,3566,3572,3581,3587,3596,3602,3611,3617,3626,3632,3641,3647,3656,3662,3671,3677
qt6/gen_qsplitter.go
  s_64fea63fed100b::t_122df6e6126d23 17-21,234-237,461-465,492-496,521-525,550-554,580-584,612-616,642-646,672-676,702-706,732-736,761-765,791-795,823-827,852-856,881-885,911-915,941-945,971-975,1001-1005,1031-1035,1061-1065,1091-1095,1121-1125,1151-1155,1181-1185,1211-1215,1241-1245,1271-1275,1301-1305,1331-1335,1361-1365,1391-1395,1421-1425,1451-1455,1481-1485,1511-1515,1548-1552,1586-1590,1618-1622,1648-1652,1680-1684,1709-1713,1741-1745,1773-1777,1805-1809,1839-1843,1869-1873,1899-1903,1929-1933,1967-1971,2233-2237,2262-2266,2292-2296,2322-2326,2352-2356,2382-2386,2412-2416,2444-2448,2473-2477,2505-2509,2534-2538,2566-2570,2595-2599,2624-2628,2654-2658,2684-2688,2714-2718,2744-2748,2774-2778,2804-2808,2834-2838,2864-2868,2894-2898,2924-2928,2954-2958,2984-2988,3014-3018,3044-3048,3074-3078,3104-3108,3134-3138,3164-3168,3201-3205,3239-3243,3269-3273,3301-3305,3331-3335,3363-3367,3392-3396,3424-3428,3456-3460,3488-3492,3522-3526,3552-3556,3582-3586,3612-3616,3642-3646
qt6/gen_qsplitter.h
  s_64fea63fed100b::t_f91a395d2e1861 128
qt6/gen_qstackedlayout.cpp
  s_64fea63fed100b::t_d5a6734a7d708c 1-2,26,73,77,81,88,92,98,105,109,113,120,124,128,135,139,144,151,155,160,167,171,179,186,190,194,201,205,210,217,221,225,232,236,242,249,253,258,265,269,273,280,284,288,295,299,303,310,314,319,326,330,334,341,345,349,356,360,368,375,379,383,390,394,400,407,411,416,423,427,433,440,444,450,457,461,467,474,478,486,493,497,505,512,516,521,528,532,536,543,547,551,673-676,679,686-689,692,726,732,741,747,756,762,771,777,786,792,801,807,816,822,831,837,846,852,861,867,876,882,891,897,906,912,921,927,937,943,952,958,967,973,982,988,998,1004,1013,1019,1028,1034,1043,1049,1058,1064,1073,1079,1088,1094,1103,1109,1118,1124,1133,1139,1148,1154,1163,1169
qt6/gen_qstackedlayout.go
  s_64fea63fed100b::t_af3c1ee109ff33 24-28,173-176,195-198,374-378,403-407,435-439,466-470,495-499,527-531,559-563,589-593,618-622,650-654,679-683,709-713,738-742,767-771,798-802,827-831,859-863,888-892,917-921,953-957,982-986,1012-1016,1044-1048,1078-1082,1108-1112,1138-1142,1168-1172,1198-1202,1230-1234,1259-1263
qt6/gen_qstackedlayout.h
  s_64fea63fed100b::t_cd9122b34bf158 71,73
qt6/gen_qstackedwidget.cpp
  s_64fea63fed100b::t_852766d6b24aa3 1-2,49,113,117,122,129,133,137,144,148,154,161,165,171,178,182,188,195,199,203,210,214,220,227,231,235,242,246,251,258,262,266,273,277,281,288,292,298,305,309,315,322,326,332,339,343,349,356,360,366,373,377,383,390,394,400,407,411,417,424,428,434,441,445,451,458,462,468,475,479,485,492,496,502,509,513,519,526,530,536,543,547,553,560,564,570,577,581,587,594,598,604,611,615,621,628,632,638,645,649,655,662,666,672,679,683,696,703,707,713,720,724,730,737,741,746,753,757,761,768,772,778,785,789,795,802,806,811,818,822,828,835,839,845,852,856,862,869,873,879,886,890,898,905,909,917,1011-1014,1017,1024-1027,1030,1056,1062,1071,1077,1086,1092,1101,1107,1116,1122,1131,1137,1146,1152,1161,1167,1176,1182,1191,1197,1206,1212,1221,1227,1236,1242,1251,1257,1266,1272,1281,1287,1296,1302,1311,1317,1326,1332,1341,1347,1356,1362,1371,1377,1386,1392,1401,1407,1416,1422,1431,1437,1446,1452,1461,1467,1476,1482,1491,1497,1506,1512,1521,1527,1536,1542,1551,1557,1566,1572,1582,1588,1597,1603,1612,1618,1627,1633,1642,1648,1657,1663,1672,1678,1687,1693,1702,1708,1717,1723,1732,1738,1747,1753,1762,1768
qt6/gen_qstackedwidget.go
  s_64fea63fed100b::t_f485e38de450be 17-21,132-135,154-157,335-339,369-373,398-402,428-432,458-462,488-492,517-521,549-553,578-582,610-614,639-643,668-672,698-702,728-732,758-762,788-792,818-822,848-852,878-882,908-912,938-942,968-972,998-1002,1028-1032,1058-1062,1088-1092,1118-1122,1148-1152,1178-1182,1208-1212,1238-1242,1268-1272,1298-1302,1328-1332,1365-1369,1403-1407,1435-1439,1465-1469,1497-1501,1526-1530,1558-1562,1590-1594,1622-1626,1656-1660,1686-1690,1716-1720,1746-1750,1776-1780
qt6/gen_qstackedwidget.h
  s_64fea63fed100b::t_01dfad6f63456c 108,110
qt6/gen_qstandarditemmodel.cpp
  s_64fea63fed100b::t_6ccf4eae9fb796 1-2,35,44,106,110,115,122,126,132,139,143,152,159,163,167,174,178,182,189,193,201,208,212,220,227,231,238,724,730,739,745,754,760,769,775,784,790,799,805,814,820,829,835,869,873,877,892,896,905,912,916,923,930,934,941,948,952,959,966,970,977,984,988,996,1003,1007,1016,1023,1027,1038,1045,1049,1056,1063,1067,1075,1082,1086,1097,1104,1108,1117,1124,1128,1137,1144,1148,1157,1164,1168,1177,1184,1188,1195,1202,1206,1210,1217,1221,1228,1241,1245,1267,1274,1278,1286,1293,1297,1301,1320,1324,1338,1345,1349,1361,1368,1372,1381,1388,1392,1404,1411,1415,1419,1426,1430,1443,1450,1454,1467,1474,1478,1486,1493,1497,1504,1511,1515,1522,1529,1533,1547,1561,1565,1572,1579,1583,1587,1594,1598,1603,1610,1614,1619,1626,1630,1635,1642,1646,1652,1659,1663,1669,1676,1680,1686,1693,1697,1703,1710,1714,1722,1729,1733,1741,2186-2189,2192,2262,2268,2296,2302,2311,2317,2326,2332,2341,2347,2356,2362,2371,2377,2386,2392,2401,2407,2416,2422,2431,2437,2446,2452,2461,2467,2476,2482,2491,2497,2506,2512,2521,2527,2537,2543,2553,2559,2582,2588,2603,2609,2618,2624,2649,2655,2670,2676,2685,2691,2700,2706,2715,2721,2731,2737,2746,2752,2761,2767,2776,2782,2791,2797,2806,2812,2830,2836,2845,2851,2860,2866,2875,2881,2890,2896,2905,2911,2920,2926,2935,2941,2950,2956,2965,2971,2980,2986
qt6/gen_qstandarditemmodel.go
  s_64fea63fed100b::t_a03e5bf1fda558 24-28,571-575,603-607,635-639,667-671,696-700,725-729,755-759,785-789,825-829,1298-1301,1738-1742,1789-1793,1827-1831,1859-1863,1891-1895,1923-1927,1957-1961,1991-1995,2025-2029,2061-2065,2095-2099,2131-2135,2169-2173,2205-2209,2241-2245,2277-2281,2313-2317,2345-2349,2387-2391,2447-2451,2494-2498,2535-2539,2578-2582,2618-2622,2660-2664,2696-2700,2736-2740,2765-2769,2805-2809,2845-2849,2875-2879,2909-2913,2949-2953,2996-3000,3028-3032,3057-3061,3084-3088,3111-3115,3143-3147,3177-3181,3207-3211,3237-3241,3267-3271,3297-3301
qt6/gen_qstandarditemmodel.h
  s_64fea63fed100b::t_86dba919173b59 238
qt6/gen_qstatusbar.cpp
  s_64fea63fed100b::t_bbaa546c5b541a 1-2,47,109,113,119,126,130,136,143,147,153,160,164,169,176,180,184,191,195,201,208,212,216,223,227,231,238,242,247,254,258,262,269,273,277,284,288,294,301,305,311,318,322,328,335,339,345,352,356,362,369,373,379,386,390,396,403,407,413,420,424,430,437,441,447,454,458,464,471,475,481,488,492,498,505,509,515,522,526,532,539,543,549,556,560,566,573,577,583,590,594,600,607,611,617,624,628,634,641,645,658,665,669,675,682,686,692,699,703,709,716,720,725,732,736,740,747,751,757,764,768,774,781,785,790,797,801,807,814,818,824,831,835,841,848,852,858,865,869,877,884,888,896,1000-1003,1013,1060,1066,1075,1081,1090,1096,1105,1111,1120,1126,1135,1141,1150,1156,1165,1171,1180,1186,1195,1201,1210,1216,1225,1231,1240,1246,1255,1261,1270,1276,1285,1291,1300,1306,1315,1321,1330,1336,1345,1351,1360,1366,1375,1381,1390,1396,1405,1411,1420,1426,1435,1441,1450,1456,1465,1471,1480,1486,1495,1501,1510,1516,1525,1531,1540,1546,1556,1562,1571,1577,1586,1592,1601,1607,1616,1622,1631,1637,1646,1652,1661,1667,1676,1682,1691,1697,1706,1712,1721,1727,1736,1742,1751,1757
qt6/gen_qstatusbar.go
  s_64fea63fed100b::t_dec02242385035 17-21,143-146,363-367,393-397,423-427,453-457,485-489,514-518,546-550,577-581,606-610,638-642,667-671,696-700,726-730,756-760,786-790,816-820,846-850,876-880,906-910,936-940,966-970,996-1000,1026-1030,1056-1060,1086-1090,1116-1120,1146-1150,1176-1180,1206-1210,1236-1240,1266-1270,1296-1300,1333-1337,1371-1375,1401-1405,1433-1437,1463-1467,1495-1499,1524-1528,1556-1560,1588-1592,1620-1624,1654-1658,1684-1688,1714-1718,1744-1748,1774-1778
qt6/gen_qstatusbar.h
  s_64fea63fed100b::t_5fa597d1a29a66 104
qt6/gen_qstringlistmodel.cpp
  s_64fea63fed100b::t_11c688139259cd 1-2,32,89,93,100,107,111,120,127,131,139,146,150,161,168,172,179,186,190,197,204,208,217,224,228,237,244,248,261,268,272,279,292,296,318,325,329,337,344,348,352,359,363,372,379,383,395,402,406,414,421,425,436,443,447,451,470,474,488,495,499,511,518,522,526,533,537,546,553,557,566,573,577,590,597,601,609,616,620,627,634,638,645,652,656,670,684,688,695,702,706,710,725,729,738,745,749,753,760,764,769,776,780,785,792,796,801,808,812,818,825,829,835,842,846,852,859,863,869,876,880,888,895,899,907,1121,1127,1136,1142,1151,1157,1166,1172,1181,1187,1196,1202,1212,1218,1227,1233,1242,1248,1257,1263,1286,1292,1307,1313,1322,1328,1338,1344,1353,1359,1368,1374,1383,1389,1398,1404,1429,1435,1450,1456,1465,1471,1481,1487,1496,1502,1511,1517,1526,1532,1541,1547,1556,1562,1571,1577,1595,1601,1610,1616,1644,1650,1659,1665,1674,1680,1689,1695,1704,1710,1719,1725,1734,1740,1749,1755,1764,1770,1779,1785,1794,1800
qt6/gen_qstringlistmodel.go
  s_64fea63fed100b::t_94897a275f549e 17-21,596-600,630-634,668-672,702-706,738-742,770-774,802-806,838-842,874-878,927-931,987-991,1034-1038,1066-1070,1097-1101,1133-1137,1175-1179,1211-1215,1258-1262,1301-1305,1341-1345,1381-1385,1410-1414,1446-1450,1482-1486,1522-1526,1552-1556,1586-1590,1626-1630,1673-1677,1718-1722,1767-1771,1801-1805,1830-1834,1857-1861,1884-1888,1916-1920,1950-1954,1980-1984,2010-2014,2040-2044,2070-2074
qt6/gen_qstyle.cpp
  s_64fea63fed100b::t_c7ed6d53c08f4a 1-2,33,76,80,86,93,97,103,110,114,120,127,131,137,144,148,156,163,167,187,194,198,209,216,220,244,251,255,268,275,279,283,290,294,303,308,312,321,326,330,338,343,347,356,361,365,376,381,385,395,400,404,412,417,421,432,437,441,450,455,459,467,472,476,484,489,493,503,508,512,524,529,533,538,545,549,555,562,566,572,579,583,589,596,600,606,613,617,625,632,636,644,862,868,877,883,892,898,907,913,922,928,937,943,953,959,968,974,984,990,999,1005,1014,1020,1025,1031,1036,1042,1047,1053,1058,1064,1069,1075,1080,1086,1091,1097,1102,1108,1113,1119,1124,1130,1135,1141,1146,1152,1157,1163,1172,1178,1187,1193,1202,1208,1217,1223,1232,1238,1247,1253
qt6/gen_qstyle.go
  s_64fea63fed100b::t_7555f89819d0a4 636-640,967-971,997-1001,1027-1031,1057-1061,1087-1091,1123-1127,1168-1172,1208-1212,1252-1256,1290-1294,1313-1317,1343-1347,1373-1377,1403-1407,1433-1437,1465-1469,1497-1501,1527-1531,1559-1563,1591-1595,1621-1625,1651-1655,1681-1685,1721-1725,1753-1757,1787-1791,1817-1821,1847-1851,1877-1881,1907-1911
qt6/gen_qstyleditemdelegate.cpp
  s_64fea63fed100b::t_2f6920a1e4a20b 1-2,33,66,70,82,89,93,103,110,114,125,132,136,145,152,156,166,173,177,189,196,200,210,219,223,232,239,243,249,256,260,272,279,283,292,299,303,315,322,326,330,344,348,353,360,364,370,377,381,387,394,398,404,411,415,423,430,434,442,552,558,567,573,582,588,597,603,612,618,627,633,642,648,664,670,679,685,694,700,709,715,724,730,739,745,763,769,778,784,793,799,808,814,823,829,838,844
qt6/gen_qstyleditemdelegate.go
  s_64fea63fed100b::t_8e1d6499a85c0c 17-21,216-220,252-256,286-290,322-326,354-358,388-392,424-428,461-465,493-497,527-531,565-569,597-601,641-645,675-679,707-711,737-741,767-771,797-801,827-831
qt6/gen_qstylehints.cpp
  s_64fea63fed100b::t_9834181e3868b2 1-2,18,199-202,205,212-215,218,225-228,231,238-241,244,251-254,257,264-267,270,277-280,284,291-294,297,304-307,310,317-320,323,330-333,336
qt6/gen_qstylehints.go
  s_64fea63fed100b::t_973783b976f3d7 17-21,218-221,240-243,262-265,284-287,306-309,328-331,350-353,372-375,394-397,416-419,438-441
qt6/gen_qstylehints.h
  s_64fea63fed100b::t_f1bd960df3e3f0 70,72,74,76,78,80,82,84,86,88,90
qt6/gen_qstyleplugin.cpp
  s_64fea63fed100b::t_3855cb644976cd 1-2,21,43,47,59,64,68,73,80,84,90,97,101,107,114,118,124,131,135,141,148,152,160,167,171,179,251,257,262,268,277,283,292,298,307,313,322,328,337,343,352,358
qt6/gen_qstyleplugin.go
  s_64fea63fed100b::t_2df73d9d90de9f 17-21,177-181,212-216,244-248,278-282,308-312,338-342,368-372,398-402
qt6/gen_qsyntaxhighlighter.cpp
  s_64fea63fed100b::t_47d6ac6cdc51a5 1-2,26,48,52,64,69,73,78,85,89,95,102,106,112,119,123,129,136,140,146,153,157,165,172,176,184,277,283,288,294,303,309,318,324,333,339,348,354,363,369,378,384
qt6/gen_qsyntaxhighlighter.go
  s_64fea63fed100b::t_647a091176e197 17-21,319-323,352-356,384-388,418-422,448-452,478-482,508-512,538-542
qt6/gen_qsystemtrayicon.cpp
  s_64fea63fed100b::t_4f58ed61d23579 1-2,23,48,52,57,64,68,74,81,85,91,98,102,108,115,119,125,132,136,144,151,155,163,291-294,298,305-308,310,354,360,369,375,384,390,399,405,414,420,429,435,444,450
qt6/gen_qsystemtrayicon.go
  s_64fea63fed100b::t_d53e36a2ae097e 36-40,210-213,232-235,370-374,402-406,436-440,466-470,496-500,526-530,556-560
qt6/gen_qsystemtrayicon.h
  s_64fea63fed100b::t_f3aaeaec421541 65,67
qt6/gen_qtabbar.cpp
  s_64fea63fed100b::t_83d5b0ce70833b 1-2,51,123,127,131,138,142,146,153,157,162,169,173,178,185,189,195,202,206,212,219,223,228,235,239,244,251,255,261,268,272,278,285,289,295,302,306,312,319,323,329,336,340,346,353,357,363,370,374,380,387,391,397,404,408,414,421,425,431,438,442,448,455,459,466,473,477,481,488,492,498,505,509,514,521,525,529,536,540,544,551,555,561,568,572,578,585,589,595,602,606,612,619,623,629,636,640,646,653,657,663,670,674,680,687,691,697,704,708,714,721,725,731,738,742,748,755,759,765,772,776,782,789,793,806,813,817,823,830,834,840,847,851,856,863,867,871,878,882,888,895,899,905,912,916,921,928,932,938,945,949,955,962,966,972,979,983,991,998,1002,1010,1330-1333,1336,1343-1346,1349,1356-1359,1363,1370-1373,1376,1383-1386,1389,1415,1421,1430,1436,1445,1451,1460,1466,1475,1481,1490,1496,1505,1511,1520,1526,1535,1541,1550,1556,1565,1571,1580,1586,1595,1601,1610,1616,1625,1631,1640,1646,1655,1661,1670,1676,1685,1691,1700,1706,1715,1721,1730,1736,1745,1751,1760,1766,1775,1781,1790,1796,1805,1811,1820,1826,1835,1841,1850,1856,1865,1871,1880,1886,1895,1901,1910,1916,1925,1931,1940,1946,1955,1961,1970,1976,1985,1991,2000,2006,2015,2021,2031,2037,2046,2052,2061,2067,2076,2082,2091,2097,2106,2112,2121,2127,2136,2142,2151,2157,2166,2172,2181,2187,2196,2202
qt6/gen_qtabbar.go
  s_64fea63fed100b::t_9c552559f3a976 45-49,406-409,428-431,450-453,474-477,496-499,667-671,698-702,729-733,763-767,795-799,825-829,855-859,882-886,914-918,944-948,974-978,1004-1008,1034-1038,1064-1068,1094-1098,1124-1128,1154-1158,1184-1188,1214-1218,1244-1248,1274-1278,1306-1310,1335-1339,1365-1369,1397-1401,1426-1430,1455-1459,1485-1489,1515-1519,1545-1549,1575-1579,1605-1609,1635-1639,1665-1669,1695-1699,1725-1729,1755-1759,1785-1789,1815-1819,1845-1849,1882-1886,1920-1924,1952-1956,1982-1986,2014-2018,2043-2047,2075-2079,2107-2111,2139-2143,2173-2177,2203-2207,2233-2237,2263-2267
qt6/gen_qtabbar.h
  s_64fea63fed100b::t_90095e0db2e308 159,161,163,165,167
qt6/gen_qtableview.cpp
  s_64fea63fed100b::t_95aeff22ce7baf 1-2,62,167,171,177,184,188,196,203,207,213,220,224,229,236,240,247,254,258,268,275,279,286,293,297,304,311,315,321,328,332,338,345,349,355,362,366,370,377,381,385,392,396,404,411,415,425,432,436,443,450,454,458,472,476,481,488,492,496,503,507,512,519,523,528,535,539,545,552,556,562,569,573,580,587,591,602,609,613,624,631,635,648,655,659,666,673,677,683,690,694,699,706,710,715,722,726,747,754,758,768,775,779,789,796,800,805,812,816,821,828,832,838,845,849,855,862,866,874,881,885,891,898,902,908,915,919,929,936,940,948,955,959,966,973,977,982,989,993,998,1005,1009,1014,1021,1025,1031,1038,1042,1048,1055,1059,1065,1072,1076,1082,1089,1093,1099,1106,1110,1116,1123,1127,1133,1140,1144,1150,1157,1161,1167,1174,1178,1184,1191,1195,1201,1208,1212,1218,1225,1229,1235,1242,1246,1252,1259,1263,1267,1274,1278,1282,1289,1293,1299,1306,1310,1316,1323,1327,1333,1340,1344,1350,1357,1361,1367,1374,1378,1382,1389,1393,1399,1406,1410,1415,1422,1426,1430,1437,1441,1445,1452,1456,1462,1469,1473,1479,1486,1490,1496,1503,1507,1513,1520,1524,1530,1537,1541,1547,1554,1558,1564,1571,1575,1581,1588,1592,1598,1605,1609,1622,1629,1633,1639,1646,1650,1656,1663,1667,1672,1679,1683,1687,1694,1698,1704,1711,1715,1721,1728,1732,1740,1747,1751,1759,2044,2050,2059,2065,2074,2080,2089,2095,2104,2110,2119,2125,2134,2140,2149,2155,2164,2170,2179,2185,2194,2200,2209,2215,2224,2230,2239,2245,2254,2260,2269,2275,2284,2290,2308,2314,2323,2329,2338,2344,2353,2359,2368,2374,2383,2389,2398,2404,2413,2419,2428,2434,2443,2449,2459,2465,2474,2480,2489,2495,2504,2510,2519,2525,2540,2546,2555,2561,2570,2576,2585,2591,2600,2606,2615,2621,2630,2636,2645,2651,2660,2666,2675,2681,2690,2696,2706,2712,2721,2727,2736,2742,2751,2757,2766,2772,2781,2787,2796,2802,2811,2817,2826,2832,2841,2847,2856,2862,2871,2877,2886,2892,2901,2907,2916,2922,2931,2937,2946,2952,2961,2967,2976,2982,2991,2997,3006,3012,3021,3027,3036,3042,3051,3057,3066,3072,3081,3087,3096,3102,3111,3117,3126,3132,3141,3147,3156,3162,3171,3177,3186,3192,3201,3207,3216,3222,3231,3237,3246,3252,3261,3267,3276,3282,3291,3297,3307,3313,3322,3328,3337,3343,3352,3358,3367,3373,3382,3388,3397,3403,3412,3418
qt6/gen_qtableview.go
  s_64fea63fed100b::t_87f743c412ee2d 17-21,687-691,717-721,747-751,777-781,806-810,838-842,872-876,904-908,936-940,966-970,996-1000,1026-1030,1055-1059,1086-1090,1120-1124,1154-1158,1194-1198,1228-1232,1257-1261,1286-1290,1318-1322,1350-1354,1380-1384,1410-1414,1442-1446,1474-1478,1510-1514,1543-1547,1577-1581,1609-1613,1636-1640,1669-1673,1709-1713,1743-1747,1777-1781,1804-1808,1831-1835,1861-1865,1891-1895,1923-1927,1953-1957,1983-1987,2019-2023,2053-2057,2083-2087,2115-2119,2147-2151,2179-2183,2209-2213,2239-2243,2269-2273,2299-2303,2329-2333,2359-2363,2389-2393,2419-2423,2449-2453,2479-2483,2509-2513,2539-2543,2569-2573,2605-2609,2636-2640,2665-2669,2695-2699,2725-2729,2755-2759,2785-2789,2815-2819,2844-2848,2874-2878,2906-2910,2935-2939,2964-2968,2994-2998,3024-3028,3054-3058,3084-3088,3114-3118,3144-3148,3174-3178,3204-3208,3241-3245,3279-3283,3311-3315,3341-3345,3373-3377,3402-3406,3432-3436,3462-3466,3492-3496
qt6/gen_qtablewidget.cpp
  s_64fea63fed100b::t_146fbcd6ed5a34 1-2,68,75,239,243,247,254,258,263,270,274,283,290,294,301,308,312,320,327,331,339,570,576,585,591,600,606,615,621,630,636,645,651,674,678,683,690,694,698,717,721,735,742,746,755,762,766,770,777,781,787,794,798,806,813,817,823,830,834,839,846,850,857,864,868,878,885,889,896,903,907,914,921,925,931,938,942,948,955,959,965,972,976,980,987,991,995,1002,1006,1014,1021,1025,1035,1042,1046,1053,1060,1064,1068,1082,1086,1091,1098,1102,1106,1113,1117,1122,1129,1133,1138,1145,1149,1155,1162,1166,1172,1179,1183,1190,1197,1201,1212,1219,1223,1234,1241,1245,1258,1265,1269,1276,1283,1287,1293,1300,1304,1309,1316,1320,1325,1332,1336,1357,1364,1368,1378,1385,1389,1399,1406,1410,1415,1422,1426,1431,1438,1442,1448,1455,1459,1465,1472,1476,1484,1491,1495,1501,1508,1512,1518,1525,1529,1539,1546,1550,1558,1565,1569,1576,1583,1587,1592,1599,1603,1608,1615,1619,1625,1632,1636,1642,1649,1653,1659,1666,1670,1676,1683,1687,1693,1700,1704,1710,1717,1721,1727,1734,1738,1744,1751,1755,1761,1768,1772,1778,1785,1789,1795,1802,1806,1812,1819,1823,1829,1836,1840,1844,1851,1855,1859,1866,1870,1876,1883,1887,1893,1900,1904,1910,1917,1921,1927,1934,1938,1944,1951,1955,1959,1966,1970,1976,1983,1987,1992,1999,2003,2007,2014,2018,2022,2029,2033,2039,2046,2050,2056,2063,2067,2073,2080,2084,2090,2097,2101,2107,2114,2118,2124,2131,2135,2141,2148,2152,2158,2165,2169,2175,2182,2186,2199,2206,2210,2216,2223,2227,2233,2240,2244,2249,2256,2260,2264,2271,2275,2281,2288,2292,2298,2305,2309,2317,2324,2328,2336,2688-2691,2694,2701-2704,2707,2714-2717,2720,2727-2730,2733,2740-2743,2746,2753-2756,2759,2766-2769,2773,2780-2783,2785,2792-2795,2799,2806-2809,2813,2820-2823,2827,2834-2837,2841,2848-2851,2855,2862-2865,2869,2876-2879,2885,2919,2925,2934,2940,2965,2971,2986,2992,3001,3007,3017,3023,3032,3038,3047,3053,3062,3068,3077,3083,3092,3098,3107,3113,3122,3128,3137,3143,3152,3158,3167,3173,3182,3188,3197,3203,3212,3218,3227,3233,3242,3248,3257,3263,3281,3287,3296,3302,3311,3317,3326,3332,3341,3347,3356,3362,3371,3377,3386,3392,3401,3407,3416,3422,3432,3438,3447,3453,3462,3468,3477,3483,3492,3498,3513,3519,3528,3534,3543,3549,3558,3564,3573,3579,3588,3594,3603,3609,3618,3624,3633,3639,3648,3654,3663,3669,3679,3685,3694,3700,3709,3715,3724,3730,3739,3745,3754,3760,3769,3775,3784,3790,3799,3805,3814,3820,3829,3835,3844,3850,3859,3865,3874,3880,3889,3895,3904,3910,3919,3925,3934,3940,3949,3955,3964,3970,3979,3985,3994,4000,4009,4015,4024,4030,4039,4045,4054,4060,4069,4075,4084,4090,4099,4105,4114,4120,4129,4135,4144,4150,4159,4165,4174,4180,4189,4195,4204,4210,4219,4225,4234,4240,4250,4256,4265,4271,4280,4286,4295,4301,4310,4316,4325,4331,4340,4346,4355,4361
qt6/gen_qtablewidget.go
  s_64fea63fed100b::t_c3e71d6568cd79 106-110,403-407,434-438,466-470,498-502,530-534,560-564,598-602,959-962,981-984,1003-1006,1025-1028,1047-1050,1069-1072,1091-1094,1115-1118,1134-1137,1158-1161,1182-1185,1206-1209,1230-1233,1254-1257,1278-1281,1713-1717,1754-1758,1797-1801,1835-1839,1873-1877,1902-1906,1932-1936,1962-1966,1992-1996,2021-2025,2053-2057,2087-2091,2119-2123,2151-2155,2181-2185,2211-2215,2241-2245,2270-2274,2301-2305,2335-2339,2369-2373,2409-2413,2443-2447,2472-2476,2501-2505,2533-2537,2565-2569,2595-2599,2625-2629,2657-2661,2689-2693,2725-2729,2758-2762,2792-2796,2824-2828,2851-2855,2884-2888,2924-2928,2958-2962,2992-2996,3019-3023,3046-3050,3076-3080,3106-3110,3138-3142,3168-3172,3198-3202,3234-3238,3268-3272,3298-3302,3330-3334,3362-3366,3392-3396,3422-3426,3452-3456,3482-3486,3512-3516,3542-3546,3572-3576,3602-3606,3632-3636,3662-3666,3692-3696,3722-3726,3758-3762,3789-3793,3818-3822,3848-3852,3878-3882,3908-3912,3938-3942,3968-3972,3997-4001,4027-4031,4059-4063,4088-4092,4117-4121,4147-4151,4177-4181,4207-4211,4237-4241,4267-4271,4297-4301,4327-4331,4357-4361,4394-4398,4432-4436,4464-4468,4494-4498,4526-4530,4555-4559,4585-4589,4615-4619,4645-4649
qt6/gen_qtablewidget.h
  s_64fea63fed100b::t_76a4dab75ef00c 264,266,268,270,272,274,276,278,280,282,284,286,288,290,292
qt6/gen_qtabwidget.cpp
  s_64fea63fed100b::t_e73e37b8011aa3 1-2,50,118,122,126,133,137,141,148,152,157,164,168,172,179,183,189,196,200,206,213,217,223,230,234,240,247,251,257,264,268,274,281,285,291,298,302,307,314,318,324,331,335,339,346,350,356,363,367,371,378,382,388,395,399,405,412,416,422,429,433,439,446,450,456,463,467,473,480,484,490,497,501,507,514,518,524,531,535,541,548,552,558,565,569,575,582,586,592,599,603,609,616,620,626,633,637,643,650,654,660,667,671,677,684,688,694,701,705,711,718,722,735,742,746,752,759,763,769,776,780,785,792,796,800,807,811,817,824,828,834,841,845,850,857,861,867,874,878,884,891,895,901,908,912,918,925,929,937,944,948,956,1241-1244,1247,1254-1257,1260,1267-1270,1273,1280-1283,1286,1320,1326,1335,1341,1350,1356,1365,1371,1380,1386,1395,1401,1410,1416,1425,1431,1440,1446,1455,1461,1470,1476,1485,1491,1500,1506,1515,1521,1530,1536,1545,1551,1560,1566,1575,1581,1590,1596,1605,1611,1620,1626,1635,1641,1650,1656,1665,1671,1680,1686,1695,1701,1710,1716,1725,1731,1740,1746,1755,1761,1770,1776,1785,1791,1800,1806,1815,1821,1830,1836,1845,1851,1860,1866,1876,1882,1891,1897,1906,1912,1921,1927,1936,1942,1951,1957,1966,1972,1981,1987,1996,2002,2011,2017,2026,2032,2041,2047,2056,2062
qt6/gen_qtabwidget.go
  s_64fea63fed100b::t_dae22d1c04bd1f 33-37,353-356,375-378,397-400,419-422,610-614,641-645,670-674,702-706,731-735,761-765,791-795,821-825,851-855,881-885,911-915,941-945,973-977,1003-1007,1032-1036,1062-1066,1091-1095,1121-1125,1151-1155,1181-1185,1211-1215,1241-1245,1271-1275,1301-1305,1331-1335,1361-1365,1391-1395,1421-1425,1451-1455,1481-1485,1511-1515,1541-1545,1571-1575,1601-1605,1631-1635,1661-1665,1698-1702,1736-1740,1768-1772,1798-1802,1830-1834,1859-1863,1891-1895,1923-1927,1955-1959,1989-1993,2019-2023,2049-2053,2079-2083,2109-2113
qt6/gen_qtabwidget.h
  s_64fea63fed100b::t_af1b0538c42a0c 150,152,154,156
qt6/gen_qtemporaryfile.cpp
  s_64fea63fed100b::t_92234a9817b98f 1-2,24,68,72,76,85,89,95,102,106,110,117,121,127,134,138,142,149,153,159,166,170,175,182,186,190,197,201,205,212,216,222,229,233,237,244,248,255,262,266,273,280,284,291,298,302,306,313,317,321,328,332,336,343,347,351,358,362,367,374,378,383,390,394,400,407,411,416,423,427,433,440,444,450,457,461,467,474,478,484,491,495,503,510,514,522,654,660,676,682,691,697,707,713,722,728,738,744,753,759,768,774,783,789,799,805,814,820,829,835,845,851,861,867,877,883,892,898,908,914,924,930,939,945,954,960,969,975,985,991,1000,1006,1015,1021,1030,1036,1045,1051,1060,1066,1075,1081
qt6/gen_qtemporaryfile.go
  s_64fea63fed100b::t_73ab9a23faf398 17-21,279-283,311-315,343-347,372-376,404-408,433-437,465-469,492-496,521-525,550-554,582-586,613-617,650-654,687-691,722-726,751-755,780-784,809-813,838-842,870-874,902-906,934-938,966-970,1000-1004,1030-1034,1060-1064,1090-1094,1120-1124
qt6/gen_qtestsupport_widgets.cpp
  s_64fea63fed100b::t_1e34eab6b48ce1 1-2,15,30,34,39,46,50,55,125,131,142,148
qt6/gen_qtestsupport_widgets.go
  s_64fea63fed100b::t_88223434664ab8 17-21,134-138,166-170
qt6/gen_qtextbrowser.cpp
  s_64fea63fed100b::t_58a90b437b9da9 1-2,56,138,142,150,157,161,166,173,177,182,189,193,198,205,209,214,221,225,230,237,241,247,254,258,264,271,275,281,288,292,298,305,309,315,322,326,331,338,342,348,355,359,369,376,380,386,393,397,403,410,414,420,427,431,437,444,448,454,461,465,471,478,482,488,495,499,505,512,516,522,529,533,539,546,550,556,563,567,573,580,584,590,597,601,607,614,618,622,629,633,638,645,649,655,662,666,672,679,683,690,697,701,709,716,720,724,731,735,739,746,750,756,763,767,773,780,784,789,796,800,804,811,815,821,828,832,836,843,847,853,860,864,869,876,880,884,891,895,899,906,910,916,923,927,933,940,944,950,957,961,967,974,978,984,991,995,1001,1008,1012,1018,1025,1029,1042,1049,1053,1059,1066,1070,1076,1083,1087,1092,1099,1103,1107,1114,1118,1124,1131,1135,1141,1148,1152,1160,1167,1171,1179,1351-1354,1357,1364-1367,1370,1377-1380,1382,1389-1392,1397,1404-1407,1412,1419-1422,1427,1457,1463,1472,1478,1487,1493,1502,1508,1517,1523,1532,1538,1547,1553,1562,1568,1577,1583,1592,1598,1607,1613,1622,1628,1637,1643,1652,1658,1667,1673,1682,1688,1697,1703,1712,1718,1727,1733,1742,1748,1757,1763,1772,1778,1787,1793,1802,1808,1817,1823,1832,1838,1847,1853,1862,1868,1877,1883,1892,1898,1907,1913,1922,1928,1937,1943,1952,1958,1967,1973,1982,1988,1997,2003,2012,2018,2027,2033,2042,2048,2057,2063,2072,2078,2087,2093,2102,2108,2117,2123,2132,2138,2147,2153,2162,2168,2177,2183,2192,2198,2207,2213,2222,2228,2237,2243,2252,2258,2268,2274,2283,2289,2298,2304,2313,2319,2328,2334,2343,2349,2358,2364,2373,2379
qt6/gen_qtextbrowser.go
  s_64fea63fed100b::t_729c87178d2f10 17-21,204-207,226-229,248-251,267-270,289-292,311-314,538-542,572-576,599-603,626-630,653-657,680-684,712-716,742-746,772-776,802-806,832-836,862-866,894-898,924-928,958-962,990-994,1020-1024,1050-1054,1080-1084,1110-1114,1140-1144,1170-1174,1200-1204,1230-1234,1260-1264,1290-1294,1320-1324,1350-1354,1380-1384,1409-1413,1441-1445,1471-1475,1501-1505,1533-1537,1565-1569,1596-1600,1625-1629,1655-1659,1689-1693,1723-1727,1752-1756,1782-1786,1811-1815,1841-1845,1873-1877,1902-1906,1931-1935,1961-1965,1991-1995,2021-2025,2051-2055,2081-2085,2111-2115,2148-2152,2186-2190,2218-2222,2248-2252,2280-2284,2309-2313,2339-2343,2369-2373,2399-2403
qt6/gen_qtextbrowser.h
  s_64fea63fed100b::t_004001e7568e98 131,133,135,137,139,141
qt6/gen_qtextdocument.cpp
  s_64fea63fed100b::t_4c3572955d94cf 1-2,38,90,94,99,106,110,117,124,128,136,143,147,152,159,163,169,176,180,186,193,197,203,210,214,220,227,231,239,246,250,258,718-721,726,733-736,738,745-748,751,758-761,764,771-774,776,783-786,789,796-799,804,811-814,817,824-827,832,839-842,844,945,951,960,966,975,981,990,996,1005,1011,1020,1026,1035,1041,1050,1056,1065,1071,1080,1086
qt6/gen_qtextdocument.go
  s_64fea63fed100b::t_7d2519f85defe3 118-122,639-642,665-668,684-687,706-709,728-731,747-750,769-772,791-794,813-816,835-838,1032-1036,1059-1063,1093-1097,1127-1131,1159-1163,1193-1197,1223-1227,1253-1257,1283-1287,1313-1317
qt6/gen_qtextdocument.h
  s_64fea63fed100b::t_f125fcc1fae0d0 168,170,172,174,176,178,180,182,184,186
qt6/gen_qtextedit.cpp
  s_64fea63fed100b::t_d815f899fae7a8 1-2,64,144,148,156,163,167,173,180,184,189,196,200,206,213,217,223,230,234,240,247,251,257,264,268,274,281,285,291,298,302,308,315,319,325,332,336,342,349,353,358,365,369,375,382,386,392,399,403,409,416,420,426,433,437,443,450,454,460,467,471,477,484,488,494,501,505,511,518,522,528,535,539,543,550,554,559,566,570,576,583,587,593,600,604,611,618,622,630,637,641,645,652,656,660,667,671,677,684,688,694,701,705,710,717,721,725,732,736,742,749,753,757,764,768,774,781,785,790,797,801,805,812,816,820,827,831,837,844,848,854,861,865,871,878,882,888,895,899,905,912,916,922,929,933,939,946,950,963,970,974,980,987,991,997,1004,1008,1013,1020,1024,1028,1035,1039,1045,1052,1056,1062,1069,1073,1081,1088,1092,1100,1610-1613,1615,1622-1625,1628,1635-1638,1641,1648-1651,1656,1663-1666,1669,1676-1679,1681,1688-1691,1693,1751,1757,1766,1772,1781,1787,1796,1802,1811,1817,1826,1832,1841,1847,1856,1862,1871,1877,1886,1892,1901,1907,1916,1922,1931,1937,1946,1952,1961,1967,1976,1982,1991,1997,2006,2012,2021,2027,2036,2042,2051,2057,2066,2072,2081,2087,2096,2102,2111,2117,2126,2132,2141,2147,2156,2162,2171,2177,2186,2192,2201,2207,2216,2222,2231,2237,2246,2252,2261,2267,2276,2282,2291,2297,2306,2312,2321,2327,2336,2342,2351,2357,2366,2372,2381,2387,2396,2402,2411,2417,2426,2432,2441,2447,2456,2462,2471,2477,2487,2493,2502,2508,2517,2523,2532,2538,2547,2553,2562,2568,2577,2583,2592,2598
qt6/gen_qtextedit.go
  s_64fea63fed100b::t_e1d3e6d9f5e77b 34-38,594-597,613-616,635-638,657-660,679-682,701-704,720-723,971-975,1007-1011,1039-1043,1071-1075,1101-1105,1131-1135,1161-1165,1191-1195,1221-1225,1251-1255,1281-1285,1311-1315,1341-1345,1373-1377,1403-1407,1433-1437,1463-1467,1493-1497,1523-1527,1553-1557,1583-1587,1613-1617,1643-1647,1673-1677,1702-1706,1734-1738,1764-1768,1794-1798,1826-1830,1858-1862,1889-1893,1918-1922,1948-1952,1982-1986,2016-2020,2045-2049,2075-2079,2104-2108,2134-2138,2166-2170,2195-2199,2224-2228,2254-2258,2284-2288,2314-2318,2344-2348,2374-2378,2404-2408,2441-2445,2479-2483,2511-2515,2541-2545,2573-2577,2602-2606,2632-2636,2662-2666,2692-2696
qt6/gen_qtextedit.h
  s_64fea63fed100b::t_981cc4b3bdc03a 222,224,226,228,230,232,234
qt6/gen_qtextlist.cpp
  s_64fea63fed100b::t_5fc02c0f6560ec 1-2,26,49,53,61,68,72,80,87,91,99,106,110,115,122,126,132,139,143,149,156,160,166,173,177,183,190,194,202,209,213,221,328,334,343,349,358,364,373,379,388,394,403,409,418,424,433,439,448,454,463,469
qt6/gen_qtextlist.go
  s_64fea63fed100b::t_25ead0bfc60189 17-21,234-238,264-268,294-298,324-328,356-360,390-394,420-424,450-454,480-484,510-514
qt6/gen_qtextobject.cpp
  s_64fea63fed100b::t_0e8a1a25059743 1-2,38,164,168,173,180,184,190,197,201,207,214,218,224,231,235,241,248,252,260,267,271,279,392,398,407,413,422,428,437,443,452,458,467,473,482,488
qt6/gen_qtextobject.go
  s_64fea63fed100b::t_4af5a817d4d2af 189-193,409-413,441-445,475-479,505-509,535-539,565-569,595-599
qt6/gen_qtexttable.cpp
  s_64fea63fed100b::t_46cd874c9eb46b 1-2,28,128,132,137,144,148,154,161,165,171,178,182,188,195,199,205,212,216,224,231,235,243,382,388,397,403,412,418,427,433,442,448,457,463,472,478
qt6/gen_qtexttable.go
  s_64fea63fed100b::t_2c2d163c7e18cd 153-157,393-397,425-429,459-463,489-493,519-523,549-553,579-583
qt6/gen_qthread.cpp
  s_64fea63fed100b::t_da9ec4d24992e5 1-2,22,46,50,55,62,66,71,78,82,88,95,99,105,112,116,122,129,133,139,146,150,158,165,169,177,360,366,375,381,390,396,405,411,420,426,435,441,450,456,465,471,534-537,539,542-545,547
qt6/gen_qthread.go
  s_64fea63fed100b::t_d04c8d2ee92a01 30-34,314-318,346-350,373-377,407-411,437-441,467-471,497-501,527-531,550-553,566-569
qt6/gen_qthread.h
  s_64fea63fed100b::t_00fa2eaf3efa7f 100-101
qt6/gen_qthreadpool.cpp
  s_64fea63fed100b::t_822d7a8bb99198 1-2,22,43,47,52,59,63,69,76,80,86,93,97,103,110,114,120,127,131,139,146,150,158,311,317,326,332,341,347,356,362,371,377,386,392,401,407
qt6/gen_qthreadpool.go
  s_64fea63fed100b::t_81822f46d449cb 17-21,259-263,291-295,325-329,355-359,385-389,415-419,445-449
qt6/gen_qtimeline.cpp
  s_64fea63fed100b::t_090786791c4142 1-2,21,48,52,57,64,68,74,81,85,90,97,101,107,114,118,124,131,135,141,148,152,160,167,171,179,362,368,378,384,393,399,408,414,423,429,438,444,453,459,468,474,526-529,532,535-538,541,544-547,551,554-557,559
qt6/gen_qtimeline.go
  s_64fea63fed100b::t_33fae52a3a82a9 32-36,306-310,338-342,368-372,400-404,434-438,464-468,494-498,524-528,547-550,566-569,585-588,604-607
qt6/gen_qtimeline.h
  s_64fea63fed100b::t_b64b4349382f2e 97-100
qt6/gen_qtimer.cpp
  s_64fea63fed100b::t_71352207138e8e 1-2,20,42,46,52,59,63,68,75,79,85,92,96,102,109,113,119,126,130,138,145,149,157,291,297,306,312,321,327,336,342,351,357,366,372,381,387,439-442,444
qt6/gen_qtimer.go
  s_64fea63fed100b::t_7531fb97d18aeb 17-21,239-243,269-273,301-305,335-339,365-369,395-399,425-429,448-451
qt6/gen_qtimer.h
  s_64fea63fed100b::t_176a03244abc82 81
qt6/gen_qtoolbar.cpp
  s_64fea63fed100b::t_fbdd00ac3e19d3 1-2,50,122,126,132,139,143,149,156,160,166,173,177,182,189,193,199,206,210,214,221,225,231,238,242,246,253,257,261,268,272,277,284,288,292,299,303,307,314,318,324,331,335,341,348,352,358,365,369,375,382,386,392,399,403,409,416,420,426,433,437,443,450,454,460,467,471,477,484,488,494,501,505,511,518,522,528,535,539,545,552,556,562,569,573,579,586,590,596,603,607,613,620,624,630,637,641,647,654,658,664,671,675,681,688,692,705,712,716,722,729,733,739,746,750,755,762,766,770,777,781,787,794,798,804,811,815,820,827,831,837,844,848,854,861,865,871,878,882,888,895,899,907,914,918,926,1088-1091,1094,1101-1104,1107,1114-1117,1121,1128-1131,1135,1142-1145,1150,1157-1160,1164,1171-1174,1177,1184-1187,1190,1216,1222,1231,1237,1246,1252,1261,1267,1276,1282,1291,1297,1306,1312,1321,1327,1336,1342,1351,1357,1366,1372,1381,1387,1396,1402,1411,1417,1426,1432,1441,1447,1456,1462,1471,1477,1486,1492,1501,1507,1516,1522,1531,1537,1546,1552,1561,1567,1576,1582,1591,1597,1606,1612,1621,1627,1636,1642,1651,1657,1666,1672,1681,1687,1696,1702,1711,1717,1726,1732,1742,1748,1757,1763,1772,1778,1787,1793,1802,1808,1817,1823,1832,1838,1847,1853,1862,1868,1877,1883,1892,1898,1907,1913,1922,1928
qt6/gen_qtoolbar.go
  s_64fea63fed100b::t_3c39a85b3eefd9 17-21,212-215,234-237,256-259,278-281,300-303,322-325,344-347,366-369,535-539,565-569,595-599,625-629,657-661,687-691,716-720,748-752,779-783,808-812,840-844,869-873,898-902,928-932,958-962,988-992,1018-1022,1048-1052,1078-1082,1108-1112,1138-1142,1168-1172,1198-1202,1228-1232,1258-1262,1288-1292,1318-1322,1348-1352,1378-1382,1408-1412,1438-1442,1468-1472,1498-1502,1528-1532,1565-1569,1603-1607,1635-1639,1665-1669,1697-1701,1726-1730,1758-1762,1790-1794,1822-1826,1856-1860,1886-1890,1916-1920,1946-1950,1976-1980
qt6/gen_qtoolbar.h
  s_64fea63fed100b::t_a28e81557ced6b 126,128,130,132,134,136,138,140
qt6/gen_qtoolbox.cpp
  s_64fea63fed100b::t_e03f0cb9d23b03 1-2,50,116,120,125,132,136,142,149,153,159,166,170,176,183,187,193,200,204,208,215,219,225,232,236,242,249,253,257,264,268,274,281,285,289,296,300,305,312,316,320,327,331,335,342,346,352,359,363,369,376,380,386,393,397,403,410,414,420,427,431,437,444,448,454,461,465,471,478,482,488,495,499,505,512,516,522,529,533,539,546,550,556,563,567,573,580,584,590,597,601,607,614,618,624,631,635,641,648,652,658,665,669,675,682,686,692,699,703,709,716,720,733,740,744,750,757,761,767,774,778,783,790,794,798,805,809,815,822,826,832,839,843,848,855,859,865,872,876,882,889,893,899,906,910,916,923,927,935,942,946,954,1112-1115,1118,1144,1150,1159,1165,1174,1180,1189,1195,1204,1210,1219,1225,1234,1240,1249,1255,1264,1270,1279,1285,1294,1300,1309,1315,1324,1330,1339,1345,1354,1360,1369,1375,1384,1390,1399,1405,1414,1420,1429,1435,1444,1450,1459,1465,1474,1480,1489,1495,1504,1510,1519,1525,1534,1540,1549,1555,1564,1570,1579,1585,1594,1600,1609,1615,1624,1630,1639,1645,1654,1660,1669,1675,1684,1690,1700,1706,1715,1721,1730,1736,1745,1751,1760,1766,1775,1781,1790,1796,1805,1811,1820,1826,1835,1841,1850,1856,1865,1871,1880,1886
qt6/gen_qtoolbox.go
  s_64fea63fed100b::t_aaab3be8fa655a 17-21,210-213,391-395,423-427,453-457,483-487,513-517,545-549,574-578,604-608,634-638,663-667,695-699,724-728,756-760,785-789,814-818,844-848,874-878,904-908,934-938,964-968,994-998,1024-1028,1054-1058,1084-1088,1114-1118,1144-1148,1174-1178,1204-1208,1234-1238,1264-1268,1294-1298,1324-1328,1354-1358,1384-1388,1414-1418,1444-1448,1481-1485,1519-1523,1551-1555,1581-1585,1613-1617,1642-1646,1674-1678,1706-1710,1738-1742,1772-1776,1802-1806,1832-1836,1862-1866,1892-1896
qt6/gen_qtoolbox.h
  s_64fea63fed100b::t_f1fd67d71ec220 121
qt6/gen_qtoolbutton.cpp
  s_64fea63fed100b::t_e6a750ad32712e 1-2,51,117,121,125,132,136,140,147,151,156,163,167,173,180,184,190,197,201,207,214,218,224,231,235,241,248,252,258,265,269,275,282,286,292,299,303,310,317,321,326,333,337,342,349,353,359,366,370,376,383,387,393,400,404,410,417,421,427,434,438,444,451,455,459,466,470,476,483,487,492,499,503,507,514,518,522,529,533,539,546,550,556,563,567,573,580,584,590,597,601,607,614,618,624,631,635,641,648,652,658,665,669,675,682,686,692,699,703,709,716,720,726,733,737,743,750,754,767,774,778,784,791,795,801,808,812,817,824,828,832,839,843,849,856,860,866,873,877,882,889,893,899,906,910,916,923,927,933,940,944,952,959,963,971,1087-1090,1093,1119,1125,1134,1140,1149,1155,1164,1170,1179,1185,1194,1200,1209,1215,1224,1230,1239,1245,1254,1260,1269,1275,1284,1290,1299,1305,1314,1320,1329,1335,1344,1350,1359,1365,1374,1380,1389,1395,1404,1410,1419,1425,1434,1440,1449,1455,1464,1470,1479,1485,1494,1500,1509,1515,1524,1530,1539,1545,1554,1560,1569,1575,1584,1590,1599,1605,1614,1620,1629,1635,1644,1650,1659,1665,1674,1680,1689,1695,1705,1711,1720,1726,1735,1741,1750,1756,1765,1771,1780,1786,1795,1801,1810,1816,1825,1831,1840,1846,1855,1861,1870,1876
qt6/gen_qtoolbutton.go
  s_64fea63fed100b::t_76c8e837262359 25-29,164-167,335-339,366-370,395-399,427-431,457-461,487-491,517-521,547-551,577-581,607-611,637-641,667-671,699-703,726-730,753-757,783-787,813-817,843-847,873-877,903-907,933-937,962-966,992-996,1024-1028,1053-1057,1082-1086,1112-1116,1142-1146,1172-1176,1202-1206,1232-1236,1262-1266,1292-1296,1322-1326,1352-1356,1382-1386,1412-1416,1442-1446,1479-1483,1517-1521,1549-1553,1579-1583,1611-1615,1640-1644,1672-1676,1704-1708,1736-1740,1770-1774,1800-1804,1830-1834,1860-1864
qt6/gen_qtoolbutton.h
  s_64fea63fed100b::t_80e9d09e17a9b5 117
qt6/gen_qtranslator.cpp
  s_64fea63fed100b::t_a0d9f927d62ea3 1-2,21,44,48,56,65,69,73,80,84,89,96,100,106,113,117,123,130,134,140,147,151,157,164,168,176,183,187,195,360,366,382,388,397,403,412,418,427,433,442,448,457,463,472,478,487,493
qt6/gen_qtranslator.go
  s_64fea63fed100b::t_b6ab3a01c51784 17-21,338-342,382-386,411-415,443-447,477-481,507-511,537-541,567-571,597-601
qt6/gen_qtransposeproxymodel.cpp
  s_64fea63fed100b::t_1fbf9ad47a13b5 1-2,33,96,100,106,113,117,124,131,135,142,149,153,161,168,172,183,190,194,216,223,227,234,241,245,252,265,269,276,283,287,294,301,305,312,319,323,332,339,343,352,359,363,372,379,383,396,403,407,416,423,427,436,443,447,460,467,471,479,486,490,497,504,508,515,522,526,530,537,541,546,553,557,565,572,576,583,590,594,605,612,616,623,630,634,641,648,652,659,666,670,678,685,689,696,703,707,716,723,727,741,748,752,764,771,775,787,794,798,802,821,825,829,836,840,844,851,855,859,874,878,892,906,910,919,926,930,935,942,946,951,958,962,968,975,979,985,992,996,1002,1009,1013,1019,1026,1030,1038,1045,1049,1057,1241,1247,1256,1262,1271,1277,1286,1292,1301,1307,1316,1322,1337,1343,1352,1358,1381,1387,1396,1402,1411,1417,1426,1432,1441,1447,1456,1462,1471,1477,1486,1492,1501,1507,1516,1522,1531,1537,1546,1552,1561,1567,1576,1582,1591,1597,1606,1612,1621,1627,1637,1643,1652,1658,1667,1673,1682,1688,1697,1703,1712,1718,1727,1733,1742,1748,1763,1769,1778,1784,1793,1799,1824,1830,1840,1846,1856,1862,1890,1896,1914,1920,1929,1935,1944,1950,1959,1965,1974,1980,1989,1995,2004,2010,2019,2025,2034,2040
qt6/gen_qtransposeproxymodel.go
  s_64fea63fed100b::t_e7fa90b0f76f22 17-21,585-589,615-619,647-651,681-685,717-721,770-774,819-823,864-868,911-915,945-949,979-983,1013-1017,1049-1053,1085-1089,1121-1125,1161-1165,1197-1201,1233-1237,1273-1277,1307-1311,1341-1345,1373-1377,1402-1406,1431-1435,1465-1469,1497-1501,1533-1537,1567-1571,1599-1603,1631-1635,1661-1665,1695-1699,1737-1741,1777-1781,1817-1821,1866-1870,1903-1907,1932-1936,1974-1978,2031-2035,2076-2080,2110-2114,2137-2141,2169-2173,2203-2207,2233-2237,2263-2267,2293-2297,2323-2327
qt6/gen_qtreeview.cpp
  s_64fea63fed100b::t_00eae260268a9a 1-2,62,171,175,181,188,192,200,207,211,217,224,228,241,248,252,259,266,270,280,287,291,298,305,309,314,321,325,330,337,341,362,369,373,378,385,389,395,402,406,413,420,424,434,441,445,455,462,466,474,481,485,489,496,500,504,511,515,525,532,536,543,550,554,558,572,576,582,589,593,599,606,610,616,623,627,639,646,650,662,669,673,679,686,690,696,703,707,713,720,724,730,737,741,747,754,758,764,771,775,780,787,791,796,803,807,811,818,822,827,834,838,844,851,855,862,869,873,884,891,895,906,913,917,922,929,933,940,947,951,957,964,968,973,980,984,989,996,1000,1006,1013,1017,1023,1030,1034,1042,1049,1053,1059,1066,1070,1076,1083,1087,1097,1104,1108,1116,1123,1127,1134,1141,1145,1151,1158,1162,1167,1174,1178,1183,1190,1194,1200,1207,1211,1217,1224,1228,1234,1241,1245,1251,1258,1262,1268,1275,1279,1285,1292,1296,1302,1309,1313,1319,1326,1330,1334,1341,1345,1349,1356,1360,1366,1373,1377,1383,1390,1394,1400,1407,1411,1417,1424,1428,1432,1439,1443,1449,1456,1460,1465,1472,1476,1480,1487,1491,1495,1502,1506,1512,1519,1523,1529,1536,1540,1546,1553,1557,1563,1570,1574,1580,1587,1591,1597,1604,1608,1614,1621,1625,1631,1638,1642,1648,1655,1659,1672,1679,1683,1689,1696,1700,1706,1713,1717,1722,1729,1733,1737,1744,1748,1754,1761,1765,1771,1778,1782,1790,1797,1801,1809,2099-2102,2107,2114-2117,2122,2192,2198,2207,2213,2222,2228,2237,2243,2253,2259,2268,2274,2283,2289,2298,2304,2313,2319,2328,2334,2349,2355,2364,2370,2379,2385,2394,2400,2409,2415,2424,2430,2439,2445,2454,2460,2469,2475,2484,2490,2499,2505,2523,2529,2538,2544,2553,2559,2568,2574,2583,2589,2598,2604,2613,2619,2628,2634,2643,2649,2658,2664,2673,2679,2688,2694,2703,2709,2718,2724,2733,2739,2748,2754,2763,2769,2778,2784,2793,2799,2808,2814,2823,2829,2838,2844,2853,2859,2868,2874,2883,2889,2898,2904,2913,2919,2928,2934,2943,2949,2958,2964,2973,2979,2989,2995,3004,3010,3019,3025,3034,3040,3049,3055,3064,3070,3079,3085,3094,3100,3109,3115,3124,3130,3139,3145,3154,3160,3169,3175,3184,3190,3199,3205,3214,3220,3229,3235,3244,3250,3259,3265,3274,3280,3289,3295,3304,3310,3319,3325,3334,3340,3349,3355,3364,3370,3379,3385,3394,3400,3409,3415,3424,3430,3439,3445,3454,3460,3469,3475,3485,3491,3500,3506,3515,3521,3530,3536,3545,3551,3560,3566,3575,3581,3590,3596
qt6/gen_qtreeview.go
  s_64fea63fed100b::t_3d45a2561694b4 17-21,318-321,340-343,833-837,863-867,893-897,927-931,962-966,994-998,1028-1032,1060-1064,1087-1091,1120-1124,1160-1164,1187-1191,1217-1221,1249-1253,1283-1287,1319-1323,1353-1357,1382-1386,1411-1415,1445-1449,1485-1489,1519-1523,1549-1553,1579-1583,1609-1613,1643-1647,1677-1681,1707-1711,1737-1741,1767-1771,1797-1801,1827-1831,1857-1861,1889-1893,1918-1922,1947-1951,1979-1983,2009-2013,2041-2045,2073-2077,2105-2109,2137-2141,2171-2175,2203-2207,2230-2234,2257-2261,2287-2291,2317-2321,2349-2353,2379-2383,2409-2413,2445-2449,2479-2483,2509-2513,2539-2543,2571-2575,2603-2607,2633-2637,2663-2667,2693-2697,2723-2727,2753-2757,2783-2787,2813-2817,2849-2853,2880-2884,2909-2913,2939-2943,2969-2973,2999-3003,3029-3033,3058-3062,3088-3092,3120-3124,3149-3153,3178-3182,3208-3212,3238-3242,3268-3272,3298-3302,3328-3332,3358-3362,3388-3392,3418-3422,3455-3459,3493-3497,3525-3529,3555-3559,3587-3591,3616-3620,3646-3650,3676-3680,3706-3710
qt6/gen_qtreeview.h
  s_64fea63fed100b::t_906a1040122719 174,176
qt6/gen_qtreewidget.cpp
  s_64fea63fed100b::t_ea2f3b7db1e61e 1-2,67,74,209,213,217,224,228,234,241,245,255,262,266,273,280,284,292,299,303,311,728,734,743,749,758,764,773,779,788,794,803,809,841,845,851,858,862,867,874,878,882,901,905,919,926,930,939,946,950,954,961,965,971,978,982,990,997,1001,1014,1021,1025,1032,1039,1043,1053,1060,1064,1071,1078,1082,1087,1094,1098,1103,1110,1114,1135,1142,1146,1151,1158,1162,1168,1175,1179,1186,1193,1197,1207,1214,1218,1228,1235,1239,1247,1254,1258,1262,1269,1273,1277,1284,1288,1298,1305,1309,1316,1323,1327,1331,1345,1349,1355,1362,1366,1372,1379,1383,1389,1396,1400,1412,1419,1423,1435,1442,1446,1452,1459,1463,1469,1476,1480,1486,1493,1497,1503,1510,1514,1520,1527,1531,1537,1544,1548,1553,1560,1564,1569,1576,1580,1584,1591,1595,1600,1607,1611,1617,1624,1628,1635,1642,1646,1657,1664,1668,1679,1686,1690,1695,1702,1706,1713,1720,1724,1730,1737,1741,1746,1753,1757,1762,1769,1773,1779,1786,1790,1796,1803,1807,1815,1822,1826,1832,1839,1843,1849,1856,1860,1870,1877,1881,1889,1896,1900,1907,1914,1918,1924,1931,1935,1940,1947,1951,1957,1964,1968,1974,1981,1985,1991,1998,2002,2008,2015,2019,2025,2032,2036,2042,2049,2053,2059,2066,2070,2074,2081,2085,2089,2096,2100,2106,2113,2117,2123,2130,2134,2140,2147,2151,2157,2164,2168,2172,2179,2183,2189,2196,2200,2205,2212,2216,2220,2227,2231,2235,2242,2246,2252,2259,2263,2269,2276,2280,2286,2293,2297,2303,2310,2314,2320,2327,2331,2337,2344,2348,2354,2361,2365,2371,2378,2382,2388,2395,2399,2412,2419,2423,2429,2436,2440,2446,2453,2457,2462,2469,2473,2477,2484,2488,2494,2501,2505,2511,2518,2522,2530,2537,2541,2549,2835-2838,2842,2849-2852,2856,2863-2866,2870,2877-2880,2884,2891-2894,2898,2905-2908,2912,2919-2922,2925,2932-2935,2938,2945-2948,2952,2959-2962,2964,3028,3034,3043,3049,3058,3064,3089,3095,3110,3116,3125,3131,3141,3147,3156,3162,3171,3177,3187,3193,3202,3208,3217,3223,3232,3238,3247,3253,3262,3268,3283,3289,3298,3304,3313,3319,3328,3334,3343,3349,3358,3364,3373,3379,3388,3394,3403,3409,3418,3424,3433,3439,3457,3463,3472,3478,3487,3493,3502,3508,3517,3523,3532,3538,3547,3553,3562,3568,3577,3583,3592,3598,3607,3613,3622,3628,3637,3643,3652,3658,3667,3673,3682,3688,3697,3703,3712,3718,3727,3733,3742,3748,3757,3763,3772,3778,3787,3793,3802,3808,3817,3823,3832,3838,3847,3853,3862,3868,3877,3883,3892,3898,3907,3913,3923,3929,3938,3944,3953,3959,3968,3974,3983,3989,3998,4004,4013,4019,4028,4034,4043,4049,4058,4064,4073,4079,4088,4094,4103,4109,4118,4124,4133,4139,4148,4154,4163,4169,4178,4184,4193,4199,4208,4214,4223,4229,4238,4244,4253,4259,4268,4274,4283,4289,4298,4304,4313,4319,4328,4334,4343,4349,4358,4364,4373,4379,4389,4395,4404,4410,4419,4425,4434,4440,4449,4455,4464,4470,4479,4485,4494,4500
qt6/gen_qtreewidget.go
  s_64fea63fed100b::t_4683f4e9eed95e 32-36,547-551,578-582,612-616,646-650,678-682,708-712,746-750,1039-1042,1063-1066,1087-1090,1111-1114,1135-1138,1159-1162,1183-1186,1205-1208,1227-1230,1251-1254,1737-1741,1767-1771,1808-1812,1851-1855,1889-1893,1927-1931,1956-1960,1986-1990,2020-2024,2055-2059,2087-2091,2121-2125,2153-2157,2180-2184,2213-2217,2253-2257,2280-2284,2310-2314,2342-2346,2376-2380,2412-2416,2446-2450,2475-2479,2504-2508,2538-2542,2578-2582,2612-2616,2642-2646,2672-2676,2702-2706,2736-2740,2770-2774,2800-2804,2830-2834,2860-2864,2890-2894,2920-2924,2950-2954,2982-2986,3011-3015,3040-3044,3072-3076,3102-3106,3134-3138,3166-3170,3198-3202,3230-3234,3264-3268,3296-3300,3323-3327,3350-3354,3380-3384,3410-3414,3442-3446,3472-3476,3502-3506,3538-3542,3572-3576,3602-3606,3632-3636,3664-3668,3694-3698,3724-3728,3754-3758,3784-3788,3814-3818,3844-3848,3880-3884,3911-3915,3940-3944,3970-3974,4000-4004,4030-4034,4060-4064,4089-4093,4119-4123,4151-4155,4180-4184,4209-4213,4239-4243,4269-4273,4299-4303,4329-4333,4359-4363,4389-4393,4419-4423,4449-4453,4486-4490,4524-4528,4556-4560,4586-4590,4618-4622,4647-4651,4677-4681,4707-4711,4737-4741
qt6/gen_qtreewidget.h
  s_64fea63fed100b::t_eba64b10df3279 270,272,274,276,278,280,282,284,286,288
qt6/gen_qundogroup.cpp
  s_64fea63fed100b::t_adda2aa2f28cde 1-2,23,51,55,60,67,71,77,84,88,94,101,105,111,118,122,128,135,139,147,154,158,166,293-296,299,306-309,312,319-322,325,332-335,338,345-348,351,359-362,372,380-383,393,429,435,444,450,459,465,474,480,489,495,504,510,519,525
qt6/gen_qundogroup.go
  s_64fea63fed100b::t_2a3df108d37159 17-21,160-163,182-185,204-207,226-229,248-251,274-277,303-306,427-431,459-463,493-497,523-527,553-557,583-587,613-617
qt6/gen_qundogroup.h
  s_64fea63fed100b::t_3d391c121a6a31 60,62,64,66,68,70,72
qt6/gen_qundostack.cpp
  s_64fea63fed100b::t_3afd5ac59a1565 1-2,22,27,56,60,65,72,76,81,88,92,96,103,107,112,198,204,213,219,228,234,243,249,270,274,279,286,290,296,303,307,313,320,324,330,337,341,347,354,358,366,373,377,385,555-558,561,568-571,574,581-584,587,594-597,600,608-611,621,629-632,642,682,688,697,703,712,718,727,733,742,748,757,763,772,778
qt6/gen_qundostack.go
  s_64fea63fed100b::t_a209a1489c4108 17-21,146-150,173-177,200-204,229-233,269-273,457-460,479-482,501-504,523-526,549-552,578-581,706-710,738-742,772-776,802-806,832-836,862-866,892-896
qt6/gen_qundostack.h
  s_64fea63fed100b::t_1395c6853a5a28 98,100,102,104,106,108
qt6/gen_qundoview.cpp
  s_64fea63fed100b::t_dd5855fac7f851 1-2,65,174,178,185,192,196,206,213,217,224,231,235,240,247,251,256,263,267,275,282,286,291,298,302,309,316,320,341,348,352,362,369,373,383,390,394,400,407,411,417,424,428,434,441,445,451,458,462,468,475,479,485,492,496,502,509,513,519,526,530,537,544,548,554,561,565,571,578,582,586,593,597,601,608,612,620,627,631,641,648,652,659,666,670,674,688,692,697,704,708,715,722,726,737,744,748,759,766,770,774,781,785,791,798,802,808,815,819,832,839,843,848,855,859,864,871,875,882,889,893,899,906,910,915,922,926,931,938,942,947,954,958,964,971,975,981,988,992,998,1005,1009,1015,1022,1026,1034,1041,1045,1051,1058,1062,1068,1075,1079,1089,1096,1100,1108,1115,1119,1124,1131,1135,1140,1147,1151,1157,1164,1168,1174,1181,1185,1191,1198,1202,1208,1215,1219,1225,1232,1236,1242,1249,1253,1259,1266,1270,1276,1283,1287,1291,1298,1302,1306,1313,1317,1323,1330,1334,1340,1347,1351,1357,1364,1368,1374,1381,1385,1389,1396,1400,1406,1413,1417,1422,1429,1433,1437,1444,1448,1452,1459,1463,1469,1476,1480,1486,1493,1497,1503,1510,1514,1520,1527,1531,1537,1544,1548,1554,1561,1565,1571,1578,1582,1588,1595,1599,1605,1612,1616,1629,1636,1640,1646,1653,1657,1663,1670,1674,1679,1686,1690,1694,1701,1705,1711,1718,1722,1728,1735,1739,1747,1754,1758,1766,1912,1918,1927,1933,1942,1948,1957,1963,1972,1978,1987,1993,2002,2008,2017,2023,2032,2038,2053,2059,2068,2074,2083,2089,2098,2104,2113,2119,2128,2134,2143,2149,2158,2164,2173,2179,2188,2194,2203,2209,2218,2224,2233,2239,2248,2254,2263,2269,2278,2284,2293,2299,2308,2314,2323,2329,2347,2353,2362,2368,2377,2383,2392,2398,2407,2413,2422,2428,2437,2443,2452,2458,2468,2474,2483,2489,2498,2504,2513,2519,2528,2534,2543,2549,2558,2564,2573,2579,2588,2594,2603,2609,2618,2624,2633,2639,2648,2654,2663,2669,2678,2684,2693,2699,2709,2715,2724,2730,2739,2745,2754,2760,2769,2775,2784,2790,2799,2805,2814,2820,2829,2835,2844,2850,2859,2865,2874,2880,2889,2895,2904,2910,2919,2925,2934,2940,2949,2955,2964,2970,2979,2985,2994,3000,3009,3015,3024,3030,3039,3045,3054,3060,3069,3075,3084,3090,3099,3105,3114,3120,3129,3135,3144,3150,3159,3165,3175,3181,3190,3196,3205,3211,3220,3226,3235,3241,3250,3256,3265,3271,3280,3286
qt6/gen_qundoview.go
  s_64fea63fed100b::t_57adf808011f69 17-21,542-546,574-578,608-612,640-644,667-671,694-698,724-728,756-760,794-798,834-838,868-872,902-906,932-936,962-966,992-996,1022-1026,1052-1056,1082-1086,1112-1116,1142-1146,1172-1176,1202-1206,1232-1236,1261-1265,1292-1296,1326-1330,1360-1364,1400-1404,1434-1438,1461-1465,1493-1497,1525-1529,1559-1563,1588-1592,1618-1622,1652-1656,1685-1689,1717-1721,1749-1753,1783-1787,1815-1819,1842-1846,1869-1873,1896-1900,1926-1930,1956-1960,1986-1990,2016-2020,2048-2052,2078-2082,2108-2112,2144-2148,2178-2182,2210-2214,2242-2246,2272-2276,2302-2306,2332-2336,2362-2366,2392-2396,2422-2426,2452-2456,2488-2492,2519-2523,2548-2552,2578-2582,2608-2612,2638-2642,2668-2672,2697-2701,2727-2731,2759-2763,2788-2792,2817-2821,2847-2851,2877-2881,2907-2911,2937-2941,2967-2971,2997-3001,3027-3031,3057-3061,3094-3098,3132-3136,3164-3168,3194-3198,3226-3230,3255-3259,3285-3289,3315-3319,3345-3349
qt6/gen_qvalidator.cpp
  s_64fea63fed100b::t_c8f1a7610555eb 1-2,25,36,48,62,86,90,103,108,112,125,132,136,141,148,152,158,165,169,175,182,186,192,199,203,209,216,220,228,235,239,247,314-317,319,345,351,356,362,372,378,387,393,402,408,417,423,432,438,447,453,462,468,535,539,552,559,563,576,583,587,592,599,603,609,616,620,626,633,637,643,650,654,660,667,671,679,686,690,698,785-788,791,798-801,804,830,836,847,853,863,869,878,884,893,899,908,914,923,929,938,944,953,959,1026,1030,1043,1050,1054,1067,1074,1078,1083,1090,1094,1100,1107,1111,1117,1124,1128,1134,1141,1145,1151,1158,1162,1170,1177,1181,1189,1297-1300,1303,1310-1313,1316,1323-1326,1329,1336-1339,1343,1369,1375,1386,1392,1402,1408,1417,1423,1432,1438,1447,1453,1462,1468,1477,1483,1492,1498,1565,1569,1582,1589,1593,1606,1613,1617,1622,1629,1633,1639,1646,1650,1656,1663,1667,1673,1680,1684,1690,1697,1701,1709,1716,1720,1728,1798-1801,1806,1832,1838,1849,1855,1865,1871,1880,1886,1895,1901,1910,1916,1925,1931,1940,1946,1955,1961
qt6/gen_qvalidator.go
  s_64fea63fed100b::t_90e30b0ffb7d71 32-36,133-136,229-233,269-273,302-306,334-338,368-372,398-402,428-432,458-462,488-492,526-530,649-652,671-674,780-784,820-824,853-857,885-889,919-923,949-953,979-983,1009-1013,1039-1043,1077-1081,1220-1223,1242-1245,1264-1267,1286-1289,1395-1399,1435-1439,1468-1472,1500-1504,1534-1538,1564-1568,1594-1598,1624-1628,1654-1658,1692-1696,1797-1800,1906-1910,1946-1950,1979-1983,2011-2015,2045-2049,2075-2079,2105-2109,2135-2139,2165-2169
qt6/gen_qvalidator.h
  s_64fea63fed100b::t_bd7eb694c24c39 56,102,104,155,157,159,161,203
qt6/gen_qvariantanimation.cpp
  s_64fea63fed100b::t_c406bc95138b87 1-2,25,53,57,61,68,72,77,84,88,94,101,105,114,121,125,133,140,144,156,163,167,174,181,185,191,198,202,208,215,219,225,232,236,242,249,253,261,268,272,280,410-413,418,444,450,459,465,474,480,489,495,504,510,519,525,534,540,549,555,564,570,579,585,594,600,609,615,624,630
qt6/gen_qvariantanimation.go
  s_64fea63fed100b::t_dbcc2ea69e8274 17-21,198-201,303-307,332-336,364-368,394-398,426-430,458-462,494-498,524-528,558-562,588-592,618-622,648-652,678-682
qt6/gen_qvariantanimation.h
  s_64fea63fed100b::t_d4bde87c88f0fe 61
qt6/gen_qwidget.cpp
  s_64fea63fed100b::t_06b7d500c12c55 1-2,70,136,140,144,151,155,161,168,172,176,183,187,191,198,202,207,214,218,222,229,233,237,244,248,253,260,264,270,277,281,287,294,298,304,311,315,321,328,332,338,345,349,355,362,366,372,379,383,389,396,400,406,413,417,423,430,434,440,447,451,457,464,468,474,481,485,491,498,502,508,515,519,525,532,536,542,549,553,559,566,570,576,583,587,593,600,604,610,617,621,627,634,638,644,651,655,661,668,672,685,692,696,702,709,713,719,726,730,736,743,747,752,759,763,767,774,778,784,791,795,801,808,812,817,824,828,834,841,845,851,858,862,868,875,879,885,892,896,904,911,915,923,2130-2133,2143,2150-2153,2158,2166-2169,2179,2186-2189,2194,2293,2299,2308,2314,2323,2329,2338,2344,2353,2359,2368,2374,2383,2389,2398,2404,2413,2419,2428,2434,2443,2449,2458,2464,2473,2479,2488,2494,2503,2509,2518,2524,2533,2539,2548,2554,2563,2569,2578,2584,2593,2599,2608,2614,2623,2629,2638,2644,2653,2659,2668,2674,2683,2689,2698,2704,2713,2719,2728,2734,2743,2749,2758,2764,2773,2779,2789,2795,2804,2810,2819,2825,2834,2840,2849,2855,2864,2870,2879,2885,2894,2900,2909,2915,2924,2930,2939,2945,2954,2960,2969,2975,2984,2990
qt6/gen_qwidget.go
  s_64fea63fed100b::t_37b0a31bb28c01 25-29,1313-1316,1338-1341,1364-1367,1389-1392,1706-1710,1735-1739,1767-1771,1798-1802,1827-1831,1859-1863,1888-1892,1917-1921,1949-1953,1979-1983,2009-2013,2039-2043,2069-2073,2099-2103,2129-2133,2159-2163,2189-2193,2219-2223,2249-2253,2279-2283,2309-2313,2339-2343,2369-2373,2399-2403,2429-2433,2459-2463,2489-2493,2519-2523,2549-2553,2579-2583,2609-2613,2639-2643,2676-2680,2714-2718,2744-2748,2776-2780,2806-2810,2838-2842,2867-2871,2899-2903,2931-2935,2963-2967,2997-3001,3027-3031,3057-3061,3087-3091,3117-3121
qt6/gen_qwidget.h
  s_64fea63fed100b::t_0d82e62598505b 392,394,396,398
qt6/gen_qwidgetaction.cpp
  s_64fea63fed100b::t_6a4716546e62f9 1-2,23,45,49,54,61,65,71,78,82,87,94,98,104,111,115,121,128,132,138,145,149,155,162,166,174,181,185,193,273,279,288,294,303,309,318,324,333,339,348,354,363,369,378,384,393,399
qt6/gen_qwidgetaction.go
  s_64fea63fed100b::t_2eabadbca03d19 17-21,205-209,237-241,271-275,303-307,333-337,363-367,393-397,423-427,453-457
qt6/gen_qwindow.cpp
  s_64fea63fed100b::t_a38701e465849f 1-2,46,111,115,119,126,130,134,141,145,149,156,160,164,171,175,179,186,190,196,203,207,213,220,224,230,237,241,247,254,258,264,271,275,281,288,292,298,305,309,315,322,326,332,339,343,348,355,359,365,372,376,382,389,393,399,406,410,416,423,427,433,440,444,450,457,461,467,474,478,484,491,495,501,508,512,525,532,536,542,549,553,559,566,570,576,583,587,593,600,604,612,619,623,631,1148-1151,1154,1161-1164,1168,1175-1178,1182,1190-1193,1203,1210-1213,1216,1223-1226,1229,1236-1239,1242,1249-1252,1255,1262-1265,1268,1275-1278,1281,1288-1291,1294,1301-1304,1307,1314-1317,1320,1327-1330,1334,1341-1344,1346,1353-1356,1360,1367-1370,1373,1380-1383,1387,1394-1397,1400,1438,1444,1454,1460,1469,1475,1484,1490,1499,1505,1514,1520,1529,1535,1544,1550,1559,1565,1574,1580,1589,1595,1604,1610,1619,1625,1634,1640,1649,1655,1664,1670,1679,1685,1694,1700,1709,1715,1724,1730,1739,1745,1754,1760,1769,1775,1784,1790,1799,1805,1815,1821,1830,1836,1845,1851,1860,1866,1875,1881,1890,1896
qt6/gen_qwindow.go
  s_64fea63fed100b::t_f9192f20ecce7a 35-39,607-610,629-632,651-654,677-680,702-705,724-727,746-749,768-771,790-793,812-815,834-837,856-859,878-881,900-903,922-925,941-944,963-966,985-988,1007-1010,1140-1144,1171-1175,1202-1206,1231-1235,1260-1264,1289-1293,1319-1323,1349-1353,1379-1383,1409-1413,1439-1443,1469-1473,1499-1503,1529-1533,1559-1563,1591-1595,1621-1625,1651-1655,1681-1685,1711-1715,1741-1745,1771-1775,1801-1805,1831-1835,1868-1872,1906-1910,1940-1944,1970-1974,2000-2004,2030-2034,2060-2064
qt6/gen_qwindow.h
  s_64fea63fed100b::t_0b15f7796f85a9 202,204,206,208,210,212,214,216,218,220,222,224,226,228,230,232,234,236,238
qt6/gen_qwizard.cpp
  s_64fea63fed100b::t_df204df6728e49 1-2,52,114,182,186,190,197,201,205,212,216,222,229,233,237,244,248,253,260,264,270,277,281,287,294,298,304,311,315,321,328,332,338,345,349,353,360,364,369,376,380,384,391,395,400,407,411,416,423,427,433,440,444,450,457,461,467,474,478,484,491,495,501,508,512,516,523,527,532,539,543,547,554,558,562,569,573,579,586,590,596,603,607,613,620,624,630,637,641,647,654,658,664,671,675,681,688,692,698,705,709,715,722,726,732,739,743,749,756,760,766,773,777,783,790,794,800,807,811,817,824,828,834,841,845,851,858,862,868,875,879,892,899,903,909,916,920,926,933,937,943,950,954,959,966,970,974,981,985,991,998,1002,1008,1015,1019,1024,1031,1035,1041,1048,1052,1058,1065,1069,1075,1082,1086,1094,1101,1105,1113,1357-1360,1363,1370-1373,1375,1382-1385,1388,1395-1398,1401,1408-1411,1414,1460,1466,1475,1481,1490,1496,1505,1511,1520,1526,1535,1541,1550,1556,1565,1571,1580,1586,1595,1601,1610,1616,1625,1631,1640,1646,1655,1661,1670,1676,1685,1691,1700,1706,1715,1721,1730,1736,1745,1751,1760,1766,1775,1781,1790,1796,1805,1811,1820,1826,1835,1841,1850,1856,1865,1871,1880,1886,1895,1901,1910,1916,1925,1931,1940,1946,1955,1961,1970,1976,1985,1991,2000,2006,2015,2021,2030,2036,2045,2051,2060,2066,2075,2081,2090,2096,2106,2112,2121,2127,2136,2142,2151,2157,2166,2172,2181,2187,2196,2202,2211,2217,2226,2232,2241,2247,2256,2262,2271,2277,2286,2292,2423,2427,2432,2439,2443,2448,2455,2459,2463,2470,2474,2478,2485,2489,2493,2500,2504,2508,2515,2519,2525,2532,2536,2540,2547,2551,2555,2562,2566,2571,2578,2582,2586,2593,2597,2601,2608,2612,2617,2624,2628,2634,2641,2645,2651,2658,2662,2668,2675,2679,2685,2692,2696,2702,2709,2713,2719,2726,2730,2736,2743,2747,2753,2760,2764,2770,2777,2781,2787,2794,2798,2804,2811,2815,2821,2828,2832,2838,2845,2849,2855,2862,2866,2872,2879,2883,2889,2896,2900,2906,2913,2917,2923,2930,2934,2940,2947,2951,2957,2964,2968,2974,2981,2985,2991,2998,3002,3008,3015,3019,3025,3032,3036,3049,3056,3060,3066,3073,3077,3083,3090,3094,3100,3107,3111,3116,3123,3127,3131,3138,3142,3148,3155,3159,3165,3172,3176,3181,3188,3192,3198,3205,3209,3215,3222,3226,3232,3239,3243,3249,3256,3260,3268,3275,3279,3287,3438-3441,3443,3469,3475,3484,3490,3499,3505,3514,3520,3529,3535,3544,3550,3559,3565,3574,3580,3589,3595,3604,3610,3619,3625,3634,3640,3649,3655,3664,3670,3679,3685,3694,3700,3709,3715,3724,3730,3739,3745,3754,3760,3769,3775,3784,3790,3799,3805,3814,3820,3829,3835,3844,3850,3859,3865,3874,3880,3889,3895,3904,3910,3919,3925,3934,3940,3949,3955,3964,3970,3979,3985,3994,4000,4009,4015,4024,4030,4040,4046,4055,4061,4070,4076,4085,4091,4100,4106,4115,4121,4130,4136,4145,4151,4160,4166,4175,4181,4190,4196,4205,4211,4220,4226,4235,4241
qt6/gen_qwizard.go
  s_64fea63fed100b::t_c6625ad7ae8ceb 77-81,351-354,373-376,392-395,414-417,436-439,637-641,666-670,695-699,727-731,756-760,788-792,818-822,848-852,878-882,908-912,940-944,969-973,996-1000,1025-1029,1052-1056,1079-1083,1109-1113,1139-1143,1169-1173,1199-1203,1233-1237,1262-1266,1294-1298,1323-1327,1352-1356,1382-1386,1412-1416,1442-1446,1472-1476,1502-1506,1532-1536,1562-1566,1592-1596,1622-1626,1652-1656,1682-1686,1712-1716,1742-1746,1772-1776,1802-1806,1832-1836,1862-1866,1899-1903,1937-1941,1967-1971,1999-2003,2029-2033,2061-2065,2090-2094,2122-2126,2154-2158,2186-2190,2216-2220,2246-2250,2276-2280,2306-2310,2344-2348,2510-2513,2780-2784,2807-2811,2834-2838,2863-2867,2892-2896,2921-2925,2950-2954,2982-2986,3013-3017,3042-3046,3074-3078,3103-3107,3132-3136,3164-3168,3194-3198,3224-3228,3254-3258,3284-3288,3314-3318,3344-3348,3374-3378,3404-3408,3434-3438,3464-3468,3494-3498,3524-3528,3554-3558,3584-3588,3614-3618,3644-3648,3674-3678,3704-3708,3734-3738,3764-3768,3794-3798,3824-3828,3854-3858,3891-3895,3929-3933,3959-3963,3991-3995,4021-4025,4053-4057,4082-4086,4114-4118,4146-4150,4178-4182,4212-4216,4242-4246,4272-4276,4302-4306,4332-4336
qt6/gen_qwizard.h
  s_64fea63fed100b::t_6c0d10e5ef0886 140,142,144,146,148,313
qt6/gen_qxmlstream.cpp
  s_64fea63fed100b::t_66c62ac8f75cda 1-2,23,133,137,157,166,170,182,222,228,246,252
qt6/gen_qxmlstream.go
  s_64fea63fed100b::t_df503b72b7919f 351-355,436-440,484-488
qt6/multimedia/gen_qaudiodecoder.cpp
  s_64fea63fed100b::t_bed27348946221 1-2,24,54,58,63,70,74,80,87,91,97,104,108,114,121,125,131,138,142,150,157,161,169,291-294,297,304-307,309,316-319,321,328-331,334,341-344,349,356-359,363,370-373,375,382-385,389,396-399,403,429,435,444,450,459,465,474,480,489,495,504,510,519,525
qt6/multimedia/gen_qaudiodecoder.go
  s_64fea63fed100b::t_948e7427340e40 28-32,176-179,198-201,217-220,236-239,258-261,280-283,302-305,321-324,343-346,448-452,480-484,514-518,544-548,574-578,604-608,634-638
qt6/multimedia/gen_qaudiodecoder.h
  s_64fea63fed100b::t_b2e2f6f1215a69 66,68,70,72,74,76,78,80,82
qt6/multimedia/gen_qaudioinput.cpp
  s_64fea63fed100b::t_ab126e6de674fa 1-2,21,47,51,56,63,67,73,80,84,90,97,101,107,114,118,124,131,135,143,150,154,162,242-245,247,254-257,260,267-270,273,299,305,314,320,329,335,344,350,359,365,374,380,389,395
qt6/multimedia/gen_qaudioinput.go
  s_64fea63fed100b::t_8e4542ace2ab80 18-22,131-134,150-153,172-175,277-281,309-313,343-347,373-377,403-407,433-437,463-467
qt6/multimedia/gen_qaudioinput.h
  s_64fea63fed100b::t_45e02cb118579f 52,54,56
qt6/multimedia/gen_qaudiooutput.cpp
  s_64fea63fed100b::t_a47acddbdf085b 1-2,21,47,51,56,63,67,73,80,84,90,97,101,107,114,118,124,131,135,143,150,154,162,242-245,247,254-257,260,267-270,273,299,305,314,320,329,335,344,350,359,365,374,380,389,395
qt6/multimedia/gen_qaudiooutput.go
  s_64fea63fed100b::t_43adde0b468342 18-22,131-134,150-153,172-175,277-281,309-313,343-347,373-377,403-407,433-437,463-467
qt6/multimedia/gen_qaudiooutput.h
  s_64fea63fed100b::t_aa43feccf3474a 52,54,56
qt6/multimedia/gen_qaudiosink.cpp
  s_64fea63fed100b::t_1971ed6bfca4b0 1-2,23,49,53,58,65,69,75,82,86,92,99,103,109,116,120,126,133,137,145,152,156,164,303-306,310,336,342,351,357,366,372,381,387,396,402,411,417,426,432
qt6/multimedia/gen_qaudiosink.go
  s_64fea63fed100b::t_904a412ea4f298 18-22,187-190,292-296,324-328,358-362,388-392,418-422,448-452,478-482
qt6/multimedia/gen_qaudiosink.h
  s_64fea63fed100b::t_cd6b431e34e8b8 69
qt6/multimedia/gen_qaudiosource.cpp
  s_64fea63fed100b::t_855e0aaa269e24 1-2,23,49,53,58,65,69,75,82,86,92,99,103,109,116,120,126,133,137,145,152,156,164,303-306,310,336,342,351,357,366,372,381,387,396,402,411,417,426,432
qt6/multimedia/gen_qaudiosource.go
  s_64fea63fed100b::t_5f841b0e763a02 18-22,187-190,292-296,324-328,358-362,388-392,418-422,448-452,478-482
qt6/multimedia/gen_qaudiosource.h
  s_64fea63fed100b::t_681ea1b88834c9 69
qt6/multimedia/gen_qcamera.cpp
  s_64fea63fed100b::t_8718cf79ed228d 1-2,24,77,81,86,93,97,103,110,114,120,127,131,137,144,148,154,161,165,173,180,184,192,490-493,496,503-506,508,516-519,531,538-541,543,550-553,555,562-565,567,574-577,579,586-589,592,599-602,605,612-615,618,625-628,631,638-641,643,650-653,655,662-665,668,675-678,680,687-690,692,699-702,705,712-715,718,725-728,731,738-741,744,751-754,757,764-767,769,776-779,781,788-791,793,800-803,805,812-815,817,824-827,829,836-839,841,867,873,882,888,897,903,912,918,927,933,942,948,957,963
qt6/multimedia/gen_qcamera.go
  s_64fea63fed100b::t_cd63d683087519 99-103,429-432,451-454,474-477,501-504,520-523,539-542,558-561,577-580,599-602,621-624,643-646,665-668,684-687,703-706,725-728,744-747,763-766,785-788,807-810,829-832,851-854,873-876,892-895,911-914,930-933,949-952,968-971,987-990,1089-1093,1121-1125,1155-1159,1185-1189,1215-1219,1245-1249,1275-1279
qt6/multimedia/gen_qcamera.h
  s_64fea63fed100b::t_1d03832a66b1c5 109,111,113,115,117,119,121,123,125,127,129,131,133,135,137,139,141,143,145,147,149,151,153,155,157,159,161,163
qt6/multimedia/gen_qgraphicsvideoitem.cpp
  s_64fea63fed100b::t_59b4aab0d89a62 1-2,39,96,100,104,111,115,123,130,134,138,145,149,155,162,166,175,182,186,191,198,202,208,215,219,225,232,236,242,249,253,261,268,272,280,287,291,297,304,308,312,319,323,330,337,341,348,355,359,368,375,379,384,391,395,399,406,410,416,423,427,432,439,443,449,456,460,466,473,477,483,490,494,500,507,511,517,524,528,534,541,545,551,558,562,568,575,579,585,592,596,602,609,613,619,626,630,636,643,647,653,660,664,670,677,681,687,694,698,704,711,715,721,728,732,738,745,749,755,762,766,772,779,783,793,800,804,811,908-911,916,942,948,957,963,972,978,987,993,1002,1008,1017,1023,1032,1038,1047,1053,1062,1068,1077,1083,1092,1098,1107,1113,1122,1128,1137,1143,1152,1158,1167,1173,1182,1188,1197,1203,1212,1218,1227,1233,1242,1248,1257,1263,1272,1278,1287,1293,1302,1308,1317,1323,1332,1338,1347,1353,1362,1368,1377,1383,1392,1398,1407,1413,1422,1428,1437,1443,1452,1458,1467,1473,1482,1488,1497,1503,1512,1518,1527,1533,1542,1548,1557,1563
qt6/multimedia/gen_qgraphicsvideoitem.go
  s_64fea63fed100b::t_14f7ad90468f6d 24-28,151-154,306-310,335-339,369-373,398-402,430-434,464-468,496-500,530-534,560-564,590-594,620-624,650-654,682-686,711-715,743-747,777-781,811-815,845-849,874-878,908-912,940-944,970-974,1000-1004,1030-1034,1060-1064,1090-1094,1120-1124,1150-1154,1180-1184,1210-1214,1240-1244,1270-1274,1300-1304,1330-1334,1360-1364,1390-1394,1420-1424,1450-1454,1482-1486,1514-1518,1546-1550,1580-1584
qt6/multimedia/gen_qgraphicsvideoitem.h
  s_64fea63fed100b::t_e10fc37cb6dd06 91
qt6/multimedia/gen_qimagecapture.cpp
  s_64fea63fed100b::t_898dca46f7aeb8 1-2,26,59,63,68,75,79,85,92,96,102,109,113,119,126,130,136,143,147,155,162,166,174,336-339,341,349-352,365,372-375,378,385-388,390,397-400,402,409-412,414,421-424,426,433-436,439,446-449,455,462-465,471,478-481,487,495-498,509,540,546,555,561,570,576,585,591,600,606,615,621,630,636
qt6/multimedia/gen_qimagecapture.go
  s_64fea63fed100b::t_28aeb6a5219c61 50-54,224-227,247-250,276-279,298-301,317-320,336-339,355-358,374-377,396-399,420-423,444-447,472-475,590-594,622-626,656-660,686-690,716-720,746-750,776-780
qt6/multimedia/gen_qimagecapture.h
  s_64fea63fed100b::t_cbd1d5d8b14bcd 72,74,76,78,80,82,84,86,88,90,92,94
qt6/multimedia/gen_qmediacapturesession.cpp
  s_64fea63fed100b::t_b4abda6f18c5ea 1-2,26,53,57,62,69,73,79,86,90,96,103,107,113,120,124,130,137,141,149,156,160,168,272-275,277,284-287,289,296-299,301,308-311,313,320-323,325,332-335,337,363,369,378,384,393,399,408,414,423,429,438,444,453,459
qt6/multimedia/gen_qmediacapturesession.go
  s_64fea63fed100b::t_1cfbbfeeef2e64 18-22,149-152,168-171,187-190,206-209,225-228,244-247,346-350,378-382,412-416,442-446,472-476,502-506,532-536
qt6/multimedia/gen_qmediacapturesession.h
  s_64fea63fed100b::t_1bed7661f03013 68,70,72,74,76,78
qt6/multimedia/gen_qmediadevices.cpp
  s_64fea63fed100b::t_37be8fa0236edb 1-2,23,47,51,56,63,67,73,80,84,90,97,101,107,114,118,124,131,135,143,150,154,162,261-264,266,273-276,278,285-288,290,316,322,331,337,346,352,361,367,376,382,391,397,406,412
qt6/multimedia/gen_qmediadevices.go
  s_64fea63fed100b::t_731872c9f5741b 18-22,147-150,166-169,185-188,287-291,319-323,353-357,383-387,413-417,443-447,473-477
qt6/multimedia/gen_qmediadevices.h
  s_64fea63fed100b::t_1ca8f10b501b63 52,54,56
qt6/multimedia/gen_qmediaplayer.cpp
  s_64fea63fed100b::t_3bb1e951daa7ba 1-2,27,66,70,75,82,86,92,99,103,109,116,120,126,133,137,143,150,154,162,169,173,181,429-432,437,444-447,451,458-461,465,472-475,479,486-489,493,500-503,506,513-516,519,526-529,532,539-542,545,552-555,559,566-569,571,578-581,583,590-593,595,602-605,607,614-617,619,626-629,631,638-641,643,651-654,666,696,702,711,717,726,732,741,747,756,762,771,777,786,792
qt6/multimedia/gen_qmediaplayer.go
  s_64fea63fed100b::t_34de9a9e16dea2 56-60,324-327,346-349,368-371,390-393,412-415,434-437,456-459,478-481,500-503,522-525,544-547,563-566,582-585,601-604,620-623,639-642,658-661,681-684,795-799,827-831,861-865,891-895,921-925,951-955,981-985
qt6/multimedia/gen_qmediaplayer.h
  s_64fea63fed100b::t_39814d24df54b6 94,96,98,100,102,104,106,108,110,112,114,116,118,120,122,124,126,128
qt6/multimedia/gen_qmediarecorder.cpp
  s_64fea63fed100b::t_0bc4f1dd720d59 1-2,25,62,66,71,78,82,88,95,99,105,112,116,122,129,133,139,146,150,158,165,169,177,374-377,381,388-391,395,402-405,410,417-420,422,430-433,445,452-455,457,464-467,469,476-479,481,488-491,493,500-503,505,512-515,517,524-527,529,536-539,541,548-551,553,560-563,565,572-575,577,603,609,618,624,633,639,648,654,663,669,678,684,693,699
qt6/multimedia/gen_qmediarecorder.go
  s_64fea63fed100b::t_1b8f1d66894d88 55-59,279-282,301-304,323-326,345-348,368-371,395-398,414-417,433-436,452-455,471-474,490-493,509-512,528-531,547-550,566-569,585-588,687-691,719-723,753-757,783-787,813-817,843-847,873-877
qt6/multimedia/gen_qmediarecorder.h
  s_64fea63fed100b::t_0a8b11ae25b5c4 86,88,90,92,94,96,98,100,102,104,106,108,110,112,114,116
qt6/multimedia/gen_qsoundeffect.cpp
  s_64fea63fed100b::t_ca2fc27c6809c6 1-2,23,55,59,64,71,75,81,88,92,98,105,109,115,122,126,132,139,143,151,158,162,170,303-306,308,315-318,320,327-330,332,339-342,344,351-354,356,363-366,368,375-378,380,387-390,392,399-402,404,438,444,453,459,468,474,483,489,498,504,513,519,528,534
qt6/multimedia/gen_qsoundeffect.go
  s_64fea63fed100b::t_85c6995b8019e5 33-37,193-196,212-215,231-234,250-253,269-272,288-291,307-310,326-329,345-348,455-459,487-491,521-525,551-555,581-585,611-615,641-645
qt6/multimedia/gen_qsoundeffect.h
  s_64fea63fed100b::t_58a1bd07bf0491 63,65,67,69,71,73,75,77,79
qt6/multimedia/gen_qvideosink.cpp
  s_64fea63fed100b::t_5c1dc06d825b66 1-2,22,46,50,55,62,66,72,79,83,89,96,100,106,113,117,123,130,134,142,149,153,161,237-240,245,253-256,266,273-276,278,304,310,319,325,334,340,349,355,364,370,379,385,394,400
qt6/multimedia/gen_qvideosink.go
  s_64fea63fed100b::t_6bff1270a3e412 18-22,124-127,150-153,175-178,277-281,309-313,343-347,373-377,403-407,433-437,463-467
qt6/multimedia/gen_qvideosink.h
  s_64fea63fed100b::t_791d943b2b3afb 51,53,55
qt6/multimedia/gen_qvideowidget.cpp
  s_64fea63fed100b::t_5ed68a298c8678 1-2,48,111,115,119,126,130,135,142,146,152,159,163,169,176,180,186,193,197,203,210,214,218,225,229,235,242,246,250,257,261,266,273,277,281,288,292,296,303,307,313,320,324,330,337,341,347,354,358,364,371,375,381,388,392,398,405,409,415,422,426,432,439,443,449,456,460,466,473,477,483,490,494,500,507,511,517,524,528,534,541,545,551,558,562,568,575,579,585,592,596,602,609,613,619,626,630,636,643,647,660,667,671,677,684,688,694,701,705,711,718,722,727,734,738,742,749,753,759,766,770,776,783,787,792,799,803,809,816,820,826,833,837,843,850,854,860,867,871,879,886,890,898,972-975,978,985-988,992,1018,1024,1033,1039,1048,1054,1063,1069,1078,1084,1093,1099,1108,1114,1123,1129,1138,1144,1153,1159,1168,1174,1183,1189,1198,1204,1213,1219,1228,1234,1243,1249,1258,1264,1273,1279,1288,1294,1303,1309,1318,1324,1333,1339,1348,1354,1363,1369,1378,1384,1393,1399,1408,1414,1423,1429,1438,1444,1453,1459,1468,1474,1483,1489,1498,1504,1514,1520,1529,1535,1544,1550,1559,1565,1574,1580,1589,1595,1604,1610,1619,1625,1634,1640,1649,1655,1664,1670,1679,1685,1694,1700,1709,1715
qt6/multimedia/gen_qvideowidget.go
  s_64fea63fed100b::t_cc1c61c442b8fc 18-22,115-118,137-140,308-312,337-341,369-373,399-403,429-433,459-463,489-493,518-522,550-554,579-583,611-615,640-644,669-673,699-703,729-733,759-763,789-793,819-823,849-853,879-883,909-913,939-943,969-973,999-1003,1029-1033,1059-1063,1089-1093,1119-1123,1149-1153,1179-1183,1209-1213,1239-1243,1276-1280,1314-1318,1344-1348,1376-1380,1406-1410,1438-1442,1467-1471,1499-1503,1531-1535,1563-1567,1597-1601,1627-1631,1657-1661,1687-1691,1717-1721
qt6/multimedia/gen_qvideowidget.h
  s_64fea63fed100b::t_8918ef4c0938be 101,103
qt6/multimedia/gen_qwavedecoder.cpp
  s_64fea63fed100b::t_8ee41f4ae9b122 1-2,23,63,67,73,80,84,89,96,100,106,113,117,121,128,132,136,143,147,151,158,162,166,173,177,181,188,192,196,203,207,211,218,222,226,233,237,242,249,253,258,265,269,276,283,287,293,300,304,309,316,320,326,333,337,343,350,354,360,367,371,377,384,388,396,403,407,415,521-524,526,533-536,538,564,570,579,585,594,600,609,615,625,631,641,647,656,662,672,678,687,693,702,708,718,724,733,739,748,754,763,769,779,785,795,801,810,816,825,831,840,846,855,861,870,876,885,891
qt6/multimedia/gen_qwavedecoder.go
  s_64fea63fed100b::t_d69462e9e82eea 18-22,151-154,170-173,300-304,332-336,359-363,391-395,420-424,449-453,478-482,507-511,536-540,565-569,594-598,623-627,655-659,689-693,724-728,756-760,788-792,822-826,852-856,882-886,912-916,942-946
qt6/multimedia/gen_qwavedecoder.h
  s_64fea63fed100b::t_128d5caf39c6f0 61,63
qt6/network/dtls/gen_qdtls.cpp
  s_64fea63fed100b::t_11e31aacc7c453 1-2,30,38,61,65,70,77,81,87,94,98,104,111,115,121,128,132,138,145,149,157,164,168,176,281,287,296,302,311,317,326,332,341,347,356,362,371,377,442,446,451,458,462,468,475,479,485,492,496,502,509,513,519,526,530,538,545,549,557,757-760,763,770-773,775,811,817,826,832,841,847,856,862,871,877,886,892,901,907
qt6/network/dtls/gen_qdtls.go
  s_64fea63fed100b::t_6e7521222976b2 42-46,239-243,271-275,305-309,335-339,365-369,395-399,425-429,463-467,695-698,717-720,838-842,870-874,904-908,934-938,964-968,994-998,1024-1028
qt6/network/dtls/gen_qdtls.h
  s_64fea63fed100b::t_555f873c4a8f1c 126,128
qt6/network/gen_qabstractsocket.cpp
  s_64fea63fed100b::t_376b3bd531752e 1-2,26,80,84,89,96,100,111,118,122,141,148,152,157,164,168,172,179,183,187,194,198,205,212,216,220,227,231,241,248,252,262,269,273,279,286,290,295,302,306,310,317,321,326,333,337,342,349,353,358,365,369,374,381,385,392,399,403,410,417,421,427,434,438,445,452,456,462,469,473,477,484,488,492,499,503,509,516,520,524,531,535,539,546,550,554,561,565,570,577,581,587,594,598,604,611,615,621,628,632,638,645,649,657,664,668,676,903-906,908,915-918,920,927-930,932,939-942,946,953-956,960,967-970,976,1014,1020,1029,1035,1044,1050,1060,1066,1075,1081,1091,1097,1107,1113,1122,1128,1138,1144,1153,1159,1168,1174,1183,1189,1198,1204,1213,1219,1228,1234,1243,1249,1258,1264,1273,1279,1289,1295,1305,1311,1321,1327,1337,1343,1352,1358,1368,1374,1384,1390,1399,1405,1414,1420,1429,1435,1444,1450,1459,1465,1474,1480,1489,1495,1504,1510,1519,1525,1534,1540
qt6/network/gen_qabstractsocket.go
  s_64fea63fed100b::t_e761794eb5eabb 106-110,345-348,364-367,383-386,402-405,424-427,446-449,681-685,708-712,748-752,786-790,813-817,842-846,871-875,901-905,930-934,966-970,1000-1004,1032-1036,1059-1063,1088-1092,1120-1124,1152-1156,1184-1188,1218-1222,1255-1259,1290-1294,1324-1328,1359-1363,1391-1395,1420-1424,1449-1453,1481-1485,1510-1514,1539-1543,1568-1572,1600-1604,1634-1638,1664-1668,1694-1698,1724-1728,1754-1758
qt6/network/gen_qabstractsocket.h
  s_64fea63fed100b::t_44395486c34ee3 90,92,94,96,98,100
qt6/network/gen_qdnslookup.cpp
  s_64fea63fed100b::t_c98a213bc5f720 1-2,28,312,316,321,328,332,338,345,349,355,362,366,372,379,383,389,396,400,408,415,419,427,647-650,652,660-663,673,680-683,687,694-697,702,728,734,743,749,758,764,773,779,788,794,803,809,818,824
qt6/network/gen_qdnslookup.go
  s_64fea63fed100b::t_b3b9a718be944e 486-490,741-744,764-767,789-792,811-814,916-920,948-952,982-986,1012-1016,1042-1046,1072-1076,1102-1106
qt6/network/gen_qdnslookup.h
  s_64fea63fed100b::t_f34a91f06de4d5 130,132,134,136
qt6/network/gen_qhttpmultipart.cpp
  s_64fea63fed100b::t_f45dd305529db3 1-2,24,94,98,103,110,114,120,127,131,137,144,148,154,161,165,171,178,182,190,197,201,209,306,312,321,327,336,342,351,357,366,372,381,387,396,402
qt6/network/gen_qhttpmultipart.go
  s_64fea63fed100b::t_2cfad1b5b53ef8 138-142,334-338,366-370,400-404,430-434,460-464,490-494,520-524
qt6/network/gen_qlocalserver.cpp
  s_64fea63fed100b::t_d14edc00f1d8fa 1-2,21,46,50,54,61,65,69,76,80,87,94,98,103,110,114,120,127,131,137,144,148,154,161,165,171,178,182,190,197,201,209,257-260,262,398,404,413,419,428,434,443,449,458,464,473,479,488,494,503,509,518,524,533,539
qt6/network/gen_qlocalserver.go
  s_64fea63fed100b::t_fca3ca143f64a1 29-33,104-107,307-311,336-340,365-369,395-399,427-431,461-465,491-495,521-525,551-555,581-585
qt6/network/gen_qlocalserver.h
  s_64fea63fed100b::t_e8658c5222a4e7 44
qt6/network/gen_qlocalsocket.cpp
  s_64fea63fed100b::t_46359a58ee98f5 1-2,22,64,68,72,79,83,87,94,98,102,109,113,117,124,128,134,141,145,150,157,161,166,173,177,182,189,193,200,207,211,218,225,229,235,242,246,253,260,264,268,275,279,283,290,294,300,307,311,315,322,326,330,337,341,346,353,357,363,370,374,380,387,391,397,404,408,414,421,425,433,440,444,452,633-636,638,645-648,650,657-660,664,671-674,678,729,735,744,750,760,766,776,782,791,797,806,812,821,827,836,842,851,857,867,873,883,889,899,905,915,921,931,937,947,953,962,968,977,983,992,998,1007,1013,1022,1028,1037,1043,1052,1058,1067,1073,1082,1088
qt6/network/gen_qlocalsocket.go
  s_64fea63fed100b::t_e02035817e7f73 50-54,247-250,266-269,285-288,307-310,468-472,497-501,526-530,555-559,584-588,616-620,643-647,675-679,709-713,746-750,781-785,815-819,850-854,879-883,908-912,940-944,969-973,998-1002,1030-1034,1064-1068,1094-1098,1124-1128,1154-1158,1184-1188
qt6/network/gen_qlocalsocket.h
  s_64fea63fed100b::t_3dd986688741c1 73,75,77,79
qt6/network/gen_qnetworkaccessmanager.cpp
  s_64fea63fed100b::t_675dd69f9d3983 1-2,35,64,68,72,91,95,105,112,116,121,128,132,138,145,149,155,162,166,172,179,183,189,196,200,208,215,219,227,470-473,479,486-489,493,500-503,506,513-516,519,532-535,548,555-558,562,617,623,648,654,663,669,678,684,693,699,708,714,723,729,738,744,753,759
qt6/network/gen_qnetworkaccessmanager.go
  s_64fea63fed100b::t_7b62f4c1811132 30-34,340-343,364-367,388-391,410-413,438-441,470-473,656-660,693-697,729-733,761-765,795-799,825-829,855-859,885-889,915-919
qt6/network/gen_qnetworkaccessmanager.h
  s_64fea63fed100b::t_c4c26b703aec16 106,108,110,112,114,116
qt6/network/gen_qnetworkcookiejar.cpp
  s_64fea63fed100b::t_dc61249085a52e 1-2,23,50,54,61,75,79,96,103,107,114,121,125,132,139,143,150,157,161,171,178,182,187,194,198,204,211,215,221,228,232,238,245,249,255,262,266,274,281,285,293,397,403,421,427,442,448,457,463,472,478,487,493,502,508,517,523,532,538,547,553,562,568,577,583,592,598
qt6/network/gen_qnetworkcookiejar.go
  s_64fea63fed100b::t_66004f6d486332 18-22,258-262,301-305,343-347,375-379,407-411,439-443,473-477,505-509,539-543,569-573,599-603,629-633,659-663
qt6/network/gen_qnetworkdiskcache.cpp
  s_64fea63fed100b::t_fcab5def18e4b5 1-2,24,54,58,62,69,73,80,87,91,99,106,110,117,124,128,135,142,146,153,160,164,170,177,181,186,193,197,201,208,212,217,224,228,234,241,245,251,258,262,268,275,279,285,292,296,304,311,315,323,453,459,469,475,484,490,499,505,514,520,529,535,544,550,559,565,574,580,590,596,605,611,620,626,635,641,650,656,665,671,680,686
qt6/network/gen_qnetworkdiskcache.go
  s_64fea63fed100b::t_162b851e760a19 18-22,243-247,274-278,306-310,336-340,368-372,400-404,432-436,462-466,489-493,518-522,550-554,584-588,614-618,644-648,674-678,704-708
qt6/network/gen_qnetworkinformation.cpp
  s_64fea63fed100b::t_69aac4ac330b19 1-2,18,128-131,135,142-145,148,155-158,162,169-172,175
qt6/network/gen_qnetworkinformation.go
  s_64fea63fed100b::t_f0c951440710e2 46-50,169-172,191-194,213-216,235-238
qt6/network/gen_qnetworkinformation.h
  s_64fea63fed100b::t_56f922fb07a6c5 46,48,50,52
qt6/network/gen_qnetworkproxy.cpp
  s_64fea63fed100b::t_1655cfe321288b 1-2,20,359,363,370,456,462
qt6/network/gen_qnetworkproxy.go
  s_64fea63fed100b::t_a4a123ba112fa0 551-555,658-662
qt6/network/gen_qnetworkreply.cpp
  s_64fea63fed100b::t_c76002ed21556d 1-2,29,220-223,225,232-235,237,244-247,249,256-259,261,268-271,275,282-285,287,300-303,315,322-325,328,335-338,343,350-353,355,362-365,371,378-381,387
qt6/network/gen_qnetworkreply.go
  s_64fea63fed100b::t_5a5659b25ddbfd 57-61,276-279,295-298,314-317,333-336,352-355,374-377,399-402,429-432,451-454,473-476,492-495,516-519
qt6/network/gen_qnetworkreply.h
  s_64fea63fed100b::t_42bb74c32849fb 74,76,78,80,82,84,86,88,90,92,94,96
qt6/network/gen_qsslserver.cpp
  s_64fea63fed100b::t_da9058a41e7dec 1-2,27,59,63,70,77,81,85,92,96,100,107,111,116,123,127,133,140,144,150,157,161,167,174,178,184,191,195,203,210,214,222,293-296,309,316-319,325,332-335,340,347-350,354,362-365,380,388-391,406,413-416,422,429-432,435,461,467,476,482,491,497,506,512,521,527,536,542,551,557,566,572,581,587,596,602
qt6/network/gen_qsslserver.go
  s_64fea63fed100b::t_eeaeafd64b1b51 18-22,117-120,149-152,173-176,197-200,225-228,260-263,291-294,315-318,432-436,462-466,491-495,520-524,552-556,586-590,616-620,646-650,676-680,706-710
qt6/network/gen_qsslserver.h
  s_64fea63fed100b::t_60f82ac744b80e 58,60,62,64,66,68,70,72
qt6/network/gen_qsslsocket.cpp
  s_64fea63fed100b::t_94d68cfa7d840a 1-2,35,94,98,103,110,114,124,131,135,154,161,165,170,177,181,191,198,202,208,215,219,223,230,234,238,245,249,253,260,264,269,276,280,284,291,295,302,309,313,318,325,329,334,341,345,350,357,361,366,373,377,384,391,395,401,408,412,419,426,430,441,448,452,456,463,467,471,478,482,489,496,500,506,513,517,521,528,532,536,543,547,553,560,564,568,575,579,584,591,595,601,608,612,618,625,629,635,642,646,652,659,663,671,678,682,690,1149-1152,1154,1161-1164,1169,1182-1185,1197,1204-1207,1211,1218-1221,1225,1232-1235,1238,1245-1248,1250,1258-1261,1275,1283-1286,1300,1307-1310,1315,1448,1454,1463,1469,1478,1484,1494,1500,1509,1515,1524,1530,1539,1545,1555,1561,1571,1577,1586,1592,1601,1607,1616,1622,1631,1637,1646,1652,1661,1667,1676,1682,1691,1697,1707,1713,1723,1729,1739,1745,1754,1760,1770,1776,1785,1791,1801,1807,1816,1822,1832,1838,1848,1854,1863,1869,1878,1884,1893,1899,1908,1914,1923,1929,1938,1944,1953,1959,1968,1974
qt6/network/gen_qsslsocket.go
  s_64fea63fed100b::t_f02e9f54144e93 35-39,501-504,520-523,548-551,578-581,600-603,622-625,644-647,667-670,700-703,729-732,1099-1103,1126-1130,1166-1170,1204-1208,1231-1235,1265-1269,1297-1301,1326-1330,1355-1359,1384-1388,1411-1415,1440-1444,1470-1474,1502-1506,1534-1538,1566-1570,1600-1604,1635-1639,1669-1673,1704-1708,1740-1744,1769-1773,1800-1804,1835-1839,1867-1871,1896-1900,1925-1929,1957-1961,1986-1990,2018-2022,2052-2056,2082-2086,2112-2116,2142-2146,2172-2176
qt6/network/gen_qsslsocket.h
  s_64fea63fed100b::t_903c590e365bb5 134,136,138,140,142,144,146,148,150,152
qt6/network/gen_qtcpserver.cpp
  s_64fea63fed100b::t_ffe8ff8ba4f328 1-2,23,50,54,58,65,69,73,80,84,91,98,102,107,114,118,124,131,135,141,148,152,158,165,169,175,182,186,194,201,205,213,352-355,357,364-367,371,413,419,428,434,443,449,458,464,473,479,488,494,503,509,518,524,533,539,548,554,617-620,622
qt6/network/gen_qtcpserver.go
  s_64fea63fed100b::t_87871a70fbb67d 18-22,180-183,199-202,332-336,361-365,390-394,420-424,452-456,486-490,516-520,546-550,576-580,606-610,629-632
qt6/network/gen_qtcpserver.h
  s_64fea63fed100b::t_944917b329cd7e 69,71,106
qt6/network/gen_qtcpsocket.cpp
  s_64fea63fed100b::t_0b3bb2be850c30 1-2,25,74,78,83,90,94,105,112,116,135,142,146,151,158,162,166,173,177,181,188,192,199,206,210,214,221,225,235,242,246,256,263,267,273,280,284,289,296,300,304,311,315,320,327,331,336,343,347,352,359,363,368,375,379,386,393,397,404,411,415,421,428,432,439,446,450,456,463,467,471,478,482,486,493,497,503,510,514,518,525,529,533,540,544,548,555,559,564,571,575,581,588,592,598,605,609,615,622,626,632,639,643,651,658,662,670,758,764,773,779,788,794,804,810,819,825,835,841,851,857,866,872,882,888,897,903,912,918,927,933,942,948,957,963,972,978,987,993,1002,1008,1017,1023,1033,1039,1049,1055,1065,1071,1081,1087,1096,1102,1112,1118,1128,1134,1143,1149,1158,1164,1173,1179,1188,1194,1203,1209,1218,1224,1233,1239,1248,1254,1263,1269,1278,1284
qt6/network/gen_qtcpsocket.go
  s_64fea63fed100b::t_70e793943003db 18-22,304-308,331-335,371-375,409-413,436-440,465-469,494-498,524-528,553-557,589-593,623-627,655-659,682-686,711-715,743-747,775-779,807-811,841-845,878-882,913-917,947-951,982-986,1014-1018,1043-1047,1072-1076,1104-1108,1133-1137,1162-1166,1191-1195,1223-1227,1257-1261,1287-1291,1317-1321,1347-1351,1377-1381
qt6/network/gen_qudpsocket.cpp
  s_64fea63fed100b::t_ab61505f980316 1-2,28,77,81,86,93,97,108,115,119,138,145,149,154,161,165,169,176,180,184,191,195,202,209,213,217,224,228,238,245,249,259,266,270,276,283,287,292,299,303,307,314,318,323,330,334,339,346,350,355,362,366,371,378,382,389,396,400,407,414,418,424,431,435,442,449,453,459,466,470,474,481,485,489,496,500,506,513,517,521,528,532,536,543,547,551,558,562,567,574,578,584,591,595,601,608,612,618,625,629,635,642,646,654,661,665,673,833,839,848,854,863,869,879,885,894,900,910,916,926,932,941,947,957,963,972,978,987,993,1002,1008,1017,1023,1032,1038,1047,1053,1062,1068,1077,1083,1092,1098,1108,1114,1124,1130,1140,1146,1156,1162,1171,1177,1187,1193,1203,1209,1218,1224,1233,1239,1248,1254,1263,1269,1278,1284,1293,1299,1308,1314,1323,1329,1338,1344,1353,1359
qt6/network/gen_qudpsocket.go
  s_64fea63fed100b::t_f41e8f87a2d0aa 18-22,389-393,416-420,456-460,494-498,521-525,550-554,579-583,609-613,638-642,674-678,708-712,740-744,767-771,796-800,828-832,860-864,892-896,926-930,963-967,998-1002,1032-1036,1067-1071,1099-1103,1128-1132,1157-1161,1189-1193,1218-1222,1247-1251,1276-1280,1308-1312,1342-1346,1372-1376,1402-1406,1432-1436,1462-1466
qt6/network/sctp/gen_qsctpserver.cpp
  s_64fea63fed100b::t_00c9ec8a08a471 1-2,23,47,51,58,65,69,73,80,84,88,95,99,104,111,115,121,128,132,138,145,149,155,162,166,172,179,183,191,198,202,210,290,296,305,311,320,326,335,341,350,356,365,371,380,386,395,401,410,416,425,431
qt6/network/sctp/gen_qsctpserver.go
  s_64fea63fed100b::t_b9fde65eca0083 19-23,201-205,231-235,260-264,289-293,321-325,355-359,385-389,415-419,445-449,475-479
qt6/network/sctp/gen_qsctpsocket.cpp
  s_64fea63fed100b::t_6bee98aea31693 1-2,27,76,80,85,92,96,101,108,112,119,126,130,137,144,148,153,160,164,175,182,186,205,212,216,220,227,231,235,242,246,253,260,264,268,275,279,289,296,300,310,317,321,327,334,338,342,349,353,358,365,369,374,381,385,390,397,401,406,413,417,423,430,434,441,448,452,458,465,469,473,480,484,488,495,499,505,512,516,520,527,531,535,542,546,550,557,561,566,573,577,583,590,594,600,607,611,617,624,628,634,641,645,653,660,664,672,776,782,791,797,806,812,822,828,838,844,853,859,868,874,884,890,900,906,916,922,931,937,947,953,962,968,977,983,992,998,1007,1013,1022,1028,1037,1043,1052,1058,1067,1073,1083,1089,1099,1105,1114,1120,1130,1136,1146,1152,1161,1167,1176,1182,1191,1197,1206,1212,1221,1227,1236,1242,1251,1257,1266,1272,1281,1287,1296,1302
qt6/network/sctp/gen_qsctpsocket.go
  s_64fea63fed100b::t_2f86f82c4c9a80 19-23,323-327,350-354,379-383,416-420,451-455,478-482,518-522,556-560,585-589,614-618,644-648,673-677,709-713,743-747,775-779,804-808,836-840,868-872,900-904,932-936,966-970,1001-1005,1033-1037,1062-1066,1091-1095,1123-1127,1152-1156,1181-1185,1210-1214,1242-1246,1276-1280,1306-1310,1336-1340,1366-1370,1396-1400
qt6/pdf/gen_qpdfbookmarkmodel.cpp
  s_64fea63fed100b::t_13ed9cc30eab2d 1-2,32,91,95,103,110,114,123,130,134,141,148,152,159,166,170,177,184,188,192,207,211,220,227,231,238,245,249,260,267,271,279,286,290,301,308,312,319,332,336,358,365,369,376,383,387,391,410,414,428,435,439,451,458,462,474,481,485,489,496,500,504,511,515,524,531,535,544,551,555,564,571,575,584,591,595,608,615,619,632,639,643,651,658,662,669,676,680,687,694,698,706,713,717,724,731,735,749,763,767,774,781,785,794,801,805,809,816,820,825,832,836,841,848,852,857,864,868,874,881,885,891,898,902,908,915,919,925,932,936,944,951,955,963,1082-1085,1088,1114,1120,1129,1135,1144,1150,1159,1165,1174,1180,1189,1195,1223,1229,1238,1244,1253,1259,1268,1274,1283,1289,1298,1304,1327,1333,1348,1354,1363,1369,1394,1400,1415,1421,1430,1436,1445,1451,1461,1467,1477,1483,1492,1498,1507,1513,1522,1528,1537,1543,1552,1558,1567,1573,1582,1588,1597,1603,1613,1619,1628,1634,1643,1649,1667,1673,1682,1688,1697,1703,1712,1718,1727,1733,1742,1748,1757,1763,1772,1778,1787,1793,1802,1808,1817,1823,1832,1838
qt6/pdf/gen_qpdfbookmarkmodel.go
  s_64fea63fed100b::t_a0211c4e9c0bb4 29-33,155-158,540-544,576-580,614-618,646-650,678-682,723-727,774-778,810-814,842-846,880-884,916-920,967-971,1027-1031,1074-1078,1115-1119,1158-1162,1198-1202,1238-1242,1278-1282,1307-1311,1336-1340,1372-1376,1408-1412,1444-1448,1480-1484,1520-1524,1560-1564,1590-1594,1622-1626,1654-1658,1688-1692,1728-1732,1775-1779,1807-1811,1841-1845,1870-1874,1897-1901,1924-1928,1956-1960,1990-1994,2020-2024,2050-2054,2080-2084,2110-2114
qt6/pdf/gen_qpdfbookmarkmodel.h
  s_64fea63fed100b::t_6a3197bf8d6287 66
qt6/pdf/gen_qpdfdocument.cpp
  s_64fea63fed100b::t_faad5f94284198 1-2,29,55,59,64,71,75,81,88,92,98,105,109,115,122,126,132,139,143,151,158,162,170,301-304,306,313-316,318,325-328,332,339-342,345,352-355,357,387,393,402,408,417,423,432,438,447,453,462,468,477,483
qt6/pdf/gen_qpdfdocument.go
  s_64fea63fed100b::t_800db8cf7f29d2 61-65,226-229,245-248,264-267,286-289,308-311,416-420,448-452,482-486,512-516,542-546,572-576,602-606
qt6/pdf/gen_qpdfdocument.h
  s_64fea63fed100b::t_1b1d0f8719a09f 76,78,80,82,84
qt6/pdf/gen_qpdfpagenavigator.cpp
  s_64fea63fed100b::t_90268b0b7ddb6f 1-2,22,49,53,58,65,69,75,82,86,92,99,103,109,116,120,126,133,137,145,152,156,164,258-261,264,271-274,277,284-287,291,298-301,304,311-314,317,324-327,330,360,366,375,381,390,396,405,411,420,426,435,441,450,456
qt6/pdf/gen_qpdfpagenavigator.go
  s_64fea63fed100b::t_39dfe2da91d6bd 18-22,139-142,161-164,185-188,207-210,229-232,251-254,378-382,410-414,444-448,474-478,504-508,534-538,564-568
qt6/pdf/gen_qpdfpagenavigator.h
  s_64fea63fed100b::t_46178c0df13333 57,59,61,63,65,67
qt6/pdf/gen_qpdfpagerenderer.cpp
  s_64fea63fed100b::t_857ef8c7e8df7c 1-2,24,48,52,57,64,68,74,81,85,91,98,102,108,115,119,125,132,136,144,151,155,163,233-236,239,246-249,253,260-263,273,304,310,319,325,334,340,349,355,364,370,379,385,394,400
qt6/pdf/gen_qpdfpagerenderer.go
  s_64fea63fed100b::t_4a9ead8bc17797 25-29,120-123,142-145,164-167,285-289,317-321,351-355,381-385,411-415,441-445,471-475
qt6/pdf/gen_qpdfpagerenderer.h
  s_64fea63fed100b::t_1ea3043b630356 55,57,59
qt6/pdf/gen_qpdfsearchmodel.cpp
  s_64fea63fed100b::t_68207050cf0831 1-2,34,91,95,99,114,118,125,132,136,144,151,155,161,168,172,181,188,192,201,208,212,224,231,235,242,249,253,264,271,275,283,290,294,305,312,316,323,336,340,362,369,373,380,387,391,395,414,418,432,439,443,455,462,466,470,477,481,485,492,496,505,512,516,525,532,536,545,552,556,565,572,576,589,596,600,613,620,624,632,639,643,650,657,661,669,676,680,687,694,698,712,726,730,737,744,748,757,764,768,772,779,783,788,795,799,804,811,815,820,827,831,837,844,848,854,861,865,871,878,882,890,897,901,909,1050-1053,1055,1062-1065,1067,1093,1099,1127,1133,1142,1148,1157,1163,1172,1178,1187,1193,1202,1208,1217,1223,1233,1239,1248,1254,1263,1269,1278,1284,1307,1313,1328,1334,1343,1349,1374,1380,1395,1401,1410,1416,1426,1432,1442,1448,1457,1463,1472,1478,1487,1493,1502,1508,1517,1523,1532,1538,1547,1553,1562,1568,1577,1583,1592,1598,1616,1622,1631,1637,1646,1652,1661,1667,1676,1682,1691,1697,1706,1712,1721,1727,1736,1742,1751,1757,1766,1772
qt6/pdf/gen_qpdfsearchmodel.go
  s_64fea63fed100b::t_772b4496248e6c 29-33,172-175,191-194,596-600,645-649,679-683,713-717,745-749,783-787,819-823,859-863,891-895,929-933,965-969,1016-1020,1076-1080,1123-1127,1164-1168,1207-1211,1247-1251,1287-1291,1316-1320,1345-1349,1381-1385,1417-1421,1453-1457,1489-1493,1529-1533,1569-1573,1599-1603,1631-1635,1665-1669,1705-1709,1752-1756,1784-1788,1818-1822,1847-1851,1874-1878,1901-1905,1933-1937,1967-1971,1997-2001,2027-2031,2057-2061
qt6/pdf/gen_qpdfsearchmodel.h
  s_64fea63fed100b::t_00796b95b7e826 71,73
qt6/pdf/gen_qpdfview.cpp
  s_64fea63fed100b::t_e697314ca3423e 1-2,53,125,129,135,142,146,152,159,163,170,177,181,185,192,196,200,207,211,217,224,228,234,241,245,250,257,261,266,273,277,283,290,294,300,307,311,317,324,328,334,341,345,351,358,362,368,375,379,385,392,396,402,409,413,419,426,430,436,443,447,453,460,464,468,475,479,485,492,496,502,509,513,517,524,528,534,541,545,550,557,561,565,572,576,580,587,591,597,604,608,614,621,625,631,638,642,648,655,659,665,672,676,682,689,693,699,706,710,716,723,727,733,740,744,750,757,761,767,774,778,791,798,802,808,815,819,825,832,836,841,848,852,856,863,867,873,880,884,890,897,901,906,913,917,923,930,934,940,947,951,957,964,968,976,983,987,995,1106-1109,1112,1119-1122,1126,1133-1136,1140,1147-1150,1154,1161-1164,1167,1174-1177,1180,1206,1212,1221,1227,1236,1242,1251,1257,1266,1272,1281,1287,1296,1302,1311,1317,1326,1332,1341,1347,1356,1362,1371,1377,1386,1392,1401,1407,1416,1422,1431,1437,1446,1452,1461,1467,1476,1482,1491,1497,1506,1512,1521,1527,1536,1542,1551,1557,1566,1572,1581,1587,1596,1602,1611,1617,1626,1632,1641,1647,1656,1662,1671,1677,1686,1692,1701,1707,1716,1722,1731,1737,1746,1752,1761,1767,1776,1782,1791,1797,1807,1813,1822,1828,1837,1843,1852,1858,1867,1873,1882,1888,1897,1903,1912,1918,1927,1933,1942,1948,1957,1963,1972,1978
qt6/pdf/gen_qpdfview.go
  s_64fea63fed100b::t_d218160e50eb4a 33-37,162-165,184-187,206-209,228-231,250-253,272-275,483-487,513-517,543-547,577-581,608-612,637-641,667-671,701-705,733-737,765-769,795-799,825-829,855-859,885-889,915-919,945-949,975-979,1005-1009,1035-1039,1065-1069,1097-1101,1126-1130,1156-1160,1186-1190,1215-1219,1245-1249,1277-1281,1306-1310,1335-1339,1365-1369,1395-1399,1425-1429,1455-1459,1485-1489,1515-1519,1545-1549,1575-1579,1605-1609,1635-1639,1672-1676,1710-1714,1742-1746,1772-1776,1804-1808,1833-1837,1865-1869,1897-1901,1929-1933,1959-1963,1989-1993,2019-2023,2049-2053
qt6/pdf/gen_qpdfview.h
  s_64fea63fed100b::t_27619a4e4d21d8 119,121,123,125,127,129
qt6/positioning/gen_qgeoareamonitorsource.cpp
  s_64fea63fed100b::t_ee61edeacfd7f5 1-2,26,61,65,71,78,82,86,93,97,101,106,110,114,119,123,130,135,139,146,151,155,163,168,172,176,188,192,199,211,215,230,237,241,253,260,264,269,276,280,286,293,297,303,310,314,320,327,331,337,344,348,356,363,367,375,525-528,536,543-546,554,561-564,569,576-579,583,609,615,624,630,639,645,650,656,661,667,672,678,683,689,694,700,705,711,716,722,732,738,748,754,763,769,778,784,793,799,808,814,823,829,838,844
qt6/positioning/gen_qgeoareamonitorsource.go
  s_64fea63fed100b::t_6f84164f9dd314 34-38,207-210,231-234,255-258,277-280,382-386,412-416,435-439,458-462,481-485,507-511,533-537,562-566,590-594,631-635,673-677,708-712,740-744,774-778,804-808,834-838,864-868,894-898
qt6/positioning/gen_qgeoareamonitorsource.h
  s_64fea63fed100b::t_5a8b612adc9e27 66,68,70,72
qt6/positioning/gen_qgeopositioninfosource.cpp
  s_64fea63fed100b::t_ee70a2b71fb8cf 1-2,24,58,62,68,75,79,86,93,97,102,107,111,115,120,124,128,133,137,152,159,163,175,182,186,190,195,199,203,208,212,216,221,225,230,235,239,244,251,255,261,268,272,278,285,289,295,302,306,312,319,323,331,338,342,350,514-517,522,529-532,536,543-546,548,574,580,589,595,604,610,615,621,626,632,637,643,653,659,669,675,680,686,691,697,702,708,713,719,728,734,743,749,758,764,773,779,788,794,803,809
qt6/positioning/gen_qgeopositioninfosource.go
  s_64fea63fed100b::t_7c78ca6fa88d76 37-41,252-255,274-277,296-299,398-402,428-432,452-456,478-482,501-505,534-538,576-580,605-609,628-632,649-653,670-674,700-704,732-736,766-770,796-800,826-830,856-860,886-890
qt6/positioning/gen_qgeopositioninfosource.h
  s_64fea63fed100b::t_d08d470e228277 64,66,68
qt6/positioning/gen_qgeosatelliteinfosource.cpp
  s_64fea63fed100b::t_e8f9bb4806eed8 1-2,24,55,59,65,72,76,80,85,89,93,98,102,117,124,128,140,147,151,155,160,164,168,173,177,182,187,191,196,203,207,213,220,224,230,237,241,247,254,258,264,271,275,283,290,294,302,454-457,469,482-485,497,504-507,511,537,543,552,558,563,569,574,580,590,596,606,612,617,623,628,634,639,645,654,660,669,675,684,690,699,705,714,720,729,735
qt6/positioning/gen_qgeosatelliteinfosource.go
  s_64fea63fed100b::t_d56e1a221c7edf 28-32,231-234,267-270,297-300,402-406,426-430,449-453,482-486,524-528,553-557,574-578,595-599,625-629,657-661,691-695,721-725,751-755,781-785,811-815
qt6/positioning/gen_qgeosatelliteinfosource.h
  s_64fea63fed100b::t_e26cd82baf1c53 60,62,64
qt6/positioning/gen_qnmeapositioninfosource.cpp
  s_64fea63fed100b::t_c3a8e4e6fb78f7 1-2,24,57,61,67,74,78,83,90,94,98,105,109,113,120,124,128,135,139,144,151,155,160,167,171,177,184,188,196,203,207,214,221,225,240,247,251,263,270,274,279,286,290,296,303,307,313,320,324,330,337,341,347,354,358,366,373,377,385,508,514,523,529,538,544,554,560,569,575,585,591,600,606,615,621,630,636,645,651,660,666,676,682,692,698,707,713,722,728,737,743,752,758,767,773,782,788
qt6/positioning/gen_qnmeapositioninfosource.go
  s_64fea63fed100b::t_4d95d59cc0242a 25-29,249-253,281-285,313-317,342-346,371-375,400-404,427-431,454-458,486-490,525-529,559-563,601-605,636-640,668-672,702-706,732-736,762-766,792-796,822-826
qt6/positioning/gen_qnmeasatelliteinfosource.cpp
  s_64fea63fed100b::t_c827e732eb406b 1-2,25,56,60,66,73,77,81,88,92,96,103,107,122,129,133,145,152,156,161,168,172,177,184,188,194,201,205,221,228,232,250,257,261,266,273,277,283,290,294,300,307,311,317,324,328,334,341,345,353,360,364,372,488,494,503,509,518,524,534,540,550,556,566,572,581,587,596,602,611,617,633,639,655,661,670,676,685,691,700,706,715,721,730,736,745,751
qt6/positioning/gen_qnmeasatelliteinfosource.go
  s_64fea63fed100b::t_5f54f91c27ef1b 33-37,257-261,287-291,316-320,349-353,391-395,426-430,453-457,480-484,518-522,569-573,616-620,648-652,682-686,712-716,742-746,772-776,802-806
qt6/printsupport/gen_qabstractprintdialog.cpp
  s_64fea63fed100b::t_8fe0ce51f53fe5 1-2,50,116,120,126,133,137,141,148,152,156,163,167,172,179,183,187,194,198,204,211,215,220,227,231,236,243,247,253,260,264,270,277,281,287,294,298,304,311,315,321,328,332,338,345,349,353,360,364,369,376,380,384,391,395,399,406,410,415,422,426,432,439,443,449,456,460,466,473,477,483,490,494,500,507,511,517,524,528,534,541,545,551,558,562,568,575,579,585,592,596,602,609,613,619,626,630,636,643,647,653,660,664,670,677,681,687,694,698,704,711,715,721,728,732,738,745,749,762,769,773,779,786,790,796,803,807,813,820,824,829,836,840,844,851,855,861,868,872,878,885,889,894,901,905,911,918,922,928,935,939,945,952,956,964,971,975,983,1103,1109,1118,1124,1133,1139,1148,1154,1163,1169,1178,1184,1193,1199,1208,1214,1223,1229,1238,1244,1253,1259,1268,1274,1283,1289,1298,1304,1313,1319,1328,1334,1343,1349,1358,1364,1373,1379,1388,1394,1403,1409,1418,1424,1433,1439,1448,1454,1463,1469,1478,1484,1493,1499,1508,1514,1523,1529,1538,1544,1553,1559,1568,1574,1583,1589,1598,1604,1613,1619,1628,1634,1643,1649,1658,1664,1673,1679,1689,1695,1704,1710,1719,1725,1734,1740,1749,1755,1764,1770,1779,1785,1794,1800,1809,1815,1824,1830,1839,1845,1854,1860,1869,1875
qt6/printsupport/gen_qabstractprintdialog.go
  s_64fea63fed100b::t_29096a5a139cf7 38-42,318-322,350-354,381-385,410-414,437-441,466-470,496-500,523-527,550-554,580-584,610-614,640-644,670-674,700-704,734-738,763-767,795-799,824-828,853-857,885-889,915-919,945-949,975-979,1005-1009,1035-1039,1065-1069,1095-1099,1125-1129,1155-1159,1185-1189,1215-1219,1245-1249,1275-1279,1305-1309,1335-1339,1365-1369,1395-1399,1425-1429,1462-1466,1500-1504,1530-1534,1562-1566,1592-1596,1624-1628,1653-1657,1685-1689,1717-1721,1749-1753,1779-1783,1809-1813,1839-1843,1869-1873
qt6/printsupport/gen_qpagesetupdialog.cpp
  s_64fea63fed100b::t_1a73e9ea2a6b6a 1-2,49,117,121,125,132,136,142,149,153,159,166,170,174,181,185,189,196,200,205,212,216,221,228,232,237,244,248,254,261,265,271,278,282,288,295,299,305,312,316,322,329,333,339,346,350,354,361,365,370,377,381,385,392,396,400,407,411,416,423,427,433,440,444,450,457,461,467,474,478,484,491,495,501,508,512,518,525,529,535,542,546,552,559,563,569,576,580,586,593,597,603,610,614,620,627,631,637,644,648,654,661,665,671,678,682,688,695,699,705,712,716,722,729,733,739,746,750,763,770,774,780,787,791,797,804,808,814,821,825,830,837,841,845,852,856,862,869,873,879,886,890,895,902,906,912,919,923,929,936,940,946,953,957,965,972,976,984,1077,1083,1092,1098,1107,1113,1122,1128,1137,1143,1152,1158,1167,1173,1182,1188,1197,1203,1212,1218,1227,1233,1242,1248,1257,1263,1272,1278,1287,1293,1302,1308,1317,1323,1332,1338,1347,1353,1362,1368,1377,1383,1392,1398,1407,1413,1422,1428,1437,1443,1452,1458,1467,1473,1482,1488,1497,1503,1512,1518,1527,1533,1542,1548,1557,1563,1572,1578,1587,1593,1602,1608,1617,1623,1632,1638,1647,1653,1663,1669,1678,1684,1693,1699,1708,1714,1723,1729,1738,1744,1753,1759,1768,1774,1783,1789,1798,1804,1813,1819,1828,1834,1843,1849
qt6/printsupport/gen_qpagesetupdialog.go
  s_64fea63fed100b::t_974d7d9e7ba587 18-22,276-280,305-309,335-339,367-371,398-402,427-431,454-458,481-485,508-512,538-542,568-572,598-602,628-632,658-662,692-696,721-725,753-757,782-786,811-815,843-847,873-877,903-907,933-937,963-967,993-997,1023-1027,1053-1057,1083-1087,1113-1117,1143-1147,1173-1177,1203-1207,1233-1237,1263-1267,1293-1297,1323-1327,1353-1357,1383-1387,1420-1424,1458-1462,1488-1492,1520-1524,1550-1554,1582-1586,1611-1615,1643-1647,1675-1679,1707-1711,1737-1741,1767-1771,1797-1801,1827-1831
qt6/printsupport/gen_qprintdialog.cpp
  s_64fea63fed100b::t_88a65299b17ff7 1-2,50,119,123,127,134,138,143,150,154,160,167,171,177,184,188,192,199,203,207,214,218,223,230,234,239,246,250,256,263,267,273,280,284,290,297,301,307,314,318,324,331,335,341,348,352,356,363,367,372,379,383,387,394,398,402,409,413,418,425,429,435,442,446,452,459,463,469,476,480,486,493,497,503,510,514,520,527,531,537,544,548,554,561,565,571,578,582,588,595,599,605,612,616,622,629,633,639,646,650,656,663,667,673,680,684,690,697,701,707,714,718,724,731,735,741,748,752,765,772,776,782,789,793,799,806,810,816,823,827,832,839,843,847,854,858,864,871,875,881,888,892,897,904,908,914,921,925,931,938,942,948,955,959,967,974,978,986,1081-1084,1087,1117,1123,1132,1138,1147,1153,1162,1168,1177,1183,1192,1198,1207,1213,1222,1228,1237,1243,1252,1258,1267,1273,1282,1288,1297,1303,1312,1318,1327,1333,1342,1348,1357,1363,1372,1378,1387,1393,1402,1408,1417,1423,1432,1438,1447,1453,1462,1468,1477,1483,1492,1498,1507,1513,1522,1528,1537,1543,1552,1558,1567,1573,1582,1588,1597,1603,1612,1618,1627,1633,1642,1648,1657,1663,1672,1678,1687,1693,1703,1709,1718,1724,1733,1739,1748,1754,1763,1769,1778,1784,1793,1799,1808,1814,1823,1829,1838,1844,1853,1859,1868,1874,1883,1889
qt6/printsupport/gen_qprintdialog.go
  s_64fea63fed100b::t_b89b9c9d4f72bb 18-22,137-140,322-326,351-355,378-382,408-412,440-444,471-475,500-504,527-531,554-558,584-588,614-618,644-648,674-678,704-708,738-742,767-771,799-803,828-832,857-861,889-893,919-923,949-953,979-983,1009-1013,1039-1043,1069-1073,1099-1103,1129-1133,1159-1163,1189-1193,1219-1223,1249-1253,1279-1283,1309-1313,1339-1343,1369-1373,1399-1403,1429-1433,1466-1470,1504-1508,1534-1538,1566-1570,1596-1600,1628-1632,1657-1661,1689-1693,1721-1725,1753-1757,1783-1787,1813-1817,1843-1847,1873-1877
qt6/printsupport/gen_qprintdialog.h
  s_64fea63fed100b::t_f3d369a6f72408 110
qt6/printsupport/gen_qprinter.cpp
  s_64fea63fed100b::t_b34200a1ccd161 1-2,27,55,59,63,70,74,78,85,89,93,100,104,110,117,121,128,135,139,146,153,157,163,170,174,183,190,194,202,209,213,219,226,230,235,242,246,250,546,552,561,567,576,582,591,597,606,612,621,627,636,642,651,657,666,672,681,687,696,702,711,717
qt6/printsupport/gen_qprinter.go
  s_64fea63fed100b::t_5f96930fb390e5 108-112,443-447,472-476,501-505,530-534,562-566,594-598,626-630,658-662,692-696,722-726,752-756,784-788
qt6/printsupport/gen_qprintpreviewdialog.cpp
  s_64fea63fed100b::t_960f6d585df47e 1-2,49,120,124,130,137,141,147,154,158,162,169,173,177,184,188,193,200,204,208,215,219,224,231,235,240,247,251,257,264,268,274,281,285,291,298,302,308,315,319,325,332,336,342,349,353,357,364,368,373,380,384,388,395,399,403,410,414,419,426,430,436,443,447,453,460,464,470,477,481,487,494,498,504,511,515,521,528,532,538,545,549,555,562,566,572,579,583,589,596,600,606,613,617,623,630,634,640,647,651,657,664,668,674,681,685,691,698,702,708,715,719,725,732,736,742,749,753,766,773,777,783,790,794,800,807,811,817,824,828,833,840,844,848,855,859,865,872,876,882,889,893,898,905,909,915,922,926,932,939,943,949,956,960,968,975,979,987,1069-1072,1075,1101,1107,1116,1122,1131,1137,1146,1152,1161,1167,1176,1182,1191,1197,1206,1212,1221,1227,1236,1242,1251,1257,1266,1272,1281,1287,1296,1302,1311,1317,1326,1332,1341,1347,1356,1362,1371,1377,1386,1392,1401,1407,1416,1422,1431,1437,1446,1452,1461,1467,1476,1482,1491,1497,1506,1512,1521,1527,1536,1542,1551,1557,1566,1572,1581,1587,1596,1602,1611,1617,1626,1632,1641,1647,1656,1662,1671,1677,1687,1693,1702,1708,1717,1723,1732,1738,1747,1753,1762,1768,1777,1783,1792,1798,1807,1813,1822,1828,1837,1843,1852,1858,1867,1873
qt6/printsupport/gen_qprintpreviewdialog.go
  s_64fea63fed100b::t_0c650b1b648ee9 18-22,129-132,310-314,340-344,372-376,403-407,432-436,459-463,488-492,515-519,542-546,572-576,602-606,632-636,662-666,692-696,726-730,755-759,787-791,816-820,845-849,877-881,907-911,937-941,967-971,997-1001,1027-1031,1057-1061,1087-1091,1117-1121,1147-1151,1177-1181,1207-1211,1237-1241,1267-1271,1297-1301,1327-1331,1357-1361,1387-1391,1417-1421,1454-1458,1492-1496,1522-1526,1554-1558,1584-1588,1616-1620,1645-1649,1677-1681,1709-1713,1741-1745,1771-1775,1801-1805,1831-1835,1861-1865
qt6/printsupport/gen_qprintpreviewdialog.h
  s_64fea63fed100b::t_f9b2999da42565 105
qt6/printsupport/gen_qprintpreviewwidget.cpp
  s_64fea63fed100b::t_ed184611d14fc3 1-2,48,115,119,125,132,136,140,147,151,155,162,166,170,177,181,186,193,197,201,208,212,216,223,227,232,239,243,249,256,260,266,273,277,283,290,294,300,307,311,317,324,328,334,341,345,351,358,362,368,375,379,385,392,396,402,409,413,419,426,430,436,443,447,453,460,464,470,477,481,487,494,498,504,511,515,521,528,532,538,545,549,555,562,566,572,579,583,589,596,600,606,613,617,623,630,634,640,647,651,664,671,675,681,688,692,698,705,709,715,722,726,731,738,742,746,753,757,763,770,774,780,787,791,796,803,807,813,820,824,830,837,841,847,854,858,864,871,875,883,890,894,902,1067-1070,1073,1080-1083,1085,1119,1125,1134,1140,1149,1155,1164,1170,1179,1185,1194,1200,1209,1215,1224,1230,1239,1245,1254,1260,1269,1275,1284,1290,1299,1305,1314,1320,1329,1335,1344,1350,1359,1365,1374,1380,1389,1395,1404,1410,1419,1425,1434,1440,1449,1455,1464,1470,1479,1485,1494,1500,1509,1515,1524,1530,1539,1545,1554,1560,1569,1575,1584,1590,1599,1605,1615,1621,1630,1636,1645,1651,1660,1666,1675,1681,1690,1696,1705,1711,1720,1726,1735,1741,1750,1756,1765,1771,1780,1786,1795,1801,1810,1816
qt6/printsupport/gen_qprintpreviewwidget.go
  s_64fea63fed100b::t_f1dea2803e922f 34-38,225-228,247-250,421-425,451-455,482-486,513-517,542-546,574-578,603-607,632-636,664-668,694-698,724-728,754-758,784-788,814-818,844-848,874-878,904-908,934-938,964-968,994-998,1024-1028,1054-1058,1084-1088,1114-1118,1144-1148,1174-1178,1204-1208,1234-1238,1264-1268,1294-1298,1324-1328,1354-1358,1391-1395,1429-1433,1459-1463,1491-1495,1521-1525,1553-1557,1582-1586,1614-1618,1646-1650,1678-1682,1712-1716,1742-1746,1772-1776,1802-1806,1832-1836
qt6/printsupport/gen_qprintpreviewwidget.h
  s_64fea63fed100b::t_5cdc447f0a4d1a 123,125
qt6/qml/gen_qjsengine.cpp
  s_64fea63fed100b::t_fc84ca2037d81b 1-2,22,44,48,53,60,64,70,77,81,87,94,98,104,111,115,121,128,132,140,147,151,159,313-316,318,387,393,402,408,417,423,432,438,447,453,462,468,477,483
qt6/qml/gen_qjsengine.go
  s_64fea63fed100b::t_af99f3d73d20fa 34-38,248-251,430-434,462-466,496-500,526-530,556-560,586-590,616-620
qt6/qml/gen_qjsengine.h
  s_64fea63fed100b::t_7265e78ba9634c 67
qt6/qml/gen_qqmlabstracturlinterceptor.cpp
  s_64fea63fed100b::t_bae249999fb2da 1-2,12,26,30,39,58,64
qt6/qml/gen_qqmlabstracturlinterceptor.go
  s_64fea63fed100b::t_cbd56f33b9c662 27-31,80-84
qt6/qml/gen_qqmlapplicationengine.cpp
  s_64fea63fed100b::t_ccf96b9ff6d52f 1-2,27,54,58,63,70,74,80,87,91,97,104,108,114,121,125,131,138,142,150,157,161,169,284-287,293,300-303,308,339,345,354,360,369,375,384,390,399,405,414,420,429,435
qt6/qml/gen_qqmlapplicationengine.go
  s_64fea63fed100b::t_2f9c4a18e4da72 18-22,195-198,219-222,335-339,367-371,401-405,431-435,461-465,491-495,521-525
qt6/qml/gen_qqmlapplicationengine.h
  s_64fea63fed100b::t_d7d2ef0f2c66ea 60,62
qt6/qml/gen_qqmlcomponent.cpp
  s_64fea63fed100b::t_df648889ab003d 1-2,29,65,69,74,81,85,90,97,101,106,113,117,122,129,133,139,146,150,156,163,167,173,180,184,190,197,201,209,216,220,228,440-443,447,454-457,461,506,512,521,527,536,542,551,557,566,572,581,587,596,602,611,617,626,632,641,647
qt6/qml/gen_qqmlcomponent.go
  s_64fea63fed100b::t_2c06758182a149 34-38,327-330,349-352,546-550,578-582,610-614,637-641,669-673,703-707,733-737,763-767,793-797,823-827
qt6/qml/gen_qqmlcomponent.h
  s_64fea63fed100b::t_b88236b1df4a0d 85,87
qt6/qml/gen_qqmlcontext.cpp
  s_64fea63fed100b::t_d32562240e9197 1-2,26,49,53,58,65,69,75,82,86,92,99,103,109,116,120,126,133,137,145,152,156,164,317,323,332,338,347,353,362,368,377,383,392,398,407,413
qt6/qml/gen_qqmlcontext.go
  s_64fea63fed100b::t_70df347ba4d07b 18-22,285-289,317-321,351-355,381-385,411-415,441-445,471-475
qt6/qml/gen_qqmlengine.cpp
  s_64fea63fed100b::t_56cf1b0886e283 1-2,30,113,117,122,129,133,139,146,150,156,163,167,173,180,184,190,197,201,209,216,220,228,506-509,511,518-521,524,537-540,552,578,584,593,599,608,614,623,629,638,644,653,659,668,674
qt6/qml/gen_qqmlengine.go
  s_64fea63fed100b::t_e3a803e60dfeea 133-137,456-459,475-478,503-506,616-620,648-652,682-686,712-716,742-746,772-776,802-806
qt6/qml/gen_qqmlengine.h
  s_64fea63fed100b::t_403182813859d1 108,110,112
qt6/qml/gen_qqmlexpression.cpp
  s_64fea63fed100b::t_ca7a4518b62d94 1-2,25,52,56,61,68,72,78,85,89,95,102,106,112,119,123,129,136,140,148,155,159,167,313-316,318,353,359,368,374,383,389,398,404,413,419,428,434,443,449
qt6/qml/gen_qqmlexpression.go
  s_64fea63fed100b::t_e13b8c17c3c3ba 18-22,209-212,325-329,357-361,391-395,421-425,451-455,481-485,511-515
qt6/qml/gen_qqmlexpression.h
  s_64fea63fed100b::t_82226497a48333 72
qt6/qml/gen_qqmlextensioninterface.cpp
  s_64fea63fed100b::t_2be6e0f13c9d80 1-2,14,16,31,35,40,59,65,81,85,91,96,100,105,128,134,139,145
qt6/qml/gen_qqmlextensioninterface.go
  s_64fea63fed100b::t_ce14826e7f835b 12,18-22,71-75,110-114,167-171,194-198
qt6/qml/gen_qqmlextensionplugin.cpp
  s_64fea63fed100b::t_c2203e366324d5 1-2,26,37,59,63,68,73,77,82,89,93,100,107,111,116,123,127,133,140,144,150,157,161,167,174,178,184,191,195,203,210,214,222,306,312,317,323,332,338,347,353,362,368,377,383,392,398,407,413,422,428,437,443,508,512,519,526,530,535,542,546,552,559,563,569,576,580,586,593,597,603,610,614,622,629,633,641,713,719,728,734,743,749,758,764,773,779,788,794,803,809,818,824
qt6/qml/gen_qqmlextensionplugin.go
  s_64fea63fed100b::t_9556a965f128c9 18-22,195-199,226-230,255-259,288-292,320-324,354-358,384-388,414-418,444-448,474-478,512-516,681-685,714-718,746-750,780-784,810-814,840-844,870-874,900-904
qt6/qml/gen_qqmlfileselector.cpp
  s_64fea63fed100b::t_a6f0c37c246479 1-2,23,44,48,53,60,64,70,77,81,87,94,98,104,111,115,121,128,132,140,147,151,159,249,255,264,270,279,285,294,300,309,315,324,330,339,345
qt6/qml/gen_qqmlfileselector.go
  s_64fea63fed100b::t_550b65614067d1 18-22,202-206,234-238,268-272,298-302,328-332,358-362,388-392
qt6/qml/gen_qqmlincubator.cpp
  s_64fea63fed100b::t_15631ff4bfc91c 1-2,21,24,39,43,50,57,61,67,146,152,161,167,187,191,197,222,228
qt6/qml/gen_qqmlincubator.go
  s_64fea63fed100b::t_8603414e804c62 35-39,161-165,191-195,229-233,290-294
qt6/qml/gen_qqmlparserstatus.cpp
  s_64fea63fed100b::t_33efdb7f47f90f 1-2,11,26,30,34,39,43,47,70,76,81,87
qt6/qml/gen_qqmlparserstatus.go
  s_64fea63fed100b::t_de60d5fdfafdf4 12,18-22,73-77,94-98
qt6/qml/gen_qqmlpropertymap.cpp
  s_64fea63fed100b::t_d049e5551ebe50 1-2,23,46,50,65,72,76,81,88,92,98,105,109,115,122,126,132,139,143,149,156,160,168,175,179,187,316-319,332,358,364,374,380,389,395,404,410,419,425,434,440,449,455,464,470
qt6/qml/gen_qqmlpropertymap.go
  s_64fea63fed100b::t_02b5c1c9a15769 18-22,201-204,316-320,352-356,384-388,418-422,448-452,478-482,508-512,538-542
qt6/qml/gen_qqmlpropertymap.h
  s_64fea63fed100b::t_647d2671e1a08a 56
qt6/qml/gen_qqmlpropertyvaluesource.cpp
  s_64fea63fed100b::t_ce51ca2e81eed7 1-2,12,26,30,37,56,62
qt6/qml/gen_qqmlpropertyvaluesource.go
  s_64fea63fed100b::t_813486f86903c0 12,18-22,69-73
qt6/spatialaudio/gen_qambientsound.cpp
  s_64fea63fed100b::t_21e119b3db8364 1-2,22,46,50,55,62,66,72,79,83,89,96,100,106,113,117,123,130,134,142,149,153,161,241-244,246,253-256,258,265-268,270,277-280,282,320,326,335,341,350,356,365,371,380,386,395,401,410,416
qt6/spatialaudio/gen_qambientsound.go
  s_64fea63fed100b::t_be13dff6328272 25-29,132-135,151-154,170-173,189-192,303-307,335-339,369-373,399-403,429-433,459-463,489-493
qt6/spatialaudio/gen_qambientsound.h
  s_64fea63fed100b::t_9dbdc24e4124de 54,56,58,60
qt6/spatialaudio/gen_qaudioengine.cpp
  s_64fea63fed100b::t_eb8ad4c284d8b9 1-2,21,49,53,58,65,69,75,82,86,92,99,103,109,116,120,126,133,137,145,152,156,164,273-276,278,285-288,290,297-300,302,309-312,314,321-324,326,368,374,383,389,398,404,413,419,428,434,443,449,458,464
qt6/spatialaudio/gen_qaudioengine.go
  s_64fea63fed100b::t_6c89c0585d72b4 27-31,168-171,187-190,206-209,225-228,244-247,362-366,394-398,428-432,458-462,488-492,518-522,548-552
qt6/spatialaudio/gen_qaudioengine.h
  s_64fea63fed100b::t_2a345a1f09b7b8 59,61,63,65,67
qt6/spatialaudio/gen_qaudiolistener.cpp
  s_64fea63fed100b::t_d7d5d69c300333 1-2,19,39,43,48,55,59,65,72,76,82,89,93,99,106,110,116,123,127,135,142,146,154,196,202,211,217,226,232,241,247,256,262,271,277,286,292
qt6/spatialaudio/gen_qaudiolistener.go
  s_64fea63fed100b::t_2cff71a1b5ea16 18-22,153-157,185-189,219-223,249-253,279-283,309-313,339-343
qt6/spatialaudio/gen_qaudioroom.cpp
  s_64fea63fed100b::t_521832a07a3e08 1-2,23,51,55,60,67,71,77,84,88,94,101,105,111,118,122,128,135,139,147,154,158,166,275-278,280,287-290,292,299-302,304,311-314,316,323-326,328,335-338,340,347-350,352,359-362,364,390,396,405,411,420,426,435,441,450,456,465,471,480,486
qt6/spatialaudio/gen_qaudioroom.go
  s_64fea63fed100b::t_fcac461774f05f 58-62,197-200,216-219,235-238,254-257,273-276,292-295,311-314,330-333,432-436,464-468,498-502,528-532,558-562,588-592,618-622
qt6/spatialaudio/gen_qaudioroom.h
  s_64fea63fed100b::t_12386e405f1195 63,65,67,69,71,73,75,77
qt6/spatialaudio/gen_qspatialsound.cpp
  s_64fea63fed100b::t_4f7acffaabae51 1-2,24,58,62,67,74,78,84,91,95,101,108,112,118,125,129,135,142,146,154,161,165,173,334-337,339,346-349,351,358-361,363,370-373,375,382-385,387,394-397,399,406-409,411,418-421,423,430-433,435,442-445,447,454-457,459,466-469,471,478-481,483,490-493,495,533,539,548,554,563,569,578,584,593,599,608,614,623,629
qt6/spatialaudio/gen_qspatialsound.go
  s_64fea63fed100b::t_4aed95ad09a2f7 33-37,224-227,243-246,262-265,281-284,300-303,319-322,338-341,357-360,376-379,395-398,414-417,433-436,452-455,471-474,585-589,617-621,651-655,681-685,711-715,741-745,771-775
qt6/spatialaudio/gen_qspatialsound.h
  s_64fea63fed100b::t_9d902bcb2e7657 78,80,82,84,86,88,90,92,94,96,98,100,102,104
qt6/sql/gen_qsqldriver.cpp
  s_64fea63fed100b::t_879ee52371fb80 1-2,27,74,78,82,89,93,97,104,108,112,119,123,127,134,138,144,163,167,179,186,190,202,209,213,221,230,234,248,257,261,279,288,292,296,303,307,313,318,322,326,331,335,339,344,348,393,398,402,414,421,425,437,444,448,452,471,475,489,496,500,514,523,527,533,540,544,548,555,559,565,572,576,582,589,593,601,608,612,617,624,628,634,641,645,651,658,662,668,675,679,685,692,696,704,711,715,723,955-958,973,999,1005,1014,1020,1029,1035,1044,1050,1059,1065,1090,1096,1106,1112,1122,1128,1144,1150,1167,1173,1190,1196,1205,1211,1216,1222,1227,1233,1238,1244,1249,1255,1265,1271,1281,1287,1312,1318,1328,1334,1351,1357,1366,1372,1381,1387,1396,1402,1411,1417,1426,1432,1441,1447,1456,1462,1471,1477,1486,1492,1501,1507,1516,1522
qt6/sql/gen_qsqldriver.go
  s_64fea63fed100b::t_be4716939591a7 77-81,354-357,465-469,494-498,523-527,552-556,590-594,636-640,677-681,714-718,757-761,802-806,847-851,870-874,896-900,917-921,940-944,997-1001,1036-1040,1080-1084,1121-1125,1163-1167,1202-1206,1234-1238,1263-1267,1293-1297,1323-1327,1353-1357,1385-1389,1419-1423,1449-1453,1479-1483,1509-1513,1539-1543
qt6/sql/gen_qsqldriver.h
  s_64fea63fed100b::t_8b64dadd5110a1 81
qt6/sql/gen_qsqldriverplugin.cpp
  s_64fea63fed100b::t_28266847583454 1-2,21,43,47,59,64,68,73,80,84,90,97,101,107,114,118,124,131,135,141,148,152,160,167,171,179,251,257,262,268,277,283,292,298,307,313,322,328,337,343,352,358
qt6/sql/gen_qsqldriverplugin.go
  s_64fea63fed100b::t_eba151e732d8f7 18-22,178-182,213-217,245-249,279-283,309-313,339-343,369-373,399-403
qt6/sql/gen_qsqlquerymodel.cpp
  s_64fea63fed100b::t_ea2a23b3a145fa 1-2,36,95,99,106,113,117,124,131,135,143,150,154,162,169,173,184,191,195,204,211,215,224,231,235,240,247,251,259,266,270,277,284,288,292,307,311,316,323,327,334,341,345,354,361,365,374,381,385,397,404,408,415,422,426,437,444,448,455,468,472,494,501,505,512,519,523,527,546,550,564,571,575,587,594,598,602,609,613,617,624,628,637,644,648,657,664,668,681,688,692,705,712,716,724,731,735,742,749,753,767,781,785,792,799,803,812,819,823,827,834,838,843,850,854,859,866,870,875,882,886,892,899,903,909,916,920,926,933,937,943,950,954,962,969,973,981,1162,1168,1177,1183,1192,1198,1207,1213,1222,1228,1237,1243,1252,1258,1267,1273,1282,1288,1297,1303,1312,1318,1346,1352,1361,1367,1376,1382,1391,1397,1406,1412,1421,1427,1437,1443,1452,1458,1481,1487,1502,1508,1517,1523,1548,1554,1569,1575,1584,1590,1600,1606,1616,1622,1631,1637,1646,1652,1661,1667,1676,1682,1691,1697,1706,1712,1730,1736,1745,1751,1760,1766,1775,1781,1790,1796,1805,1811,1820,1826,1835,1841,1850,1856,1865,1871,1880,1886,1895,1901
qt6/sql/gen_qsqlquerymodel.go
  s_64fea63fed100b::t_bae4a0513394d3 18-22,571-575,603-607,637-641,673-677,709-713,747-751,783-787,819-823,846-850,876-880,921-925,970-974,999-1003,1033-1037,1071-1075,1107-1111,1147-1151,1179-1183,1228-1232,1288-1292,1335-1339,1376-1380,1419-1423,1459-1463,1499-1503,1528-1532,1557-1561,1593-1597,1629-1633,1669-1673,1709-1713,1743-1747,1783-1787,1830-1834,1862-1866,1896-1900,1925-1929,1952-1956,1979-1983,2011-2015,2045-2049,2075-2079,2105-2109,2135-2139,2165-2169
qt6/sql/gen_qsqlrelationaltablemodel.cpp
  s_64fea63fed100b::t_d3cac647599785 1-2,40,178,182,190,197,201,212,219,223,232,239,243,248,255,259,263,270,274,287,294,298,307,314,318,323,330,334,340,347,351,355,364,368,376,383,387,394,401,405,409,418,422,429,436,440,447,454,458,466,473,477,484,491,495,503,510,514,522,529,533,546,553,557,564,571,575,584,591,595,604,611,615,620,627,631,635,642,646,651,658,662,667,674,678,685,692,696,703,710,714,725,732,736,745,752,756,764,771,775,782,789,793,797,812,816,821,828,832,841,848,852,861,868,872,884,891,895,902,915,919,941,948,952,956,975,979,993,1000,1004,1016,1023,1027,1031,1038,1042,1046,1053,1057,1070,1077,1081,1094,1101,1105,1112,1119,1123,1137,1151,1155,1162,1169,1173,1182,1189,1193,1198,1205,1209,1214,1221,1225,1231,1238,1242,1248,1255,1259,1265,1272,1276,1282,1289,1293,1301,1308,1312,1320,1460,1466,1475,1481,1490,1496,1505,1511,1520,1526,1535,1541,1551,1557,1566,1572,1581,1587,1596,1602,1618,1624,1633,1639,1648,1654,1670,1676,1686,1692,1701,1707,1716,1722,1731,1737,1746,1752,1761,1767,1777,1783,1792,1798,1807,1813,1822,1828,1837,1843,1852,1858,1867,1873,1882,1888,1897,1903,1912,1918,1927,1933,1942,1948,1957,1963,1972,1978,2006,2012,2021,2027,2036,2042,2051,2057,2066,2072,2095,2101,2116,2122,2147,2153,2168,2174,2183,2189,2199,2205,2215,2221,2230,2236,2245,2251,2260,2266,2284,2290,2299,2305,2314,2320,2329,2335,2344,2350,2359,2365,2374,2380,2389,2395,2404,2410,2419,2425
qt6/sql/gen_qsqlrelationaltablemodel.go
  s_64fea63fed100b::t_f0ba8a812e533f 134-138,682-686,716-720,752-756,788-792,815-819,848-852,881-885,913-917,945-949,977-981,1009-1013,1043-1047,1077-1081,1109-1113,1141-1145,1175-1179,1211-1215,1241-1245,1273-1277,1309-1313,1342-1346,1374-1378,1410-1414,1446-1450,1478-1482,1507-1511,1534-1538,1568-1572,1600-1604,1632-1636,1670-1674,1706-1710,1736-1740,1781-1785,1830-1834,1859-1863,1897-1901,1933-1937,1986-1990,2046-2050,2102-2106,2145-2149,2185-2189,2225-2229,2254-2258,2283-2287,2323-2327,2365-2369,2405-2409,2452-2456,2484-2488,2518-2522,2545-2549,2577-2581,2611-2615,2641-2645,2671-2675,2701-2705,2731-2735
qt6/sql/gen_qsqltablemodel.cpp
  s_64fea63fed100b::t_f6cfb44f89e9b3 1-2,38,114,118,131,138,142,149,156,160,168,175,179,190,197,201,208,215,219,227,234,238,243,250,254,261,268,272,280,287,291,299,306,310,323,330,334,341,348,352,361,368,372,381,388,392,401,408,412,418,425,429,433,440,444,449,456,460,464,471,475,480,487,491,499,506,510,517,524,528,533,540,544,548,557,561,565,574,578,585,592,596,603,610,614,625,632,636,645,652,656,664,671,675,682,689,693,697,712,716,721,728,732,741,748,752,761,768,772,784,791,795,802,815,819,841,848,852,856,875,879,893,900,904,916,923,927,931,938,942,946,953,957,970,977,981,994,1001,1005,1012,1019,1023,1037,1051,1055,1062,1069,1073,1082,1089,1093,1098,1105,1109,1114,1121,1125,1131,1138,1142,1148,1155,1159,1165,1172,1176,1182,1189,1193,1201,1208,1212,1220,1451-1454,1460,1467-1470,1475,1482-1485,1491,1498-1501,1504,1530,1536,1546,1552,1562,1568,1577,1583,1592,1598,1607,1613,1622,1628,1637,1643,1652,1658,1667,1673,1682,1688,1698,1704,1713,1719,1728,1734,1743,1749,1758,1764,1773,1779,1788,1794,1803,1809,1818,1824,1833,1839,1848,1854,1863,1869,1878,1884,1900,1906,1922,1928,1937,1943,1952,1958,1967,1973,1982,1988,1997,2003,2012,2018,2046,2052,2061,2067,2076,2082,2091,2097,2106,2112,2135,2141,2156,2162,2187,2193,2208,2214,2223,2229,2239,2245,2255,2261,2270,2276,2285,2291,2300,2306,2324,2330,2339,2345,2354,2360,2369,2375,2384,2390,2399,2405,2414,2420,2429,2435,2444,2450,2459,2465
qt6/sql/gen_qsqltablemodel.go
  s_64fea63fed100b::t_3b79cca3c920c2 26-30,273-276,297-300,319-322,343-346,782-786,815-819,849-853,883-887,919-923,953-957,989-993,1016-1020,1046-1050,1078-1082,1114-1118,1147-1151,1179-1183,1215-1219,1251-1255,1287-1291,1317-1321,1346-1350,1378-1382,1407-1411,1434-1438,1468-1472,1500-1504,1534-1538,1568-1572,1602-1606,1634-1638,1666-1670,1704-1708,1740-1744,1770-1774,1815-1819,1864-1868,1893-1897,1931-1935,1967-1971,2020-2024,2080-2084,2136-2140,2179-2183,2219-2223,2259-2263,2288-2292,2317-2321,2357-2361,2399-2403,2439-2443,2486-2490,2518-2522,2552-2556,2579-2583,2611-2615,2645-2649,2675-2679,2705-2709,2735-2739,2765-2769
qt6/sql/gen_qsqltablemodel.h
  s_64fea63fed100b::t_92d907b900e135 105,107,109,111
qt6/statemachine/gen_qabstractstate.cpp
  s_64fea63fed100b::t_b8275179e6d0b4 1-2,20,67-70,73,98-101,103,106-109,111
qt6/statemachine/gen_qabstractstate.go
  s_64fea63fed100b::t_cecfda44402f20 18-22,93-96,133-136,149-152
qt6/statemachine/gen_qabstractstate.h
  s_64fea63fed100b::t_d4aa726a5f5218 43,50-51
qt6/statemachine/gen_qabstracttransition.cpp
  s_64fea63fed100b::t_f5c1fbe421f3a9 1-2,25,51,55,60,65,69,74,79,83,88,95,99,105,112,116,122,129,133,139,146,150,156,163,167,175,182,186,194,330,336,341,347,352,358,367,373,382,388,397,403,412,418,427,433,442,448,500-503,505,508-511,513,516-519,521
qt6/statemachine/gen_qabstracttransition.go
  s_64fea63fed100b::t_5460a865129e56 25-29,239-243,265-269,295-299,327-331,361-365,391-395,421-425,451-455,481-485,504-507,520-523,536-539
qt6/statemachine/gen_qabstracttransition.h
  s_64fea63fed100b::t_c773d0b07d44f7 90-92
qt6/statemachine/gen_qeventtransition.cpp
  s_64fea63fed100b::t_5a6025555c4162 1-2,22,47,51,56,63,67,73,80,84,89,96,100,106,113,117,123,130,134,140,147,151,157,164,168,176,183,187,195,287,293,302,308,317,323,332,338,347,353,362,368,377,383,392,398,407,413
qt6/statemachine/gen_qeventtransition.go
  s_64fea63fed100b::t_aaa29b7100fccc 18-22,204-208,236-240,266-270,298-302,332-336,362-366,392-396,422-426,452-456
qt6/statemachine/gen_qfinalstate.cpp
  s_64fea63fed100b::t_c3410ab5fb2724 1-2,22,45,49,55,62,66,72,79,83,88,95,99,105,112,116,122,129,133,139,146,150,156,163,167,175,182,186,194,261,267,276,282,291,297,306,312,321,327,336,342,351,357,366,372,381,387
qt6/statemachine/gen_qfinalstate.go
  s_64fea63fed100b::t_5360cd0d370566 18-22,176-180,206-210,236-240,268-272,302-306,332-336,362-366,392-396,422-426
qt6/statemachine/gen_qhistorystate.cpp
  s_64fea63fed100b::t_26ec4bd23b9b26 1-2,23,51,55,61,68,72,78,85,89,94,101,105,111,118,122,128,135,139,145,152,156,162,169,173,181,188,192,200,300,306,315,321,330,336,345,351,360,366,375,381,390,396,405,411,420,426,478-481,483,486-489,491,494-497,499
qt6/statemachine/gen_qhistorystate.go
  s_64fea63fed100b::t_3c33d773b0aa3e 25-29,219-223,249-253,279-283,311-315,345-349,375-379,405-409,435-439,465-469,488-491,504-507,520-523
qt6/statemachine/gen_qhistorystate.h
  s_64fea63fed100b::t_62b0f44a97fa62 85-87
qt6/statemachine/gen_qkeyeventtransition.cpp
  s_64fea63fed100b::t_66b5d40126db87 1-2,23,48,52,58,65,69,74,81,85,90,97,101,107,114,118,124,131,135,141,148,152,158,165,169,177,184,188,196,288,294,303,309,318,324,333,339,348,354,363,369,378,384,393,399,408,414
qt6/statemachine/gen_qkeyeventtransition.go
  s_64fea63fed100b::t_663dcdafe5e157 18-22,204-208,234-238,266-270,298-302,332-336,362-366,392-396,422-426,452-456
qt6/statemachine/gen_qmouseeventtransition.cpp
  s_64fea63fed100b::t_d7874c8c1f8238 1-2,24,49,53,59,66,70,75,82,86,91,98,102,108,115,119,125,132,136,142,149,153,159,166,170,178,185,189,197,298,304,313,319,328,334,343,349,358,364,373,379,388,394,403,409,418,424
qt6/statemachine/gen_qmouseeventtransition.go
  s_64fea63fed100b::t_8646cfb7982711 18-22,214-218,244-248,276-280,308-312,342-346,372-376,402-406,432-436,462-466
qt6/statemachine/gen_qsignaltransition.cpp
  s_64fea63fed100b::t_fbdcd9da751516 1-2,23,50,54,59,66,70,76,83,87,92,99,103,109,116,120,126,133,137,143,150,154,160,167,171,179,186,190,198,295,301,310,316,325,331,340,346,355,361,370,376,385,391,400,406,415,421,473-476,478,481-484,486
qt6/statemachine/gen_qsignaltransition.go
  s_64fea63fed100b::t_4546e0ced0372a 18-22,218-222,250-254,280-284,312-316,346-350,376-380,406-410,436-440,466-470,489-492,505-508
qt6/statemachine/gen_qsignaltransition.h
  s_64fea63fed100b::t_3f57105ca694a9 81-82
qt6/statemachine/gen_qstate.cpp
  s_64fea63fed100b::t_20b6ac2e5ee99c 1-2,25,55,59,65,72,76,82,89,93,98,105,109,115,122,126,132,139,143,149,156,160,166,173,177,185,192,196,204,337,343,352,358,367,373,382,388,397,403,412,418,427,433,442,448,457,463,515-518,520,523-526,528,531-534,536,539-542,544,547-550,552
qt6/statemachine/gen_qstate.go
  s_64fea63fed100b::t_986b58752fc190 32-36,260-264,290-294,320-324,352-356,386-390,416-420,446-450,476-480,506-510,529-532,545-548,561-564,577-580,593-596
qt6/statemachine/gen_qstate.h
  s_64fea63fed100b::t_940d29a95de6cf 93-97
qt6/statemachine/gen_qstatemachine.cpp
  s_64fea63fed100b::t_be9933e4bb88f0 1-2,28,45,48,66,70,76,83,87,93,100,104,110,117,121,127,134,138,144,151,155,161,168,172,178,185,189,194,201,205,211,218,222,228,235,239,245,252,256,264,271,275,283,456-459,462,492,498,507,513,522,528,537,543,552,558,567,573,582,588,597,603,612,618,627,633,642,648,657,663,672,678,730-733,735,738-741,743,759,763,769,776,780,784,836,842,851,857,878,882,888,895,899,903,936,942,951,957
qt6/statemachine/gen_qstatemachine.go
  s_64fea63fed100b::t_2697d8bb704765 35-39,227-230,336-340,370-374,400-404,430-434,460-464,490-494,520-524,550-554,582-586,612-616,642-646,672-676,702-706,725-728,741-744,771-775,860-864,890-894,927-931,998-1002,1028-1032
qt6/statemachine/gen_qstatemachine.h
  s_64fea63fed100b::t_831f617c49b07c 86,130-131
qt6/svg/gen_qgraphicssvgitem.cpp
  s_64fea63fed100b::t_4482a83555f8da 1-2,39,97,101,105,112,116,124,131,135,139,146,150,155,162,166,172,179,183,189,196,200,206,213,217,223,230,234,242,249,253,261,268,272,278,285,289,293,300,304,311,318,322,329,336,340,349,356,360,365,372,376,380,387,391,397,404,408,413,420,424,430,437,441,447,454,458,464,471,475,481,488,492,498,505,509,515,522,526,532,539,543,549,556,560,566,573,577,583,590,594,600,607,611,617,624,628,634,641,645,651,658,662,668,675,679,685,692,696,702,709,713,719,726,730,736,743,747,756,763,767,773,780,784,794,801,805,812,945,951,960,966,975,981,990,996,1005,1011,1020,1026,1035,1041,1050,1056,1065,1071,1080,1086,1095,1101,1110,1116,1125,1131,1140,1146,1155,1161,1170,1176,1185,1191,1200,1206,1215,1221,1230,1236,1245,1251,1260,1266,1275,1281,1290,1296,1305,1311,1320,1326,1335,1341,1350,1356,1365,1371,1380,1386,1395,1401,1410,1416,1425,1431,1440,1446,1455,1461,1470,1476,1485,1491,1500,1506,1515,1521,1530,1536,1545,1551,1560,1566
qt6/svg/gen_qgraphicssvgitem.go
  s_64fea63fed100b::t_08d44febf7dbef 24-28,307-311,336-340,370-374,399-403,431-435,465-469,495-499,525-529,555-559,585-589,615-619,647-651,676-680,708-712,742-746,776-780,810-814,839-843,873-877,905-909,935-939,965-969,995-999,1025-1029,1055-1059,1085-1089,1115-1119,1145-1149,1175-1179,1205-1209,1235-1239,1265-1269,1295-1299,1325-1329,1355-1359,1385-1389,1415-1419,1447-1451,1481-1485,1515-1519,1547-1551,1581-1585
qt6/svg/gen_qsvggenerator.cpp
  s_64fea63fed100b::t_9c1ff196b1ef3c 1-2,22,41,45,49,56,60,66,73,77,81,88,92,98,105,109,114,121,125,129,234,240,249,255,264,270,279,285,294,300,309,315
qt6/svg/gen_qsvggenerator.go
  s_64fea63fed100b::t_6e9a01402f09fb 18-22,162-166,191-195,223-227,252-256,282-286,314-318
qt6/svg/gen_qsvgrenderer.cpp
  s_64fea63fed100b::t_d0c4eb6ad9a425 1-2,27,55,59,64,71,75,81,88,92,98,105,109,115,122,126,132,139,143,151,158,162,170,345-348,350,381,387,396,402,411,417,426,432,441,447,456,462,471,477
qt6/svg/gen_qsvgrenderer.go
  s_64fea63fed100b::t_903ddb2324fb85 18-22,280-283,390-394,422-426,456-460,486-490,516-520,546-550,576-580
qt6/svg/gen_qsvgrenderer.h
  s_64fea63fed100b::t_cc51c759945a8b 83
qt6/svg/gen_qsvgwidget.cpp
  s_64fea63fed100b::t_1ef4771558a372 1-2,48,111,115,119,126,130,136,143,147,151,158,162,168,175,179,183,190,194,199,206,210,214,221,225,229,236,240,245,252,256,262,269,273,279,286,290,296,303,307,313,320,324,330,337,341,347,354,358,364,371,375,381,388,392,398,405,409,415,422,426,432,439,443,449,456,460,466,473,477,483,490,494,500,507,511,517,524,528,534,541,545,551,558,562,568,575,579,585,592,596,602,609,613,619,626,630,636,643,647,660,667,671,677,684,688,694,701,705,711,718,722,727,734,738,742,749,753,759,766,770,776,783,787,792,799,803,809,816,820,826,833,837,843,850,854,860,867,871,879,886,890,898,998,1004,1013,1019,1028,1034,1043,1049,1058,1064,1073,1079,1088,1094,1103,1109,1118,1124,1133,1139,1148,1154,1163,1169,1178,1184,1193,1199,1208,1214,1223,1229,1238,1244,1253,1259,1268,1274,1283,1289,1298,1304,1313,1319,1328,1334,1343,1349,1358,1364,1373,1379,1388,1394,1403,1409,1418,1424,1433,1439,1448,1454,1463,1469,1478,1484,1494,1500,1509,1515,1524,1530,1539,1545,1554,1560,1569,1575,1584,1590,1599,1605,1614,1620,1629,1635,1644,1650,1659,1665,1674,1680,1689,1695
qt6/svg/gen_qsvgwidget.go
  s_64fea63fed100b::t_99e7d4b13af573 18-22,291-295,320-324,350-354,379-383,411-415,440-444,472-476,501-505,530-534,562-566,592-596,622-626,652-656,682-686,712-716,742-746,772-776,802-806,832-836,862-866,892-896,922-926,952-956,982-986,1012-1016,1042-1046,1072-1076,1102-1106,1132-1136,1162-1166,1192-1196,1222-1226,1259-1263,1297-1301,1327-1331,1359-1363,1389-1393,1421-1425,1450-1454,1482-1486,1514-1518,1546-1550,1580-1584,1610-1614,1640-1644,1670-1674,1700-1704
qt6/uitools/gen_quiloader.cpp
  s_64fea63fed100b::t_19212e2a52b29f 1-2,27,52,56,77,84,88,109,116,120,133,140,144,157,164,168,173,180,184,190,197,201,207,214,218,224,231,235,241,248,252,260,267,271,279,480,486,497,503,514,520,530,536,546,552,561,567,576,582,591,597,606,612,621,627,636,642
qt6/uitools/gen_quiloader.go
  s_64fea63fed100b::t_e8e5265b899775 18-22,316-320,365-369,410-414,451-455,488-492,520-524,554-558,584-588,614-618,644-648,674-678
qt6/webchannel/gen_qwebchannel.cpp
  s_64fea63fed100b::t_e0b23881b80fcd 1-2,22,44,48,53,60,64,70,77,81,87,94,98,104,111,115,121,128,132,140,147,151,159,269-272,275,309,315,324,330,339,345,354,360,369,375,384,390,399,405
qt6/webchannel/gen_qwebchannel.go
  s_64fea63fed100b::t_d264b73a50d9a4 18-22,161-164,274-278,306-310,340-344,370-374,400-404,430-434,460-464
qt6/webchannel/gen_qwebchannel.h
  s_64fea63fed100b::t_e5ff4670b78151 52
qt6/webchannel/gen_qwebchannelabstracttransport.cpp
  s_64fea63fed100b::t_f79a2f10c5fbe7 1-2,21,44,48,55,60,64,69,76,80,86,93,97,103,110,114,120,127,131,137,144,148,156,163,167,175,227-230,236,262,268,273,279,288,294,303,309,318,324,333,339,348,354,363,369
qt6/webchannel/gen_qwebchannelabstracttransport.go
  s_64fea63fed100b::t_486e3c4ba897dd 18-22,97-100,198-202,228-232,260-264,294-298,324-328,354-358,384-388,414-418
qt6/webchannel/gen_qwebchannelabstracttransport.h
  s_64fea63fed100b::t_55960b73f0d462 45
qt6/webchannel/qmlwebchannel/gen_qqmlwebchannel.cpp
  s_64fea63fed100b::t_89d64af8e3caba 1-2,23,44,48,53,60,64,70,77,81,87,94,98,104,111,115,121,128,132,140,147,151,159,245,251,260,266,275,281,290,296,305,311,320,326,335,341
qt6/webchannel/qmlwebchannel/gen_qqmlwebchannel.go
  s_64fea63fed100b::t_f7a78e06d0f585 19-23,208-212,240-244,274-278,304-308,334-338,364-368,394-398
qt6/webengine/gen_qwebenginecookiestore.cpp
  s_64fea63fed100b::t_29f3cd73dda83c 1-2,20,74-77,82,89-92,97
qt6/webengine/gen_qwebenginecookiestore.go
  s_64fea63fed100b::t_e65c78c244dd84 19-23,102-105,124-127
qt6/webengine/gen_qwebenginecookiestore.h
  s_64fea63fed100b::t_076e9a7e81b07a 49,51
qt6/webengine/gen_qwebenginedownloadrequest.cpp
  s_64fea63fed100b::t_960f08b6a46f11 1-2,19,195-198,202,209-212,214,221-224,226,233-236,238,245-248,250,257-260,262,269-272,274,281-284,286,293-296,298
qt6/webengine/gen_qwebenginedownloadrequest.go
  s_64fea63fed100b::t_843ad6615a5577 66-70,246-249,268-271,287-290,306-309,325-328,344-347,363-366,382-385,401-404
qt6/webengine/gen_qwebenginedownloadrequest.h
  s_64fea63fed100b::t_86e8c96372ef5b 61,63,65,67,69,71,73,75,77
qt6/webengine/gen_qwebenginenavigationrequest.cpp
  s_64fea63fed100b::t_72fa9ecaae9826 1-2,18,72-75,77
qt6/webengine/gen_qwebenginenavigationrequest.go
  s_64fea63fed100b::t_c4ec6c74209688 37-41,122-125
qt6/webengine/gen_qwebenginenavigationrequest.h
  s_64fea63fed100b::t_6f7f5cc9bd219f 41
qt6/webengine/gen_qwebenginenotification.cpp
  s_64fea63fed100b::t_09e3b0222396cc 1-2,19,125-128,130
qt6/webengine/gen_qwebenginenotification.go
  s_64fea63fed100b::t_ae0b45e8a8928d 18-22,141-144
qt6/webengine/gen_qwebenginenotification.h
  s_64fea63fed100b::t_0e8e5190334a27 49
qt6/webengine/gen_qwebenginepage.cpp
  s_64fea63fed100b::t_a444036d6fb19d 1-2,48,114,118,126,133,137,142,149,153,159,166,170,210,229,233,249,256,260,275,282,286,310,317,321,331,338,342,348,355,359,365,372,376,382,389,393,399,406,410,418,425,429,437,720-723,725,732-735,738,745-748,751,758-761,766,774-777,787,794-797,799,806-809,814,821-824,826,833-836,843,850-853,860,867-870,873,880-883,886,893-896,899,906-909,912,919-922,928,936-939,953,960-963,968,975-978,983,990-993,998,1005-1008,1013,1021-1024,1034,1041-1044,1049,1056-1059,1064,1071-1074,1079,1086-1089,1094,1101-1104,1109,1116-1119,1122,1129-1132,1135,1142-1145,1149,1157-1160,1171,1178-1181,1183,1190-1193,1196,1203-1206,1210,1217-1220,1224,1231-1234,1239,1246-1249,1251,1328,1334,1343,1349,1358,1364,1373,1379,1418,1424,1434,1440,1450,1456,1467,1473,1482,1488,1497,1503,1512,1518,1527,1533,1542,1548,1557,1563
qt6/webengine/gen_qwebenginepage.go
  s_64fea63fed100b::t_9b043c307bd565 155-159,493-496,512-515,534-537,556-559,582-585,607-610,626-629,648-651,667-670,691-694,715-718,739-742,763-766,787-790,811-814,839-842,868-871,892-895,914-917,936-939,962-965,987-990,1009-1012,1031-1034,1053-1056,1075-1078,1097-1100,1119-1122,1141-1144,1167-1170,1193-1196,1212-1215,1234-1237,1256-1259,1278-1281,1300-1303,1492-1496,1524-1528,1556-1560,1617-1621,1683-1687,1722-1726,1767-1771,1808-1812,1844-1848,1878-1882,1908-1912,1938-1942,1968-1972,1998-2002
qt6/webengine/gen_qwebenginepage.h
  s_64fea63fed100b::t_ba51fa5538eb3e 146,148,150,152,154,156,158,160,162,164,166,168,170,172,174,176,178,180,182,184,186,188,190,192,194,196,198,200,202,204,206,208,210,212,214,216
qt6/webengine/gen_qwebengineprofile.cpp
  s_64fea63fed100b::t_4b72d05fa35ddd 1-2,30,54,58,63,70,74,80,87,91,97,104,108,114,121,125,131,138,142,150,157,161,169,456-459,462,488,494,503,509,518,524,533,539,548,554,563,569,578,584
qt6/webengine/gen_qwebengineprofile.go
  s_64fea63fed100b::t_30ef829b8c1b61 34-38,361-364,466-470,498-502,532-536,562-566,592-596,622-626,652-656
qt6/webengine/gen_qwebengineprofile.h
  s_64fea63fed100b::t_b7bba071182169 97
qt6/webengine/gen_qwebengineurlrequestinterceptor.cpp
  s_64fea63fed100b::t_b97eab2764eb34 1-2,21,43,47,54,59,63,68,75,79,85,92,96,102,109,113,119,126,130,136,143,147,155,162,166,174,245,251,256,262,271,277,286,292,301,307,316,322,331,337,346,352
qt6/webengine/gen_qwebengineurlrequestinterceptor.go
  s_64fea63fed100b::t_fcf90f38184cfc 18-22,174-178,204-208,236-240,270-274,300-304,330-334,360-364,390-394
qt6/webengine/gen_qwebengineurlschemehandler.cpp
  s_64fea63fed100b::t_389551a22c1075 1-2,21,43,47,52,57,61,66,73,77,83,90,94,100,107,111,117,124,128,134,141,145,153,160,164,172,243,249,254,260,269,275,284,290,299,305,314,320,329,335,344,350
qt6/webengine/gen_qwebengineurlschemehandler.go
  s_64fea63fed100b::t_af2dc15b278023 18-22,174-178,204-208,236-240,270-274,300-304,330-334,360-364,390-394
qt6/webengine/gen_qwebengineview.cpp
  s_64fea63fed100b::t_157c63a3f26825 1-2,60,138,142,146,153,157,163,170,174,180,187,191,196,203,207,213,220,224,230,237,241,247,254,258,264,271,275,281,288,292,298,305,309,315,322,326,330,337,341,347,354,358,362,369,373,378,385,389,393,400,404,408,415,419,425,432,436,442,449,453,459,466,470,476,483,487,493,500,504,510,517,521,527,534,538,544,551,555,561,568,572,578,585,589,595,602,606,612,619,623,629,636,640,646,653,657,663,670,674,680,687,691,704,711,715,721,728,732,738,745,749,755,762,766,771,778,782,786,793,797,803,810,814,820,827,831,836,843,847,853,860,864,870,877,881,887,894,898,904,911,915,923,930,934,942,1150-1153,1155,1162-1165,1168,1175-1178,1181,1189-1192,1202,1209-1212,1214,1221-1224,1229,1236-1239,1244,1251-1254,1259,1266-1269,1274,1282-1285,1296,1303-1306,1308,1315-1318,1321,1383,1389,1398,1404,1413,1419,1428,1434,1443,1449,1458,1464,1473,1479,1488,1494,1503,1509,1518,1524,1533,1539,1548,1554,1563,1569,1578,1584,1593,1599,1608,1614,1623,1629,1638,1644,1653,1659,1668,1674,1683,1689,1698,1704,1713,1719,1728,1734,1743,1749,1758,1764,1773,1779,1788,1794,1803,1809,1818,1824,1833,1839,1848,1854,1863,1869,1878,1884,1894,1900,1909,1915,1924,1930,1939,1945,1954,1960,1969,1975,1984,1990,1999,2005,2014,2020,2029,2035,2044,2050,2059,2065,2074,2080,2089,2095
qt6/webengine/gen_qwebengineview.go
  s_64fea63fed100b::t_d21553c1c46307 19-23,271-274,290-293,312-315,338-341,363-366,382-385,404-407,426-429,448-451,476-479,502-505,521-524,758-762,787-791,819-823,849-853,881-885,911-915,941-945,971-975,1001-1005,1031-1035,1061-1065,1091-1095,1120-1124,1152-1156,1181-1185,1213-1217,1242-1246,1271-1275,1301-1305,1331-1335,1361-1365,1391-1395,1421-1425,1451-1455,1481-1485,1511-1515,1541-1545,1571-1575,1601-1605,1631-1635,1661-1665,1691-1695,1721-1725,1758-1762,1796-1800,1826-1830,1858-1862,1888-1892,1920-1924,1949-1953,1981-1985,2013-2017,2045-2049,2079-2083,2109-2113,2139-2143,2169-2173,2199-2203
qt6/webengine/gen_qwebengineview.h
  s_64fea63fed100b::t_636d2c09614500 154,156,158,160,162,164,166,168,170,172,174,176
qt6/websockets/gen_qmaskgenerator.cpp
  s_64fea63fed100b::t_f2ba23b9b6bb39 1-2,16,39,43,47,52,56,60,65,69,74,81,85,91,98,102,108,115,119,125,132,136,142,149,153,161,168,172,180,215,221,226,232,237,243,252,258,267,273,282,288,297,303,312,318,327,333
qt6/websockets/gen_qmaskgenerator.go
  s_64fea63fed100b::t_25ca5847e2b62f 18-22,137-141,160-164,189-193,221-225,255-259,285-289,315-319,345-349,375-379
qt6/websockets/gen_qwebsocket.cpp
  s_64fea63fed100b::t_d4549e7921ea8b 1-2,32,74,78,83,90,94,100,107,111,117,124,128,134,141,145,151,158,162,170,177,181,189,523-526,528,535-538,540,547-550,552,559-562,566,573-576,582,589-592,594,602-605,616,624-627,636,644-647,657,665-668,676,683-686,690,698-701,711,718-721,725,732-735,740,753-756,768,775-778,781,789-792,806,814-817,831,838-841,846,886,892,901,907,916,922,931,937,946,952,961,967,976,982
qt6/websockets/gen_qwebsocket.go
  s_64fea63fed100b::t_5508f0021fe22b 19-23,375-378,394-397,413-416,432-435,454-457,478-481,501-504,534-537,564-567,596-599,621-624,650-653,677-680,699-702,727-730,757-760,783-786,816-819,845-848,973-977,1005-1009,1039-1043,1069-1073,1099-1103,1129-1133,1159-1163
qt6/websockets/gen_qwebsocket.h
  s_64fea63fed100b::t_e0063ee8691b27 116,118,120,122,124,126,128,130,132,134,136,138,140,142,144,146,148,150,152
qt6/websockets/gen_qwebsocketserver.cpp
  s_64fea63fed100b::t_d94ccb3149b9c3 1-2,30,63,67,71,78,82,87,94,98,104,111,115,121,128,132,138,145,149,155,162,166,174,181,185,193,429-432,436,443-446,450,457-460,463,470-473,475,482-485,490,503-506,518,525-528,531,539-542,556,564-567,581,588-591,596,603-606,608,642,648,657,663,672,678,687,693,702,708,717,723,732,738,747,753
qt6/websockets/gen_qwebsocketserver.go
  s_64fea63fed100b::t_91e1754634b06a 26-30,284-287,306-309,328-331,350-353,369-372,397-400,427-430,453-456,486-489,515-518,537-540,647-651,676-680,708-712,742-746,772-776,802-806,832-836,862-866
qt6/websockets/gen_qwebsocketserver.h
  s_64fea63fed100b::t_fe2724cb32f4e1 93,95,97,99,101,103,105,107,109,111,113
---
{
  "schema_version": "authorship/3.0.0",
  "git_ai_version": "1.6.23",
  "base_commit_sha": "bb6fe2f3c945954070406ae68f8744c0fde8198a",
  "prompts": {},
  "sessions": {
    "s_64fea63fed100b": {
      "agent_id": {
        "tool": "codex",
        "id": "01a065ca-ada4-7b03-a69b-c6bf4de41004",
        "model": "gpt-5.6-sol"
      },
      "human_author": "doublemine <doublemine@doubleminedeMacBook-Pro.local>"
    }
  }
}